,,,,,,,,,,,,,,,,,,,,,,,,,,,,,,,,,,,,,,,,,,,,,,,,,,,,,,,,,,,,,,,,,,,,,,,,,,,,,,,,,,,,,,,,,,,,,,,,,,,,,,,,,,,,,,,,,,,,,,,,,,,,,,,,,,,,,,,,,,,,,,,,,,,,,,,,,,,,,,,,,,,,,,,,,,,,
,,,,,,,,,,,,,,,,,,,,,,,,,,,,,,,,,,,,,,,,,,,,,,,,,,,,,,,,,,,,,,,,,,,,,,,,,,,,,,,,,,,,,,,,,,,,,,,,,,,,,,,,,,,,,,,,,,,,,,,,,,,,,,,,,,,,,,,,,,,,,,,,,,,,,,,,,,,,,,,,,,,,,,,,,,,,
,,,,,,,,,,,,,,,,,,,,,,,,,,,,,,,,,,,,,,,,,,,,,,,,,,,,,,,,,,,,,,,,,,,,,,,,,,,,,,,,,,,,,,,,,,,,,,,,,,,,,,,,,,,,,,,,,,,,,,,,,,,,,,,,,,,,,,,,,,,,,,,,,,,,,,,,,,,,,,,,,,,,,,,,,,,,
,,,,,º,º,ª,ººº,,ª,ºª,,Ç,,º,,,,,,,,,,,,,,,,,,,,,,,,,,,,,,,,,,,,,,,,,,,,,,,,,,,,,,,,,,,,,,,,,,,,,,,,,,,,,,,,,,,,,,,,,,,,,,,,,,,,,,,,,,,,,,,,,,,,,,,,,,,,,,,,,,,,,,,,,,,,,,,,,,,,,,,,,,,,,
,,,,,,,,,,,,,,,,,,,,,,,,,,,,,,,,,,,,,,,,,,Signed Date,,,,,,,,,,,,,,,,,,,,,,,,,,,,,,,,,,,,,,,,,,,,,,,,,,,,,,,,,,,,,,,,,,,,,,,,,,,,,,,,,,,,,,,,,,,,,,,,,,,,,,,,,,,,,,,,,,,,,,,,,,,,,,,,,,
,,,,,,,,,,,,,,,,,,,,,,,,,,,,,,,,,,,,,,,,,,2/4/2025,,,,,,,,,,,,,,,,,,,,,,,,,,,,,,,,,,,,,,,,,,,,,,,,,,,,,,,,,,,,,,,,,,,,,,,,,,,,,,,,,,,,,,,,,,,,,,,,,,,,,,,,,,,,,,,,,,,,,,,,,,,,,,,,,,
,,,,,,,,,,,,,,,,,,,,,,,,,,,,,,,,,,,,,,,,,,,,,,,,,,,,,,,,,,,,,,,,,,,,,,,,,,,,,,,,,,,,,,,,,,,,,,,,,,,,,,,,,,,,,,,,,,,,,,,,,,,,,,,,,,,,,,,,,,,,,,,,,,,,,,,,,,,,,,,,,,,,,,,,,,,,
,,ONLY LET,756,Contratos vencidos a,82.17%,,silvop,513,510,,,,,,8/20/2026,,,,,,,,,,,,,,,,,,,,,,,,,,,,,,,,,,,,,,,,,,,,,,,,,,,,,,,,,,,,,,,,,,,,,,,,,,,,,,,,,,,,,,,,,,,,,,,,,,,,,,,,,,,,,,,,,,,,,,,,,,,,,,,,,,,,,,,,,,,,,,,,,,,,,,,,,,,,,
,,All Selected,975,,10/5/2026,,18,15,,,,,,,,,,,,,,,,,,,,,,,,,,,,,,,,,,,,,,,,,,,,,,,,,,,,,,,,,,,,,,,,,,,,,,,,,,,,,,,,,,,,,,,,,,,,,,,,,,,,,,,,,,,,,,,,,,,,,,,,,,,,,,,,,,,,,,,,,,,,,,,,,,,,,,,,,,,,,,,,,,,,
,,Occupancy (Automático),0,0.00%,,,,,,,,,,,,,,,,,,,,,,,,,,CALCULATION PURPOSES DO NOT TOUCH,,,,,,,,,,,,,,,,,,,,,,,,,,,,,,,,,,,,,,,,,,,,,,,,,,,,,,,,,,,,,,,,,,,,,,,,,,,,,,,,,,,,,,,,,,,,,,,,,,,,,,,,,,,,,,,,,,,,,,,,,,,,,,,,,,,,,,,,,,,,,,
#,Unique code,Deal ID (Hbt=Hsk),Category,Label,Label,1st Client Name,Last Name,2nd Client Name,Last Name,Guarantor,Unit Type,Unit Type CALCS,# Residents,Profile 1 (Student),Profile 2 (Student),Date Signed Contract,Contract Start,Original Check-Out,Move-Out,Deposit €,Executed Deposit,RENOVATION/UPGRADE,NC - After Renovation,,Headline Rent per month,Adenda,Other € mth,Creator € mth,RFP #mth,Days,Months,Signed before start?,dale,OWNER,Pago Unicamente Deposito,Promo Especifica,,Comentarios,1st Disc,"2nd Disc (11,12)","3rd Disc (5,10,15)",Total RI,Mth RI,,,,,,,,,,,,,,,,,,,,,,,,,,,,,,,,,,,,,,,,,,,,,,,,,,,,,,,,,,,,,,,,,,,,,,,,,,,,,,,,,,,,,,,,,,,,,,,,,,,,,,,,,,,,,,,,,,,,,,,,,,,,,,,,,
#REF!,NC_0049,,B2C,Signed,Expired,Juan Manuel,Perdomo,,,,Studio Comfort,,1,Worker,,,4/22/2025,,5/22/2025,€ 525.00,,,,,"1,050",,,,,30,1,yes,May-25,Clara Moran,,,,,0,,,0,0,,,,,,,,,,,,,,,,,,,,,,,,,,,,,,,,,,,,,,,,,,,,,,,,,,,,,,,,,,,,,,,,,,,,,,,,,,,,,,,,,,,,,,,,,,,,,,,,,,,,,,,,,,,,,,,,,,,,,,,,,,,,,,,,,
#REF!,NC_0079,,B2C,Signed,Expired,Nieves,Benaisa Cruz,,,,Studio Rooftop,,2,Worker,Worker,,4/22/2025,,5/22/2025,€ 618.00,N,,,,"1,235",,,,,30,1,yes,May-25,Belen Lopez,,,,,0,,,0,0,,,,,,,,,,,,,,,,,,,,,,,,,,,,,,,,,,,,,,,,,,,,,,,,,,,,,,,,,,,,,,,,,,,,,,,,,,,,,,,,,,,,,,,,,,,,,,,,,,,,,,,,,,,,,,,,,,,,,,,,,,,,,,,,,
#REF!,NC_0083,,B2C,Signed,Expired,Alex Evgenyievich,Barsov,,,,Studio Standard + Terrace,,1,Worker,,,4/22/2025,,5/22/2025,€ 548.00,N,,,,"1,095",,,,,30,1,yes,May-25,Jaime Orna,,,,,0,,,0,0,,,,,,,,,,,,,,,,,,,,,,,,,,,,,,,,,,,,,,,,,,,,,,,,,,,,,,,,,,,,,,,,,,,,,,,,,,,,,,,,,,,,,,,,,,,,,,,,,,,,,,,,,,,,,,,,,,,,,,,,,,,,,,,,,
#REF!,NC_0086,,B2C,Signed,Expired,Carlos,Miras Fernandez,,,,Studio Comfort,,1,Worker,,,4/27/2025,,5/27/2025,€ 533.00,N,,,,"1,065",,,,,30,1,yes,May-25,Clara Moran,,,,,0,,,0,0,,,,,,,,,,,,,,,,,,,,,,,,,,,,,,,,,,,,,,,,,,,,,,,,,,,,,,,,,,,,,,,,,,,,,,,,,,,,,,,,,,,,,,,,,,,,,,,,,,,,,,,,,,,,,,,,,,,,,,,,,,,,,,,,,
#REF!,NC_0060,,B2C,Signed,Expired,Cynthia,Calderon Morales,,,,Studio Standard + Terrace,,1,Worker,,,4/30/2025,,5/30/2025,€ 548.00,,,,,"1,095",,,,,30,1,yes,May-25,Jaime Orna,,,,,0,,,0,0,,,,,,,,,,,,,,,,,,,,,,,,,,,,,,,,,,,,,,,,,,,,,,,,,,,,,,,,,,,,,,,,,,,,,,,,,,,,,,,,,,,,,,,,,,,,,,,,,,,,,,,,,,,,,,,,,,,,,,,,,,,,,,,,,
1,NC_0001,,B2C,Signed,Expired,Nicolas,Theo Bijl,,,,Studio Rooftop,,1,Worker,,,4/22/2025,,5/31/2025,€ 568.00,N,,,,"1,135",,,,,39,1,yes,May-25,Jaime Orna,,,,,0,,,0,0,,,,,,,,,,,,,,,,,,,,,,,,,,,,,,,,,,,,,,,,,,,,,,,,,,,,,,,,,,,,,,,,,,,,,,,,,,,,,,,,,,,,,,,,,,,,,,,,,,,,,,,,,,,,,,,,,,,,,,,,,,,,,,,,,
#REF!,NC_0040,,B2C,Signed,Expired,Axel,Duric,,,,Studio Rooftop,,1,Worker,,,4/30/2025,4/28/2026,5/31/2025,€ 910.00,Y,,,,910,Adenda Firmada,,,,31,1,yes,May-25,Belen Lopez,,,,Se ha ido,0,,,0,0,,,,,,,,,,,,,,,,,,,,,,,,,,,,,,,,,,,,,,,,,,,,,,,,,,,,,,,,,,,,,,,,,,,,,,,,,,,,,,,,,,,,,,,,,,,,,,,,,,,,,,,,,,,,,,,,,,,,,,,,,,,,,,,,,
#REF!,NC_0048,,B2C,Signed,Expired,Ana Maria,Díaz Calleja,,,,Studio Standard + Terrace,,2,Worker,Worker,,4/30/2025,,5/31/2025,€ 598.00,N,,,,"1,195",,,,,31,1,yes,May-25,Belen Lopez,,,,,0,,,0,0,,,,,,,,,,,,,,,,,,,,,,,,,,,,,,,,,,,,,,,,,,,,,,,,,,,,,,,,,,,,,,,,,,,,,,,,,,,,,,,,,,,,,,,,,,,,,,,,,,,,,,,,,,,,,,,,,,,,,,,,,,,,,,,,,
#REF!,NC_0052,,B2C,Signed,Expired,Monica,Jimenez Mañero,,,,Studio Standard,,1,Worker,,,4/22/2025,6/23/2025,5/31/2025,€ 870.00,Y,,,,870,Adenda Firmada,,,,39,1,yes,May-25,Clara Moran,,,,"Terminación de estancia por traslado a otra ciudad, funcionaria",0,,,0,0,,,,,,,,,,,,,,,,,,,,,,,,,,,,,,,,,,,,,,,,,,,,,,,,,,,,,,,,,,,,,,,,,,,,,,,,,,,,,,,,,,,,,,,,,,,,,,,,,,,,,,,,,,,,,,,,,,,,,,,,,,,,,,,,,
#REF!,NC_0065,,B2C,Signed,Expired,Joseph,Barnes,,,,Studio Rooftop,,2,Worker,Worker,,4/24/2025,4/23/2026,5/31/2025,"€ 1,020.00",Y,,,,"1,020",Adenda Denegada,,,1-Dec,364,1,yes,May-25,Clara Moran,,,,Enviada adenda de cancelación,0,1020,,"47,284,140.00","47,284,140.00",,,,,,,,,,,,,,,,,,,,,,,,,,,,,,,,,,,,,,,,,,,,,,,,,,,,,,,,,,,,,,,,,,,,,,,,,,,,,,,,,,,,,,,,,,,,,,,,,,,,,,,,,,,,,,,,,,,,,,,,,,,,,,,,,
#REF!,NC_0094,,B2B,Signed,Expired,ERSHIP SAU,,,,,Studio Standard + Terrace,,1,Worker,,,5/1/2025,,5/31/2025,€ 550.00,N,,,,"1,100",,,,,30,1,yes,May-25,Clara Moran,,,,,0,,,0,0,,,,,,,,,,,,,,,,,,,,,,,,,,,,,,,,,,,,,,,,,,,,,,,,,,,,,,,,,,,,,,,,,,,,,,,,,,,,,,,,,,,,,,,,,,,,,,,,,,,,,,,,,,,,,,,,,,,,,,,,,,,,,,,,,
#REF!,NC_0077,,B2C,Signed,Expired,Bernadee Loni,Mccartney,,,,Studio Comfort,,1,Worker,,,4/22/2025,7/23/2025,6/1/2025,€ 970.00,Upgrade,Upgrade,,,970,Upgrade de Unidad,,,,92,1,yes,Jun-25,Belen Lopez,,,,,0,,,0,0,,,,,,,,,,,,,,,,,,,,,,,,,,,,,,,,,,,,,,,,,,,,,,,,,,,,,,,,,,,,,,,,,,,,,,,,,,,,,,,,,,,,,,,,,,,,,,,,,,,,,,,,,,,,,,,,,,,,,,,,,,,,,,,,,
#REF!,NC_0096,,B2C,Signed,Expired,Miguel,Fernandez Villalba,,,,Studio Standard + Terrace,,2,Worker,Worker,,5/6/2025,,6/6/2025,€ 605.00,N,,,,"1,210",,,,,31,1,yes,Jun-25,Clara Moran,,,,,0,,,0,0,,,,,,,,,,,,,,,,,,,,,,,,,,,,,,,,,,,,,,,,,,,,,,,,,,,,,,,,,,,,,,,,,,,,,,,,,,,,,,,,,,,,,,,,,,,,,,,,,,,,,,,,,,,,,,,,,,,,,,,,,,,,,,,,,
#REF!,NC_0037,,B2C,Signed,Expired,Paloma,Kishimoto,,,,Studio Comfort,,1,Student,,,4/22/2025,4/20/2026,6/10/2025,€ 845.00,Upgrade,Upgrade,,,845,Upgrade de Unidad,,,,49,2,yes,Jun-25,Clara Moran,,,,Upgrade a 2 bed NC_0171,0,,,0,0,,,,,,,,,,,,,,,,,,,,,,,,,,,,,,,,,,,,,,,,,,,,,,,,,,,,,,,,,,,,,,,,,,,,,,,,,,,,,,,,,,,,,,,,,,,,,,,,,,,,,,,,,,,,,,,,,,,,,,,,,,,,,,,,,
#REF!,NC_0106,,B2C,Signed,Expired,Vlada,Kosholova,,,,2 Bed (1/2) + Terrace,,2,Worker,Worker,,5/10/2025,,6/10/2025,€ 780.00,N,,,,"1,560",,,,,31,1,yes,Jun-25,Belen Lopez,,,,"Se ofrece ampliación 9/6, no responde",0,,,0,0,,,,,,,,,,,,,,,,,,,,,,,,,,,,,,,,,,,,,,,,,,,,,,,,,,,,,,,,,,,,,,,,,,,,,,,,,,,,,,,,,,,,,,,,,,,,,,,,,,,,,,,,,,,,,,,,,,,,,,,,,,,,,,,,,
#REF!,NC_0107,,B2C,Signed,Expired,Beatriz,Segui Garcia,,,,Studio Standard + Terrace,,1,Worker,,,5/14/2025,,6/14/2025,€ 555.00,N,,,,"1,110",,,,,31,1,yes,Jun-25,Jaime Orna,,,,,0,,,0,0,,,,,,,,,,,,,,,,,,,,,,,,,,,,,,,,,,,,,,,,,,,,,,,,,,,,,,,,,,,,,,,,,,,,,,,,,,,,,,,,,,,,,,,,,,,,,,,,,,,,,,,,,,,,,,,,,,,,,,,,,,,,,,,,,
#REF!,NC_0099,,B2C,Signed,Expired,Nicolas,Artime Bozinovic,,,,Studio Standard + Terrace,,1,Worker,,,5/17/2025,,6/17/2025,€ 555.00,,,,,"1,110",,,,,31,1,yes,Jun-25,Jaime Orna,,,,,0,,,0,0,,,,,,,,,,,,,,,,,,,,,,,,,,,,,,,,,,,,,,,,,,,,,,,,,,,,,,,,,,,,,,,,,,,,,,,,,,,,,,,,,,,,,,,,,,,,,,,,,,,,,,,,,,,,,,,,,,,,,,,,,,,,,,,,,
#REF!,NC_0109,,B2C,Signed,Expired,Mireia,Santacreu Guerrero,,,,Studio Standard + Terrace,,1,Worker,,,5/20/2025,,6/20/2025,€ 555.00,,Renovation,NC_0162,,"1,110",,,,,31,1,yes,Jun-25,Clara Moran,,,,,0,,,0,0,,,,,,,,,,,,,,,,,,,,,,,,,,,,,,,,,,,,,,,,,,,,,,,,,,,,,,,,,,,,,,,,,,,,,,,,,,,,,,,,,,,,,,,,,,,,,,,,,,,,,,,,,,,,,,,,,,,,,,,,,,,,,,,,,
#REF!,NC_0103,,B2C,Signed,Expired,Mariano Javier,Turek,,,,Studio Comfort,,1,Worker,,,5/19/2025,,6/22/2025,€ 538.00,N,,,,"1,075",,,,,34,1,yes,Jun-25,Jaime Orna,,,,,0,,,0,0,,,,,,,,,,,,,,,,,,,,,,,,,,,,,,,,,,,,,,,,,,,,,,,,,,,,,,,,,,,,,,,,,,,,,,,,,,,,,,,,,,,,,,,,,,,,,,,,,,,,,,,,,,,,,,,,,,,,,,,,,,,,,,,,,
#REF!,NC_0121,,B2C,Signed,Expired,Daniela,Herranz Lopez,,,,Studio Standard + Terrace,,1,Worker,,,5/22/2025,,6/22/2025,"€ 1,100.00",,Renovation,NC_0208,,"1,110",,,,,31,1,yes,Jun-25,Belen Lopez,,,,,0,,,0,0,,,,,,,,,,,,,,,,,,,,,,,,,,,,,,,,,,,,,,,,,,,,,,,,,,,,,,,,,,,,,,,,,,,,,,,,,,,,,,,,,,,,,,,,,,,,,,,,,,,,,,,,,,,,,,,,,,,,,,,,,,,,,,,,,
#REF!,NC_0123,,B2C,Signed,Expired,Jose Umberto,Monteverde Govea,,,,Studio Comfort,,1,Worker,,,5/25/2025,,6/24/2025,€ 538.00,,Renovation,NC_0216,,"1,075",,,,,30,1,yes,Jun-25,Belen Lopez,,,,,0,,,0,0,,,,,,,,,,,,,,,,,,,,,,,,,,,,,,,,,,,,,,,,,,,,,,,,,,,,,,,,,,,,,,,,,,,,,,,,,,,,,,,,,,,,,,,,,,,,,,,,,,,,,,,,,,,,,,,,,,,,,,,,,,,,,,,,,
#REF!,NC_0061,,B2C,Signed,Expired,Juan Pablo,Cuenca de Luis,,,,Studio Rooftop,,1,Worker,,,5/9/2025,,6/25/2025,€ 548.00,N,,,,"1,135",,,,,47,2,yes,Jun-25,Jaime Orna,,,,,0,,,0,0,,,,,,,,,,,,,,,,,,,,,,,,,,,,,,,,,,,,,,,,,,,,,,,,,,,,,,,,,,,,,,,,,,,,,,,,,,,,,,,,,,,,,,,,,,,,,,,,,,,,,,,,,,,,,,,,,,,,,,,,,,,,,,,,,
#REF!,NC_0135,,B2C,Signed,Expired,Joselyn Lizbeth,Armijos Guaman,Bartosz Hubert,Wojcik,,Studio Rooftop,,2,Worker,Worker,,5/27/2025,,6/26/2025,€ 625.00,,Renovation,NC_0220,,"1,250",,,,,30,1,yes,Jun-25,Belen Lopez,,,,,0,,,0,0,,,,,,,,,,,,,,,,,,,,,,,,,,,,,,,,,,,,,,,,,,,,,,,,,,,,,,,,,,,,,,,,,,,,,,,,,,,,,,,,,,,,,,,,,,,,,,,,,,,,,,,,,,,,,,,,,,,,,,,,,,,,,,,,,
#REF!,NC_0134,,B2C,Signed,Expired,Nora Elisabeth,Torres Hernandez,,,,Studio Standard + Terrace,,2,Worker,Worker,,5/29/2025,,6/28/2025,€ 605.00,,,,,"1,210",,,,,30,1,yes,Jun-25,Clara Moran,,,Pago estancia completa,,0,,,0,0,,,,,,,,,,,,,,,,,,,,,,,,,,,,,,,,,,,,,,,,,,,,,,,,,,,,,,,,,,,,,,,,,,,,,,,,,,,,,,,,,,,,,,,,,,,,,,,,,,,,,,,,,,,,,,,,,,,,,,,,,,,,,,,,,
#REF!,NC_0010,,B2C,Signed,Expired,Veronica,Callon,,,,Studio Standard,,1,Worker,,,4/22/2025,,6/29/2025,€ 470.00,N,,,,940,,,,,68,2,yes,Jun-25,Clara Moran,,,,Contactado ampliación 9/6. No porque termina el proyecto laboral,0,,,0,0,,,,,,,,,,,,,,,,,,,,,,,,,,,,,,,,,,,,,,,,,,,,,,,,,,,,,,,,,,,,,,,,,,,,,,,,,,,,,,,,,,,,,,,,,,,,,,,,,,,,,,,,,,,,,,,,,,,,,,,,,,,,,,,,,
#REF!,NC_0054,,B2C,Signed,Expired,Juan Luis,Gozalo,,,,2 Bed (1/2),,2,Worker,Worker,,5/25/2025,,6/29/2025,€ 608.00,N,,,,"1,522",,,,,35,1,yes,Jun-25,Belen Lopez,,,,,0,,,0,0,,,,,,,,,,,,,,,,,,,,,,,,,,,,,,,,,,,,,,,,,,,,,,,,,,,,,,,,,,,,,,,,,,,,,,,,,,,,,,,,,,,,,,,,,,,,,,,,,,,,,,,,,,,,,,,,,,,,,,,,,,,,,,,,,
#REF!,NC_0035,,B2C,Signed,Expired,Camila,Cascallares,,,,Studio Comfort,,2,Worker,Worker,,4/22/2025,,6/30/2025,€ 575.00,N,,,,"1,150",,,,,69,2,yes,Jun-25,Belen Lopez,,No renueva porque ella vuelve a Argentina y el precio para él solo es muy elevado,,,0,,,0,0,,,,,,,,,,,,,,,,,,,,,,,,,,,,,,,,,,,,,,,,,,,,,,,,,,,,,,,,,,,,,,,,,,,,,,,,,,,,,,,,,,,,,,,,,,,,,,,,,,,,,,,,,,,,,,,,,,,,,,,,,,,,,,,,,
#REF!,NC_0043,,B2C,Signed,Expired,Anas,Bouarramou,,,,Studio Comfort,,1,Worker,,,5/3/2025,7/27/2025,6/30/2025,€ 533.00,Y,,,,"1,065",Adenda Firmada,,,,85,2,yes,Jun-25,Jaime Orna,,,,,0,,,0,0,,,,,,,,,,,,,,,,,,,,,,,,,,,,,,,,,,,,,,,,,,,,,,,,,,,,,,,,,,,,,,,,,,,,,,,,,,,,,,,,,,,,,,,,,,,,,,,,,,,,,,,,,,,,,,,,,,,,,,,,,,,,,,,,,
#REF!,NC_0055,,B2C,Signed,Expired,Patricia,Peinado Recio,,,,Studio Standard,,1,Worker,,,4/22/2025,4/21/2026,6/30/2025,€ 755.00,Upgrade,Upgrade,,,755,Upgrade de Unidad,,,,69,2,yes,Jun-25,Belen Lopez,,,,,0,,,0,0,,,,,,,,,,,,,,,,,,,,,,,,,,,,,,,,,,,,,,,,,,,,,,,,,,,,,,,,,,,,,,,,,,,,,,,,,,,,,,,,,,,,,,,,,,,,,,,,,,,,,,,,,,,,,,,,,,,,,,,,,,,,,,,,,
#REF!,NC_0084,,B2C,Signed,Expired,Stepan,Nikolaevich Botalov,Oksana,anatolevne kalina,,Studio Rooftop,,2,Worker,Worker,,5/1/2025,,6/30/2025,€ 575.00,N,,,,"1,250",,,,,60,2,yes,Jun-25,Belen Lopez,,,,,0,,,0,0,,,,,,,,,,,,,,,,,,,,,,,,,,,,,,,,,,,,,,,,,,,,,,,,,,,,,,,,,,,,,,,,,,,,,,,,,,,,,,,,,,,,,,,,,,,,,,,,,,,,,,,,,,,,,,,,,,,,,,,,,,,,,,,,,
#REF!,NC_0137,,B2C,Signed,Expired,Tharife Nabil,Ahmad Al-Khuffash,,,,Studio Comfort,,1,Worker,,,5/28/2025,,6/30/2025,€ 538.00,,Renovation,NC_0236,,"1,075",,,,,33,1,yes,Jun-25,Belen Lopez,,,Pago estancia completa,,0,,,0,0,,,,,,,,,,,,,,,,,,,,,,,,,,,,,,,,,,,,,,,,,,,,,,,,,,,,,,,,,,,,,,,,,,,,,,,,,,,,,,,,,,,,,,,,,,,,,,,,,,,,,,,,,,,,,,,,,,,,,,,,,,,,,,,,,
#REF!,NC_0170,,B2C,Signed,Expired,Rocio,Franco,,,,Studio Comfort,,2,Worker,Worker,,6/8/2025,6/7/2026,6/30/2025,€ 965.00,Upgrade,Upgrade,,,965,Upgrade de Unidad,,,,364,1,yes,Jun-25,Clara Moran,,,,Se fueron,0,,,0,0,,,,,,,,,,,,,,,,,,,,,,,,,,,,,,,,,,,,,,,,,,,,,,,,,,,,,,,,,,,,,,,,,,,,,,,,,,,,,,,,,,,,,,,,,,,,,,,,,,,,,,,,,,,,,,,,,,,,,,,,,,,,,,,,,
#REF!,NC_0129,,B2C,Signed,Expired,Roberto,Escamilla de Santiago,,,,Studio Comfort,,1,Student,,,5/28/2025,,7/1/2025,"€ 1,065.00",,,,,"1,065",,,,,34,1,yes,Jul-25,Clara Moran,,,,,0,,,0,0,,,,,,,,,,,,,,,,,,,,,,,,,,,,,,,,,,,,,,,,,,,,,,,,,,,,,,,,,,,,,,,,,,,,,,,,,,,,,,,,,,,,,,,,,,,,,,,,,,,,,,,,,,,,,,,,,,,,,,,,,,,,,,,,,
#REF!,NC_0164,,B2C,Signed,Expired,Diego,García Peinado,,,,Studio Comfort,,1,Worker,,,6/5/2025,,7/5/2025,€ 538.00,N,,,,"1,075",,,,,30,1,yes,Jul-25,Belen Lopez,,,,Paga la estancia completa,0,,,0,0,,,,,,,,,,,,,,,,,,,,,,,,,,,,,,,,,,,,,,,,,,,,,,,,,,,,,,,,,,,,,,,,,,,,,,,,,,,,,,,,,,,,,,,,,,,,,,,,,,,,,,,,,,,,,,,,,,,,,,,,,,,,,,,,,
#REF!,NC_0021,,B2C,Signed,Expired,Annachiara,Manera,,Roberto Manera,,Studio Standard,,1,Worker,,,4/22/2025,,7/6/2025,€ 475.00,N,,,,950,,,,,75,2,yes,Jul-25,Belen Lopez,,,,Short stay pero pasa validación para pagar mes a mes,0,,,0,0,,,,,,,,,,,,,,,,,,,,,,,,,,,,,,,,,,,,,,,,,,,,,,,,,,,,,,,,,,,,,,,,,,,,,,,,,,,,,,,,,,,,,,,,,,,,,,,,,,,,,,,,,,,,,,,,,,,,,,,,,,,,,,,,,
#REF!,NC_0131,,B2C,Signed,Expired,Rafaela,Pinto Carneiro,,,,Studio Comfort,,1,Worker,,,6/7/2025,,7/7/2025,"€ 1,065.00",,,,,"1,065",,,,,30,1,yes,Jul-25,Clara Moran,,,,,0,,,0,0,,,,,,,,,,,,,,,,,,,,,,,,,,,,,,,,,,,,,,,,,,,,,,,,,,,,,,,,,,,,,,,,,,,,,,,,,,,,,,,,,,,,,,,,,,,,,,,,,,,,,,,,,,,,,,,,,,,,,,,,,,,,,,,,,
#REF!,NC_0163,,B2C,Signed,Expired,Irina,Gromova,Arsenii,Naydysh,,2 Bed (1/2) + Terrace,,2,Worker,Worker,,6/9/2025,,7/9/2025,€ 780.00,,,,,"1,560",,,,,30,1,yes,Jul-25,Jaime Orna,,,,,0,,,0,0,,,,,,,,,,,,,,,,,,,,,,,,,,,,,,,,,,,,,,,,,,,,,,,,,,,,,,,,,,,,,,,,,,,,,,,,,,,,,,,,,,,,,,,,,,,,,,,,,,,,,,,,,,,,,,,,,,,,,,,,,,,,,,,,,
#REF!,NC_0167,,B2C,Signed,Expired,Ruben,Hornillo Rodriguez,,,,Studio Comfort,,1,Worker,,,6/9/2025,,7/9/2025,€ 538.00,,Renovation,NC_0200,,"1,075",,,,,30,1,yes,Jul-25,Jaime Orna,,,,,0,,,0,0,,,,,,,,,,,,,,,,,,,,,,,,,,,,,,,,,,,,,,,,,,,,,,,,,,,,,,,,,,,,,,,,,,,,,,,,,,,,,,,,,,,,,,,,,,,,,,,,,,,,,,,,,,,,,,,,,,,,,,,,,,,,,,,,,
#REF!,NC_0202,,B2C,Signed,Expired,Pedro Luis,Ming Lopez Rey,,,,Studio Comfort,,1,Worker,,,6/20/2025,,7/20/2025,€ 538.00,,,,,"1,075",,,,,30,1,yes,Jul-25,Belen Lopez,,,,"Paga la estancia por adelantado , renovación",0,,,0,0,,,,,,,,,,,,,,,,,,,,,,,,,,,,,,,,,,,,,,,,,,,,,,,,,,,,,,,,,,,,,,,,,,,,,,,,,,,,,,,,,,,,,,,,,,,,,,,,,,,,,,,,,,,,,,,,,,,,,,,,,,,,,,,,,
#REF!,NC_0208,,B2C,Signed,Expired,Daniela,Herranz Lopez,,,,Studio Standard + Terrace,,1,Student,,,6/22/2025,,7/22/2025,"€ 1,100.00",,,,,"1,110",,,,,30,1,yes,Jul-25,Belen Lopez,,,,,0,,,0,0,,,,,,,,,,,,,,,,,,,,,,,,,,,,,,,,,,,,,,,,,,,,,,,,,,,,,,,,,,,,,,,,,,,,,,,,,,,,,,,,,,,,,,,,,,,,,,,,,,,,,,,,,,,,,,,,,,,,,,,,,,,,,,,,,
#REF!,NC_0193,,B2C,Signed,Expired,Raquel,Sánchez Jiménez,,,,Studio Comfort,,1,Worker,,,6/24/2025,,7/24/2025,€ 538.00,,,,,"1,075",,,,,30,1,yes,Jul-25,Belen Lopez,,,,Paga estancia por adelantado,0,,,0,0,,,,,,,,,,,,,,,,,,,,,,,,,,,,,,,,,,,,,,,,,,,,,,,,,,,,,,,,,,,,,,,,,,,,,,,,,,,,,,,,,,,,,,,,,,,,,,,,,,,,,,,,,,,,,,,,,,,,,,,,,,,,,,,,,
#REF!,NC_0215,,B2C,Signed,Expired,Julio Cesar,Ventas Pavon,Hady Norma,Gonzalez del Pino,,Studio Rooftop,,2,Worker,Worker,,6/24/2025,,7/24/2025,€ 625.00,,,,,"1,250",,,,,30,1,yes,Jul-25,Belen Lopez,,,Pago estancia completa,,0,,,0,0,,,,,,,,,,,,,,,,,,,,,,,,,,,,,,,,,,,,,,,,,,,,,,,,,,,,,,,,,,,,,,,,,,,,,,,,,,,,,,,,,,,,,,,,,,,,,,,,,,,,,,,,,,,,,,,,,,,,,,,,,,,,,,,,,
#REF!,NC_0220,,B2C,Signed,Expired,Joselyn Lizbeth,Armijos Guaman,Bartosz Hubert,Wojcik,,Studio Rooftop,,2,Worker,Worker,,6/26/2025,,7/26/2025,€ 625.00,,Renovation,NC_0324,,"1,250",,,,,30,1,yes,Jul-25,Belen Lopez,,,,Depósito de la reserva anterior NC_0135,0,,,0,0,,,,,,,,,,,,,,,,,,,,,,,,,,,,,,,,,,,,,,,,,,,,,,,,,,,,,,,,,,,,,,,,,,,,,,,,,,,,,,,,,,,,,,,,,,,,,,,,,,,,,,,,,,,,,,,,,,,,,,,,,,,,,,,,,
#REF!,NC_0226,,B2C,Signed,Expired,Miguel Mauricio,Cabrales Delgado,,,,Studio Comfort,,1,Worker,,,6/26/2025,,7/26/2025,€ 538.00,,,,,"1,075",,,,,30,1,yes,Jul-25,Jaime Orna,,,,Media Pensión 20 Servicios,0,,,0,0,,,,,,,,,,,,,,,,,,,,,,,,,,,,,,,,,,,,,,,,,,,,,,,,,,,,,,,,,,,,,,,,,,,,,,,,,,,,,,,,,,,,,,,,,,,,,,,,,,,,,,,,,,,,,,,,,,,,,,,,,,,,,,,,,
#REF!,NC_0217,,B2C,Signed,Expired,Delia-Ioana,Onciu,,,,Studio Rooftop,,1,Worker,,,6/25/2025,,7/27/2025,€ 575.00,,Renovation,NC_0288,,"1,150",,,,,32,1,yes,Jul-25,Belen Lopez,,,Pago estancia completa,,0,,,0,0,,,,,,,,,,,,,,,,,,,,,,,,,,,,,,,,,,,,,,,,,,,,,,,,,,,,,,,,,,,,,,,,,,,,,,,,,,,,,,,,,,,,,,,,,,,,,,,,,,,,,,,,,,,,,,,,,,,,,,,,,,,,,,,,,
#REF!,NC_0177,,B2C,Signed,Expired,Fernando,Pading Iglesias,,,,Studio Comfort,,1,Worker,,,6/29/2025,,7/30/2025,€ 538.00,,Renovation,NC_0269,,"1,075",,,,,31,1,yes,Jul-25,Belen Lopez,,,,Paga la estancia completa,0,,,0,0,,,,,,,,,,,,,,,,,,,,,,,,,,,,,,,,,,,,,,,,,,,,,,,,,,,,,,,,,,,,,,,,,,,,,,,,,,,,,,,,,,,,,,,,,,,,,,,,,,,,,,,,,,,,,,,,,,,,,,,,,,,,,,,,,
#REF!,NC_0230,,B2B,Signed,Expired,Siderurgica Requena SA,,,,,2 Bed (1/2),,1,Worker,,,6/30/2025,,7/30/2025,€ 745.00,,,,,"1,490",,,,,30,1,yes,Jul-25,Belen Lopez,,,,,0,,,0,0,,,,,,,,,,,,,,,,,,,,,,,,,,,,,,,,,,,,,,,,,,,,,,,,,,,,,,,,,,,,,,,,,,,,,,,,,,,,,,,,,,,,,,,,,,,,,,,,,,,,,,,,,,,,,,,,,,,,,,,,,,,,,,,,,
#REF!,NC_0236,,B2C,Signed,Expired,Tharife Nabil,Ahmad Al-Khuffash,,,,Studio Comfort,,1,Student,,,6/30/2025,,7/30/2025,€ 538.00,,Renovation,NC_0332,,"1,075",,,,,30,1,yes,Jul-25,Belen Lopez,,,,Renovación,0,,,0,0,,,,,,,,,,,,,,,,,,,,,,,,,,,,,,,,,,,,,,,,,,,,,,,,,,,,,,,,,,,,,,,,,,,,,,,,,,,,,,,,,,,,,,,,,,,,,,,,,,,,,,,,,,,,,,,,,,,,,,,,,,,,,,,,,
#REF!,NC_0003,,B2C,Signed,Expired,Mª de los Angeles,Newland Barcelo,Maria de los Angeles,Barcelo Gonzalez,,2 Bed (1/2) + Terrace,,2,Student,Student,,5/30/2025,,7/31/2025,€ 780.00,,Renovation,NC_0322,,"1,560",,,,,62,2,yes,Jul-25,Belen Lopez,,,,,0,,,0,0,,,,,,,,,,,,,,,,,,,,,,,,,,,,,,,,,,,,,,,,,,,,,,,,,,,,,,,,,,,,,,,,,,,,,,,,,,,,,,,,,,,,,,,,,,,,,,,,,,,,,,,,,,,,,,,,,,,,,,,,,,,,,,,,,
#REF!,NC_0070,,B2C,Signed,Expired,Patricia,Cimarra,,,Fernando Lopez Concha,Studio Standard + Terrace,,1,Worker,,,4/22/2025,,7/31/2025,"€ 1,015.00",,,,,"1,015",,,,,100,3,yes,Jul-25,Jaime Orna,,,,,0,,,0,0,,,,,,,,,,,,,,,,,,,,,,,,,,,,,,,,,,,,,,,,,,,,,,,,,,,,,,,,,,,,,,,,,,,,,,,,,,,,,,,,,,,,,,,,,,,,,,,,,,,,,,,,,,,,,,,,,,,,,,,,,,,,,,,,,
#REF!,NC_0091,,B2B,Signed,Expired,Fundraisers We Are SL,,,,,2 Bed Rooftop (2/2),,2,Worker,Worker,,4/28/2025,4/26/2026,7/31/2025,"€ 1,400.00",Y,,,,"1,400",Adenda Firmada,,,,363,3,yes,Jul-25,Jaime Orna,,,,,0,,,0,0,,,,,,,,,,,,,,,,,,,,,,,,,,,,,,,,,,,,,,,,,,,,,,,,,,,,,,,,,,,,,,,,,,,,,,,,,,,,,,,,,,,,,,,,,,,,,,,,,,,,,,,,,,,,,,,,,,,,,,,,,,,,,,,,,
#REF!,NC_0101,,B2C,Signed,Expired,Tania,Morales,,,,Studio Rooftop,,1,Worker,,,5/12/2025,8/13/2025,7/31/2025,"€ 1,060.00",R,,,,"1,060",Adenda Firmada,,,,93,3,yes,Jul-25,Clara Moran,,,,,0,,,0,0,,,,,,,,,,,,,,,,,,,,,,,,,,,,,,,,,,,,,,,,,,,,,,,,,,,,,,,,,,,,,,,,,,,,,,,,,,,,,,,,,,,,,,,,,,,,,,,,,,,,,,,,,,,,,,,,,,,,,,,,,,,,,,,,,
#REF!,NC_0157,,B2C,Signed,Expired,Myryam,Maoudj Esteban,,,,Studio Comfort,,1,Worker,,,7/1/2025,,7/31/2025,€ 538.00,,,,,"1,075",,,,,30,1,yes,Jul-25,Jaime Orna,,,,,0,,,0,0,,,,,,,,,,,,,,,,,,,,,,,,,,,,,,,,,,,,,,,,,,,,,,,,,,,,,,,,,,,,,,,,,,,,,,,,,,,,,,,,,,,,,,,,,,,,,,,,,,,,,,,,,,,,,,,,,,,,,,,,,,,,,,,,,
#REF!,NC_0172,,B2C,Signed,Expired,Adolfo,Martín Ramos,,,,Studio Comfort,,1,Worker,,,6/16/2025,,7/31/2025,€ 538.00,,,,,"1,075",,,,,45,1,yes,Jul-25,Jaime Orna,,,,,0,,,0,0,,,,,,,,,,,,,,,,,,,,,,,,,,,,,,,,,,,,,,,,,,,,,,,,,,,,,,,,,,,,,,,,,,,,,,,,,,,,,,,,,,,,,,,,,,,,,,,,,,,,,,,,,,,,,,,,,,,,,,,,,,,,,,,,,
#REF!,NC_0179,,B2C,Signed,Expired,Sandra,Alalam,,,,Studio Comfort,,1,Worker,,,6/16/2025,,7/31/2025,€ 538.00,,,,,"1,075",,,,,45,1,yes,Jul-25,Jaime Orna,,,,,0,,,0,0,,,,,,,,,,,,,,,,,,,,,,,,,,,,,,,,,,,,,,,,,,,,,,,,,,,,,,,,,,,,,,,,,,,,,,,,,,,,,,,,,,,,,,,,,,,,,,,,,,,,,,,,,,,,,,,,,,,,,,,,,,,,,,,,,
#REF!,NC_0216,,B2C,Signed,Expired,Jose Umberto,Monteverde Govea,,,,Studio Comfort,,1,Worker,,,6/24/2025,,7/31/2025,€ 538.00,,Renovation,NC_0338,,"1,075",,,,,37,1,yes,Jul-25,Belen Lopez,,,,Renovación,0,,,0,0,,,,,,,,,,,,,,,,,,,,,,,,,,,,,,,,,,,,,,,,,,,,,,,,,,,,,,,,,,,,,,,,,,,,,,,,,,,,,,,,,,,,,,,,,,,,,,,,,,,,,,,,,,,,,,,,,,,,,,,,,,,,,,,,,
#REF!,NC_0104,,B2C,Signed,Expired,Lorena,Lopez Oyola,,,Juan Luis Diufain Mora,Studio Comfort,,1,Worker,,,5/8/2025,5/7/2026,8/1/2025,€ 865.00,,,,,865,Adenda Firmada,,,1-Dec,364,3,yes,Aug-25,Clara Moran,,,,Hace una reserava nueva con segunda persona y cancelando su avalista,0,865,,"120,296,415.00","40,098,805.00",,,,,,,,,,,,,,,,,,,,,,,,,,,,,,,,,,,,,,,,,,,,,,,,,,,,,,,,,,,,,,,,,,,,,,,,,,,,,,,,,,,,,,,,,,,,,,,,,,,,,,,,,,,,,,,,,,,,,,,,,,,,,,,,,
#REF!,NC_0238,,B2B,Signed,Expired,Caldepar SL,Caldepar S.L,,,,2 Bed (1/2) + Terrace,,1,Worker,,,7/1/2025,,8/1/2025,€ 780.00,,,,,"1,560",,,,,31,1,yes,Aug-25,Jaime Orna,,,,,0,,,0,0,,,,,,,,,,,,,,,,,,,,,,,,,,,,,,,,,,,,,,,,,,,,,,,,,,,,,,,,,,,,,,,,,,,,,,,,,,,,,,,,,,,,,,,,,,,,,,,,,,,,,,,,,,,,,,,,,,,,,,,,,,,,,,,,,
#REF!,NC_0242,,B2C,Signed,Expired,Antonella,Rincon Uribe,Esteban Ruben,Donoso,,Studio Rooftop,,2,Worker,Worker,,7/1/2025,,8/1/2025,€ 625.00,,,,,"1,250",,,,,31,1,yes,Aug-25,Jaime Orna,,,,Reserva semi directa,0,,,0,0,,,,,,,,,,,,,,,,,,,,,,,,,,,,,,,,,,,,,,,,,,,,,,,,,,,,,,,,,,,,,,,,,,,,,,,,,,,,,,,,,,,,,,,,,,,,,,,,,,,,,,,,,,,,,,,,,,,,,,,,,,,,,,,,,
#REF!,NC_0018,,B2C,Signed,Expired,Anartz,San Juan Zulueta,,,,Studio Standard,,1,Worker,,,5/1/2025,,8/2/2025,€ 880.00,,,,,880,,,,,93,3,yes,Aug-25,Clara Moran,,,,,0,,,0,0,,,,,,,,,,,,,,,,,,,,,,,,,,,,,,,,,,,,,,,,,,,,,,,,,,,,,,,,,,,,,,,,,,,,,,,,,,,,,,,,,,,,,,,,,,,,,,,,,,,,,,,,,,,,,,,,,,,,,,,,,,,,,,,,,
#REF!,NC_0185,,B2C,Signed,Expired,Laura,Maameri,Caroline Cleo,Pestre,,Studio Comfort,,2,Worker,Worker,,6/17/2025,,8/2/2025,€ 583.00,,,,,"1,175",,,,,46,2,yes,Aug-25,Clara Moran,,,,Paga estancia completa,0,,,0,0,,,,,,,,,,,,,,,,,,,,,,,,,,,,,,,,,,,,,,,,,,,,,,,,,,,,,,,,,,,,,,,,,,,,,,,,,,,,,,,,,,,,,,,,,,,,,,,,,,,,,,,,,,,,,,,,,,,,,,,,,,,,,,,,,
#REF!,NC_0255,,B2C,Signed,Expired,Jose Marcos,Carmona Calero,,,,Studio Comfort,,1,Worker,,,7/4/2025,,8/4/2025,€ 538.00,,,,,"1,075",,,,,31,1,yes,Aug-25,Belen Lopez,,,,,0,,,0,0,,,,,,,,,,,,,,,,,,,,,,,,,,,,,,,,,,,,,,,,,,,,,,,,,,,,,,,,,,,,,,,,,,,,,,,,,,,,,,,,,,,,,,,,,,,,,,,,,,,,,,,,,,,,,,,,,,,,,,,,,,,,,,,,,
#REF!,NC_0258,,B2C,Signed,Expired,Ericka Paola,Ortiz Ugalde,,,,Studio Comfort,,1,Worker,,,7/6/2025,,8/6/2025,€ 538.00,,,,,"1,075",,,,,31,1,yes,Aug-25,Clara Moran,,,,,0,,,0,0,,,,,,,,,,,,,,,,,,,,,,,,,,,,,,,,,,,,,,,,,,,,,,,,,,,,,,,,,,,,,,,,,,,,,,,,,,,,,,,,,,,,,,,,,,,,,,,,,,,,,,,,,,,,,,,,,,,,,,,,,,,,,,,,,
#REF!,NC_0006,,B2C,Signed,Expired,Nicolás,Cabrera,Karen,Bordagorry,,2 Bed (1/2),,2,Worker,Worker,,5/3/2025,,8/8/2025,"€ 1,395.00",,,,,"1,395",,,,,97,3,yes,Aug-25,Clara Moran,,,,,0,,,0,0,,,,,,,,,,,,,,,,,,,,,,,,,,,,,,,,,,,,,,,,,,,,,,,,,,,,,,,,,,,,,,,,,,,,,,,,,,,,,,,,,,,,,,,,,,,,,,,,,,,,,,,,,,,,,,,,,,,,,,,,,,,,,,,,,
#REF!,NC_0229,,B2C,Signed,Expired,Kiril,Korotkov,Angelina,Tsybenko,,Studio Standard + Terrace,,2,Worker,Worker,,7/9/2025,,8/9/2025,€ 605.00,,,,,"1,210",,,,,31,1,yes,Aug-25,Clara Moran,,,,,0,,,0,0,,,,,,,,,,,,,,,,,,,,,,,,,,,,,,,,,,,,,,,,,,,,,,,,,,,,,,,,,,,,,,,,,,,,,,,,,,,,,,,,,,,,,,,,,,,,,,,,,,,,,,,,,,,,,,,,,,,,,,,,,,,,,,,,,
#REF!,NC_0261,,B2C,Signed,Expired,Rafaela,Pinto Carneiro,,,,Studio Comfort,,1,Worker,,,7/7/2025,,8/10/2025,€ 533.00,,,,,"1,075",,,,,34,1,yes,Aug-25,Clara Moran,,,,,0,,,0,0,,,,,,,,,,,,,,,,,,,,,,,,,,,,,,,,,,,,,,,,,,,,,,,,,,,,,,,,,,,,,,,,,,,,,,,,,,,,,,,,,,,,,,,,,,,,,,,,,,,,,,,,,,,,,,,,,,,,,,,,,,,,,,,,,
#REF!,NC_0166,,B2C,Signed,Expired,María Mercedes,Valsera de Diego,Angel,Perez Calderon,,Studio Comfort,,2,Worker,Worker,,6/15/2025,,8/15/2025,€ 583.00,,,,,"1,165",,,,,61,2,yes,Aug-25,Clara Moran,,,,Paga estancia completa,0,,,0,0,,,,,,,,,,,,,,,,,,,,,,,,,,,,,,,,,,,,,,,,,,,,,,,,,,,,,,,,,,,,,,,,,,,,,,,,,,,,,,,,,,,,,,,,,,,,,,,,,,,,,,,,,,,,,,,,,,,,,,,,,,,,,,,,,
#REF!,NC_0276,,B2C,Signed,Expired,Alberto,Gonzalez Velado,,,,Studio Rooftop,,1,Worker,,,7/16/2025,,8/15/2025,€ 575.00,,,,,"1,150",,,,,30,1,yes,Aug-25,Clara Moran,,,,,0,,,0,0,,,,,,,,,,,,,,,,,,,,,,,,,,,,,,,,,,,,,,,,,,,,,,,,,,,,,,,,,,,,,,,,,,,,,,,,,,,,,,,,,,,,,,,,,,,,,,,,,,,,,,,,,,,,,,,,,,,,,,,,,,,,,,,,,
#REF!,NC_0108,,B2C,Signed,Expired,Miguel Angel,Guzman,Lidia,Serrano Cadalso,,Studio Rooftop,,2,Worker,Worker,,5/16/2025,,8/17/2025,"€ 1,160.00",,,,,"1,160",,,,,93,3,yes,Aug-25,Clara Moran,,,,,0,,,0,0,,,,,,,,,,,,,,,,,,,,,,,,,,,,,,,,,,,,,,,,,,,,,,,,,,,,,,,,,,,,,,,,,,,,,,,,,,,,,,,,,,,,,,,,,,,,,,,,,,,,,,,,,,,,,,,,,,,,,,,,,,,,,,,,,
#REF!,NC_0150,,B2C,Signed,Expired,Valeriy,Isko,,,,Studio Comfort,,1,Worker,,,6/30/2025,,8/17/2025,€ 533.00,,,,,"1,065",,,,,48,2,yes,Aug-25,Clara Moran,,,,,0,,,0,0,,,,,,,,,,,,,,,,,,,,,,,,,,,,,,,,,,,,,,,,,,,,,,,,,,,,,,,,,,,,,,,,,,,,,,,,,,,,,,,,,,,,,,,,,,,,,,,,,,,,,,,,,,,,,,,,,,,,,,,,,,,,,,,,,
#REF!,NC_0282,,B2C,Signed,Expired,Alberto,Castilla Anaya,,,,2 Bed (1/2),,1,Student,,,7/17/2025,,8/18/2025,€ 780.00,,,,,"1,560",,,,,32,1,yes,Aug-25,Jaime Orna,,,,,0,,,0,0,,,,,,,,,,,,,,,,,,,,,,,,,,,,,,,,,,,,,,,,,,,,,,,,,,,,,,,,,,,,,,,,,,,,,,,,,,,,,,,,,,,,,,,,,,,,,,,,,,,,,,,,,,,,,,,,,,,,,,,,,,,,,,,,,
#REF!,NC_0116,,B2C,Signed,Expired,Lidia,Roset Soler,,,,Studio Comfort,,1,Worker,,,5/19/2025,,8/20/2025,€ 995.00,,,,,995,,,,,93,3,yes,Aug-25,Clara Moran,,,Pago estancia completa,,0,,,0,0,,,,,,,,,,,,,,,,,,,,,,,,,,,,,,,,,,,,,,,,,,,,,,,,,,,,,,,,,,,,,,,,,,,,,,,,,,,,,,,,,,,,,,,,,,,,,,,,,,,,,,,,,,,,,,,,,,,,,,,,,,,,,,,,,
#REF!,NC_0046,,B2C,Signed,Expired,Anna,Malsagova,,,,Studio Standard + Terrace,,1,Worker,,,4/22/2025,,8/22/2025,"€ 1,015.00",,,,,"1,015",,,,,122,4,yes,Aug-25,Belen Lopez,,,,,0,,,0,0,,,,,,,,,,,,,,,,,,,,,,,,,,,,,,,,,,,,,,,,,,,,,,,,,,,,,,,,,,,,,,,,,,,,,,,,,,,,,,,,,,,,,,,,,,,,,,,,,,,,,,,,,,,,,,,,,,,,,,,,,,,,,,,,,
#REF!,NC_0117,,B2C,Signed,Expired,Antonio,Moreno Camara,Jennifer Alexandra,Suárez García,,2 Bed Rooftop (2/2),,2,Worker,Worker,,5/22/2025,,8/23/2025,"€ 1,635.00",,Renovation,NC_0418,,"1,635",,,,,93,3,yes,Aug-25,Clara Moran,,,Pago estancia completa,,0,,,0,0,,,,,,,,,,,,,,,,,,,,,,,,,,,,,,,,,,,,,,,,,,,,,,,,,,,,,,,,,,,,,,,,,,,,,,,,,,,,,,,,,,,,,,,,,,,,,,,,,,,,,,,,,,,,,,,,,,,,,,,,,,,,,,,,,
#REF!,NC_0122,,B2C,Signed,Expired,Josef Friedhelm,Hess,,,,Studio Comfort,,1,Worker,,,5/23/2025,,8/24/2025,€ 985.00,,,,,985,,,,,93,3,yes,Aug-25,Clara Moran,,,,,0,,,0,0,,,,,,,,,,,,,,,,,,,,,,,,,,,,,,,,,,,,,,,,,,,,,,,,,,,,,,,,,,,,,,,,,,,,,,,,,,,,,,,,,,,,,,,,,,,,,,,,,,,,,,,,,,,,,,,,,,,,,,,,,,,,,,,,,
#REF!,NC_0143,,B2B,Signed,Expired,Kuehne-Nagel,,,,,2 Bed (2/2),,1,Worker,,,6/1/2025,,8/24/2025,€ 795.00,,,,,"1,590",,,,,84,3,yes,Aug-25,Clara Moran,,,,,0,,,0,0,,,,,,,,,,,,,,,,,,,,,,,,,,,,,,,,,,,,,,,,,,,,,,,,,,,,,,,,,,,,,,,,,,,,,,,,,,,,,,,,,,,,,,,,,,,,,,,,,,,,,,,,,,,,,,,,,,,,,,,,,,,,,,,,,
#REF!,NC_0315,,B2C,Signed,Expired,Maria Luisa,De la Fuente Gonzalez,Lidia Maria,Ceceda de la Fuente,,2 Bed (1/2),,1,Worker,,,7/25/2025,,8/24/2025,€ 745.00,,Renovation,NC_0426,,"1,490",,,,,30,1,yes,Aug-25,Clara Moran,,,,,0,,,0,0,,,,,,,,,,,,,,,,,,,,,,,,,,,,,,,,,,,,,,,,,,,,,,,,,,,,,,,,,,,,,,,,,,,,,,,,,,,,,,,,,,,,,,,,,,,,,,,,,,,,,,,,,,,,,,,,,,,,,,,,,,,,,,,,,
#REF!,NC_0211,,B2B,Signed,Expired,Lucía,Barrantes,,,,2 Bed (1/2),,2,Worker,Worker,,6/25/2025,,8/25/2025,€ 745.00,,,,,"1,490",,,,,61,2,yes,Aug-25,Belen Lopez,,,,,0,,,0,0,,,,,,,,,,,,,,,,,,,,,,,,,,,,,,,,,,,,,,,,,,,,,,,,,,,,,,,,,,,,,,,,,,,,,,,,,,,,,,,,,,,,,,,,,,,,,,,,,,,,,,,,,,,,,,,,,,,,,,,,,,,,,,,,,
#REF!,NC_0090,,B2C,Signed,Expired,Catalina,Santa Mazo,Juan Esteban,Burgos Santa,,2 Bed (1/2) + Terrace,,2,Worker,Worker,,5/24/2025,,8/26/2025,"€ 1,460.00",,,,,"1,460",,,,,94,3,yes,Aug-25,Belen Lopez,,,,Paga por adelantado. El hijo es menor,0,,,0,0,,,,,,,,,,,,,,,,,,,,,,,,,,,,,,,,,,,,,,,,,,,,,,,,,,,,,,,,,,,,,,,,,,,,,,,,,,,,,,,,,,,,,,,,,,,,,,,,,,,,,,,,,,,,,,,,,,,,,,,,,,,,,,,,,
#REF!,NC_0127,,B2C,Signed,Expired,Maybe,Diaz Castellanos,,,,Studio Standard + Terrace,,2,Worker,Worker,,5/26/2025,,8/27/2025,"€ 1,130.00",,,,,"1,130",,,,,93,3,yes,Aug-25,Clara Moran,,,,Pago estancia completa,0,,,0,0,,,,,,,,,,,,,,,,,,,,,,,,,,,,,,,,,,,,,,,,,,,,,,,,,,,,,,,,,,,,,,,,,,,,,,,,,,,,,,,,,,,,,,,,,,,,,,,,,,,,,,,,,,,,,,,,,,,,,,,,,,,,,,,,,
#REF!,NC_0126,,B2C,Signed,Expired,Bernadee Loni,Mccartney,,,,Studio Standard + Terrace,,1,Worker,,,6/1/2025,3/2/2026,8/30/2025,€ 970.00,Y,,,,895,Adenda Firmada,,,,274,3,yes,Aug-25,Belen Lopez,,,,Renovación,0,,,0,0,,,,,,,,,,,,,,,,,,,,,,,,,,,,,,,,,,,,,,,,,,,,,,,,,,,,,,,,,,,,,,,,,,,,,,,,,,,,,,,,,,,,,,,,,,,,,,,,,,,,,,,,,,,,,,,,,,,,,,,,,,,,,,,,,
#REF!,NC_0133,,B2C,Signed,Expired,Imane,Zouine,,,,Studio Comfort,,1,Student,,,6/9/2025,,8/30/2025,€ 533.00,,,,,"1,065",,,,,82,3,yes,Aug-25,Clara Moran,,,Pago estancia completa,,0,,,0,0,,,,,,,,,,,,,,,,,,,,,,,,,,,,,,,,,,,,,,,,,,,,,,,,,,,,,,,,,,,,,,,,,,,,,,,,,,,,,,,,,,,,,,,,,,,,,,,,,,,,,,,,,,,,,,,,,,,,,,,,,,,,,,,,,
#REF!,NC_0136,,B2C,Signed,Expired,Emmanuel Olawake,Agboola,,,,Studio Rooftop,,1,Worker,,,5/29/2025,,8/30/2025,"€ 1,060.00",,,,,"1,060",,,,,93,3,yes,Aug-25,Clara Moran,,,Pago estancia completa,,0,,,0,0,,,,,,,,,,,,,,,,,,,,,,,,,,,,,,,,,,,,,,,,,,,,,,,,,,,,,,,,,,,,,,,,,,,,,,,,,,,,,,,,,,,,,,,,,,,,,,,,,,,,,,,,,,,,,,,,,,,,,,,,,,,,,,,,,
#REF!,NC_0269,,B2C,Signed,Expired,Fernando,Pading Iglesias,,,,Studio Comfort,,1,Worker,,,7/30/2025,,8/30/2025,€ 538.00,,Renovation,NC_0379,,"1,075",,,,,31,1,yes,Aug-25,Belen Lopez,,,,,0,,,0,0,,,,,,,,,,,,,,,,,,,,,,,,,,,,,,,,,,,,,,,,,,,,,,,,,,,,,,,,,,,,,,,,,,,,,,,,,,,,,,,,,,,,,,,,,,,,,,,,,,,,,,,,,,,,,,,,,,,,,,,,,,,,,,,,,
#REF!,NC_0015,,B2C,Signed,Expired,Diana Patricia,Pérez Piedrahita,Camilo,"Londoño Perez,",Maria Claudia Perez Piedrahita,2 Bed (1/2),,2,Student,Student,,5/31/2025,1/31/2026,8/31/2025,"€ 1,215.00",R,,,,"1,215",Adenda Firmada,,,,245,3,yes,Aug-25,Clara Moran,,,,,0,,,0,0,,,,,,,,,,,,,,,,,,,,,,,,,,,,,,,,,,,,,,,,,,,,,,,,,,,,,,,,,,,,,,,,,,,,,,,,,,,,,,,,,,,,,,,,,,,,,,,,,,,,,,,,,,,,,,,,,,,,,,,,,,,,,,,,,
#REF!,NC_0017,,B2C,Signed,Expired,Lukas,Braun,Maria Fernanda,Changanaqui Aguilar,,Studio Comfort,,2,Worker,Worker,,4/22/2025,,8/31/2025,"€ 1,070.00",,,,,"1,070",,,,,131,4,yes,Aug-25,Clara Moran,,,,,0,,,0,0,,,,,,,,,,,,,,,,,,,,,,,,,,,,,,,,,,,,,,,,,,,,,,,,,,,,,,,,,,,,,,,,,,,,,,,,,,,,,,,,,,,,,,,,,,,,,,,,,,,,,,,,,,,,,,,,,,,,,,,,,,,,,,,,,
#REF!,NC_0027,,B2C,Signed,Expired,Santiago,Sarrazola,,,,Studio Standard,,1,Worker,,,4/22/2025,4/20/2026,8/31/2025,€ 755.00,Y,,,,755,Adenda Firmada,,,1-Dec,363,4,yes,Aug-25,Belen Lopez,,,,,0,755,,"139,998,140.00","34,999,535.00",,,,,,,,,,,,,,,,,,,,,,,,,,,,,,,,,,,,,,,,,,,,,,,,,,,,,,,,,,,,,,,,,,,,,,,,,,,,,,,,,,,,,,,,,,,,,,,,,,,,,,,,,,,,,,,,,,,,,,,,,,,,,,,,,
#REF!,NC_0053,,B2C,Signed,Expired,Jaime,Carbonero,,,,Studio Comfort,,1,Worker,,,4/22/2025,4/20/2026,8/31/2025,€ 845.00,Y,,,,845,Burofax Enviado,,,1-Dec,363,4,yes,Aug-25,Clara Moran,,,,,0,845,,"156,686,660.00","39,171,665.00",,,,,,,,,,,,,,,,,,,,,,,,,,,,,,,,,,,,,,,,,,,,,,,,,,,,,,,,,,,,,,,,,,,,,,,,,,,,,,,,,,,,,,,,,,,,,,,,,,,,,,,,,,,,,,,,,,,,,,,,,,,,,,,,,
#REF!,NC_0311,,B2C,Signed,Expired,Inmaculada,Fernandez Paez,Francisco Javier,Fernandez Martín,,2 Bed (1/2),,2,Worker,Worker,,7/27/2025,11/8/2025,8/31/2025,"€ 1,395.00",N,,,,"1,395",Adenda Firmada,,,,104,1,yes,Aug-25,Belen Lopez,,,,,0,,,0,0,,,,,,,,,,,,,,,,,,,,,,,,,,,,,,,,,,,,,,,,,,,,,,,,,,,,,,,,,,,,,,,,,,,,,,,,,,,,,,,,,,,,,,,,,,,,,,,,,,,,,,,,,,,,,,,,,,,,,,,,,,,,,,,,,
#REF!,NC_0338,,B2C,Signed,Expired,Jose Umberto,Monteverde Govea,,,,Studio Comfort,,1,Worker,,,7/31/2025,,8/31/2025,€ 538.00,,,,,"1,200",,,,,31,1,yes,Aug-25,Belen Lopez,,,,Renovación,0,,,0,0,,,,,,,,,,,,,,,,,,,,,,,,,,,,,,,,,,,,,,,,,,,,,,,,,,,,,,,,,,,,,,,,,,,,,,,,,,,,,,,,,,,,,,,,,,,,,,,,,,,,,,,,,,,,,,,,,,,,,,,,,,,,,,,,,
#REF!,NC_0234,,B2C,Signed,Expired,Arsenii,Naydysh,,,,Studio Standard + Terrace,,1,Worker,,,7/9/2025,,9/1/2025,€ 780.00,,Renovation,NC_0235,,"1,110",,,,,54,2,yes,Sep-25,Jaime Orna,,,,Renovación,0,,,0,0,,,,,,,,,,,,,,,,,,,,,,,,,,,,,,,,,,,,,,,,,,,,,,,,,,,,,,,,,,,,,,,,,,,,,,,,,,,,,,,,,,,,,,,,,,,,,,,,,,,,,,,,,,,,,,,,,,,,,,,,,,,,,,,,,
#REF!,NC_0332,,B2C,Signed,Expired,Tharife Nabil,Ahmad Al-Khuffash,,,,Studio Comfort,,1,Student,,,7/30/2025,,9/1/2025,€ 538.00,,Renovation,NC_0256,,"1,210",,,,,33,1,yes,Sep-25,Belen Lopez,,,,Renovación,0,,,0,0,,,,,,,,,,,,,,,,,,,,,,,,,,,,,,,,,,,,,,,,,,,,,,,,,,,,,,,,,,,,,,,,,,,,,,,,,,,,,,,,,,,,,,,,,,,,,,,,,,,,,,,,,,,,,,,,,,,,,,,,,,,,,,,,,
#REF!,NC_0151,,B2B2C,Signed,Expired,Mohamed Taher Omer,El Musraty,,,,Studio Comfort,,1,Worker,,,6/4/2025,,9/5/2025,€ 995.00,,,,,995,,,,,93,3,yes,Sep-25,Belen Lopez,,,,Pago por adelantado,0,,,0,0,,,,,,,,,,,,,,,,,,,,,,,,,,,,,,,,,,,,,,,,,,,,,,,,,,,,,,,,,,,,,,,,,,,,,,,,,,,,,,,,,,,,,,,,,,,,,,,,,,,,,,,,,,,,,,,,,,,,,,,,,,,,,,,,,
#REF!,NC_0363,,B2C,Signed,Expired,Angel Daniel,Martín Martín,,,,Studio Standard + Terrace,,1,Worker,,,8/6/2025,,9/5/2025,€ 605.00,,,,,"1,210",,,,,30,1,yes,Sep-25,Belen Lopez,,,,,0,,,0,0,,,,,,,,,,,,,,,,,,,,,,,,,,,,,,,,,,,,,,,,,,,,,,,,,,,,,,,,,,,,,,,,,,,,,,,,,,,,,,,,,,,,,,,,,,,,,,,,,,,,,,,,,,,,,,,,,,,,,,,,,,,,,,,,,
#REF!,NC_0384,,B2C,Signed,Expired,Lucas Dean,Rubio,,,,Studio Rooftop,,1,Student,,,8/11/2025,,9/7/2025,€ 650.00,,,,,"1,300",,,,,27,1,yes,Sep-25,Clara Moran,,,,Direct Booking,0,,,0,0,,,,,,,,,,,,,,,,,,,,,,,,,,,,,,,,,,,,,,,,,,,,,,,,,,,,,,,,,,,,,,,,,,,,,,,,,,,,,,,,,,,,,,,,,,,,,,,,,,,,,,,,,,,,,,,,,,,,,,,,,,,,,,,,,
#REF!,NC_0281,,B2C,Signed,Expired,Amir,Mouigha,,,,Studio Comfort,,1,Student,,,8/10/2025,,9/9/2025,€ 605.00,,Renovation,NC_0714,,"1,210",,,,,30,1,yes,Sep-25,Clara Moran,,,,,0,,,0,0,,,,,,,,,,,,,,,,,,,,,,,,,,,,,,,,,,,,,,,,,,,,,,,,,,,,,,,,,,,,,,,,,,,,,,,,,,,,,,,,,,,,,,,,,,,,,,,,,,,,,,,,,,,,,,,,,,,,,,,,,,,,,,,,,
#REF!,NC_0200,,B2C,Signed,Expired,Ruben,Hornillo Rodriguez,,,,Studio Comfort,,1,Worker,,,7/9/2025,,9/12/2025,€ 538.00,,,,,"1,075",,,,,65,2,yes,Sep-25,Clara Moran,,,,"Paga la estancia por adelantado , renovación",0,,,0,0,,,,,,,,,,,,,,,,,,,,,,,,,,,,,,,,,,,,,,,,,,,,,,,,,,,,,,,,,,,,,,,,,,,,,,,,,,,,,,,,,,,,,,,,,,,,,,,,,,,,,,,,,,,,,,,,,,,,,,,,,,,,,,,,,
#REF!,NC_0394,,B2C,Signed,Expired,Mercedes,Valsera,Angel,Perez,,Studio Comfort,,2,Worker,Worker,,8/15/2025,,9/13/2025,€ 655.00,,,,,"1,310",,,,,29,1,yes,Sep-25,Belen Lopez,,,,Extensión,0,,,0,0,,,,,,,,,,,,,,,,,,,,,,,,,,,,,,,,,,,,,,,,,,,,,,,,,,,,,,,,,,,,,,,,,,,,,,,,,,,,,,,,,,,,,,,,,,,,,,,,,,,,,,,,,,,,,,,,,,,,,,,,,,,,,,,,,
#REF!,NC_0169,,B2C,Signed,Expired,Mercedes,Añaños,Victoria,Tarnofsky,,2 Bed (1/2),,2,Worker,Worker,,6/16/2025,,9/17/2025,"€ 1,395.00",,Renovation,NC_0524,,"1,395",,,,,93,3,yes,Sep-25,Clara Moran,,,,Paga la estancia completa,0,,,0,0,,,,,,,,,,,,,,,,,,,,,,,,,,,,,,,,,,,,,,,,,,,,,,,,,,,,,,,,,,,,,,,,,,,,,,,,,,,,,,,,,,,,,,,,,,,,,,,,,,,,,,,,,,,,,,,,,,,,,,,,,,,,,,,,,
#REF!,NC_0152,,B2C,Signed,Expired,Jorge,Gallego Pérez,,,,Studio Rooftop,,1,Worker,,,6/19/2025,,9/20/2025,"€ 1,060.00",,Renovation,NC_0475,,"1,060",,,,,93,3,yes,Sep-25,Belen Lopez,,,,,0,,,0,0,,,,,,,,,,,,,,,,,,,,,,,,,,,,,,,,,,,,,,,,,,,,,,,,,,,,,,,,,,,,,,,,,,,,,,,,,,,,,,,,,,,,,,,,,,,,,,,,,,,,,,,,,,,,,,,,,,,,,,,,,,,,,,,,,
#REF!,NC_0162,,B2C,Signed,Expired,Mireia,Santacreu Guerrero,,,,Studio Standard + Terrace,,1,Worker,,,6/20/2025,,9/21/2025,"€ 1,030.00",,,,,"1,030",,,,,93,3,yes,Sep-25,Clara Moran,,,,,0,,,0,0,,,,,,,,,,,,,,,,,,,,,,,,,,,,,,,,,,,,,,,,,,,,,,,,,,,,,,,,,,,,,,,,,,,,,,,,,,,,,,,,,,,,,,,,,,,,,,,,,,,,,,,,,,,,,,,,,,,,,,,,,,,,,,,,,
#REF!,NC_0418,,B2C,Signed,Expired,Antonio,Moreno Camara,Jennifer Alexandra,Suarez Garcia,,Studio Comfort,,2,Worker,Worker,,8/23/2025,,9/23/2025,"€ 1,635.00",Y,,,,"1,310",,,,,31,1,yes,Sep-25,Clara Moran,,,,,0,,,0,0,,,,,,,,,,,,,,,,,,,,,,,,,,,,,,,,,,,,,,,,,,,,,,,,,,,,,,,,,,,,,,,,,,,,,,,,,,,,,,,,,,,,,,,,,,,,,,,,,,,,,,,,,,,,,,,,,,,,,,,,,,,,,,,,,
#REF!,NC_0426,,B2C,Signed,Expired,Maria Luisa,De la Fuente Gonzalez,Lidia Maria,Ceceda de la Fuente,,2 Bed (1/2),,2,Worker,Worker,,8/24/2025,,9/24/2025,€ 745.00,,Renovation,NC_0559,,"1,525",,,,,31,1,yes,Sep-25,Clara Moran,,,,"Ampliación, depósito de reserva anterior",0,,,0,0,,,,,,,,,,,,,,,,,,,,,,,,,,,,,,,,,,,,,,,,,,,,,,,,,,,,,,,,,,,,,,,,,,,,,,,,,,,,,,,,,,,,,,,,,,,,,,,,,,,,,,,,,,,,,,,,,,,,,,,,,,,,,,,,,
#REF!,NC_0312,,B2C,Signed,Expired,Edith Beatriz,Bastos Chavannes,,,,Studio Rooftop,,1,Worker,,,8/29/2025,,9/29/2025,€ 650.00,,,,,"1,210",,,,,31,1,yes,Sep-25,Belen Lopez,,,,,0,,,0,0,,,,,,,,,,,,,,,,,,,,,,,,,,,,,,,,,,,,,,,,,,,,,,,,,,,,,,,,,,,,,,,,,,,,,,,,,,,,,,,,,,,,,,,,,,,,,,,,,,,,,,,,,,,,,,,,,,,,,,,,,,,,,,,,,
#REF!,NC_0379,,B2C,Signed,Expired,Fernando,Pading Iglesias,,,,Studio Comfort,,1,Worker,,,8/30/2025,,9/29/2025,€ 538.00,,Renovation,NC_0615,,"1,210",,,,,30,1,yes,Sep-25,Belen Lopez,,,,,0,,,0,0,,,,,,,,,,,,,,,,,,,,,,,,,,,,,,,,,,,,,,,,,,,,,,,,,,,,,,,,,,,,,,,,,,,,,,,,,,,,,,,,,,,,,,,,,,,,,,,,,,,,,,,,,,,,,,,,,,,,,,,,,,,,,,,,,
#REF!,NC_0147,,B2C,Signed,Expired,Ardhesir,Cordero Alvarado,,,,Studio Comfort,,1,Worker,,,7/18/2025,12/12/2025,9/30/2025,€ 995.00,N,,,,995,Upgrade de Unidad,,,,147,2,yes,Sep-25,Jaime Orna,,,,,0,,,0,0,,,,,,,,,,,,,,,,,,,,,,,,,,,,,,,,,,,,,,,,,,,,,,,,,,,,,,,,,,,,,,,,,,,,,,,,,,,,,,,,,,,,,,,,,,,,,,,,,,,,,,,,,,,,,,,,,,,,,,,,,,,,,,,,,
#REF!,NC_0231,,B2C,Signed,Expired,Amanda Ester,Idowu Lucio,,,,Studio Rooftop,,1,Worker,,,9/1/2025,,9/30/2025,€ 583.00,,,,,"1,165",,,,,29,1,yes,Sep-25,Belen Lopez,,,,,0,,,0,0,,,,,,,,,,,,,,,,,,,,,,,,,,,,,,,,,,,,,,,,,,,,,,,,,,,,,,,,,,,,,,,,,,,,,,,,,,,,,,,,,,,,,,,,,,,,,,,,,,,,,,,,,,,,,,,,,,,,,,,,,,,,,,,,,
#REF!,NC_0302,,B2C,Signed,Expired,Jose Maria,Sanchez Cabanillas,,,,Studio Standard + Terrace,,1,Worker,,,7/30/2025,,9/30/2025,€ 600.00,,Renovation,NC_0575,,"1,200",,,,,62,2,yes,Sep-25,Belen Lopez,,,,,0,,,0,0,,,,,,,,,,,,,,,,,,,,,,,,,,,,,,,,,,,,,,,,,,,,,,,,,,,,,,,,,,,,,,,,,,,,,,,,,,,,,,,,,,,,,,,,,,,,,,,,,,,,,,,,,,,,,,,,,,,,,,,,,,,,,,,,,
#REF!,NC_0308,,B2B,Signed,Expired,ESR Energy Solutions SL (3),,,,,Studio Comfort,,1,Worker,,,7/28/2025,,9/30/2025,€ 600.00,,,,,"1,200",,,,,64,2,yes,Sep-25,Jaime Orna,,,,Paga la estancia por adelantado,0,,,0,0,,,,,,,,,,,,,,,,,,,,,,,,,,,,,,,,,,,,,,,,,,,,,,,,,,,,,,,,,,,,,,,,,,,,,,,,,,,,,,,,,,,,,,,,,,,,,,,,,,,,,,,,,,,,,,,,,,,,,,,,,,,,,,,,,
#REF!,NC_0339,,B2B,Signed,Expired,Caldepar SL,,,,,2 Bed (1/2) + Terrace,,1,Student,,,8/1/2025,,9/30/2025,€ 780.00,,,,,"1,560",,,,,60,2,yes,Sep-25,Belen Lopez,,,,Paga por adelantado,0,,,0,0,,,,,,,,,,,,,,,,,,,,,,,,,,,,,,,,,,,,,,,,,,,,,,,,,,,,,,,,,,,,,,,,,,,,,,,,,,,,,,,,,,,,,,,,,,,,,,,,,,,,,,,,,,,,,,,,,,,,,,,,,,,,,,,,,
#REF!,NC_0410,,B2C,Signed,Expired,Javier,Castro,Adelita,Tavares Almeida,,Studio Comfort,,2,,,,8/22/2025,,9/30/2025,€ 605.00,,,,,"1,210",,,,,39,1,yes,Sep-25,Clara Moran,,,,Reserva Semi Directa,0,,,0,0,,,,,,,,,,,,,,,,,,,,,,,,,,,,,,,,,,,,,,,,,,,,,,,,,,,,,,,,,,,,,,,,,,,,,,,,,,,,,,,,,,,,,,,,,,,,,,,,,,,,,,,,,,,,,,,,,,,,,,,,,,,,,,,,,
#REF!,NC_0430,,B2C,Signed,Expired,Jose Marcos,Carmona Calero,,,,Studio Comfort,,1,Worker,,,9/1/2025,,9/30/2025,€ 605.00,,,,,"1,210",,,,,29,1,yes,Sep-25,Belen Lopez,,,,,0,,,0,0,,,,,,,,,,,,,,,,,,,,,,,,,,,,,,,,,,,,,,,,,,,,,,,,,,,,,,,,,,,,,,,,,,,,,,,,,,,,,,,,,,,,,,,,,,,,,,,,,,,,,,,,,,,,,,,,,,,,,,,,,,,,,,,,,
#REF!,NC_0506,,B2C,Signed,Expired,Carla,Moran,,,Jorge Javier Morán Asensi,Studio Standard,,1,Student,,9/11/2025,9/13/2025,6/5/2026,9/30/2025,€ 820.00,N,,,,820,Adenda Firmada,,,,265,1,yes,Sep-25,Belen Lopez,,,,Cancelacion Anticipada,0,,,0,0,,,,,,,,,,,,,,,,,,,,,,,,,,,,,,,,,,,,,,,,,,,,,,,,,,,,,,,,,,,,,,,,,,,,,,,,,,,,,,,,,,,,,,,,,,,,,,,,,,,,,,,,,,,,,,,,,,,,,,,,,,,,,,,,,
#REF!,NC_0139,,B2C,Signed,Expired,Antonio,Gadea del Saz,Nuria María,Fernández Arenzana,,2 Bed (1/2),,2,Worker,Worker,,6/22/2025,,10/1/2025,"€ 1,395.00",,,,,"1,395",,,,,101,3,yes,Oct-25,Belen Lopez,,,Pago estancia completa,,0,,,0,0,,,,,,,,,,,,,,,,,,,,,,,,,,,,,,,,,,,,,,,,,,,,,,,,,,,,,,,,,,,,,,,,,,,,,,,,,,,,,,,,,,,,,,,,,,,,,,,,,,,,,,,,,,,,,,,,,,,,,,,,,,,,,,,,,
#REF!,NC_0156,,B2C,Signed,Expired,Cristina,Rodríguez González,,,,Studio Rooftop,,1,Worker,,,6/27/2025,,10/1/2025,"€ 1,060.00",,,,,"1,060",,,,,96,3,yes,Oct-25,Belen Lopez,,,Paga la estancia completa,,0,,,0,0,,,,,,,,,,,,,,,,,,,,,,,,,,,,,,,,,,,,,,,,,,,,,,,,,,,,,,,,,,,,,,,,,,,,,,,,,,,,,,,,,,,,,,,,,,,,,,,,,,,,,,,,,,,,,,,,,,,,,,,,,,,,,,,,,
#REF!,NC_0425,,B2C,Signed,Expired,Luis Eduardo,Martinez Santos,,,,Studio Comfort,,1,Student,,9/3/2025,9/1/2025,,10/1/2025,€ 605.00,,,,,"1,210",,,,,30,1,No,Oct-25,Clara Moran,,,,Direct booking,0,,,0,0,,,,,,,,,,,,,,,,,,,,,,,,,,,,,,,,,,,,,,,,,,,,,,,,,,,,,,,,,,,,,,,,,,,,,,,,,,,,,,,,,,,,,,,,,,,,,,,,,,,,,,,,,,,,,,,,,,,,,,,,,,,,,,,,,
#REF!,NC_0455,,B2C,Signed,Expired,Tomas,Gutierrez Schloss,,,,Studio Comfort,,1,Student,,9/3/2025,9/3/2025,,10/3/2025,€ 605.00,,,,,"1,210",,,,,30,1,yes,Oct-25,Clara Moran,,,,Direct Booking,0,,,0,0,,,,,,,,,,,,,,,,,,,,,,,,,,,,,,,,,,,,,,,,,,,,,,,,,,,,,,,,,,,,,,,,,,,,,,,,,,,,,,,,,,,,,,,,,,,,,,,,,,,,,,,,,,,,,,,,,,,,,,,,,,,,,,,,,
#REF!,NC_0457,,B2C,Signed,Expired,Eduardo Andres,Navarro Santos,,,,Studio Standard + Terrace,,1,Student,,9/3/2025,9/5/2025,,10/5/2025,€ 605.00,,,,,"1,210",,,,,30,1,yes,Oct-25,Belen Lopez,,,,,0,,,0,0,,,,,,,,,,,,,,,,,,,,,,,,,,,,,,,,,,,,,,,,,,,,,,,,,,,,,,,,,,,,,,,,,,,,,,,,,,,,,,,,,,,,,,,,,,,,,,,,,,,,,,,,,,,,,,,,,,,,,,,,,,,,,,,,,
#REF!,NC_0459,,B2C,Signed,Expired,Samanta,Dall Agnese,,,,Studio Comfort,,1,Worker,,9/3/2025,9/4/2025,,10/5/2025,€ 605.00,,Renovation,NC_0594,,"1,210",,,,,31,1,yes,Oct-25,Clara Moran,,,,Direct Booking.,0,,,0,0,,,,,,,,,,,,,,,,,,,,,,,,,,,,,,,,,,,,,,,,,,,,,,,,,,,,,,,,,,,,,,,,,,,,,,,,,,,,,,,,,,,,,,,,,,,,,,,,,,,,,,,,,,,,,,,,,,,,,,,,,,,,,,,,,
#REF!,NC_0468,,B2C,Signed,Expired,Angel Daniel,Martín Martín,,,,Studio Standard,,1,Worker,,9/3/2025,9/5/2025,,10/5/2025,€ 605.00,,,,,"1,100",,,,,30,1,yes,Oct-25,Belen Lopez,,,,Unidad PMR,0,,,0,0,,,,,,,,,,,,,,,,,,,,,,,,,,,,,,,,,,,,,,,,,,,,,,,,,,,,,,,,,,,,,,,,,,,,,,,,,,,,,,,,,,,,,,,,,,,,,,,,,,,,,,,,,,,,,,,,,,,,,,,,,,,,,,,,,
#REF!,NC_0479,,B2C,Signed,Expired,Kexuan,Liang,Mauro Miguel,Rodriguez Muñoz,,2 Bed (1/2),,2,Worker,Worker,9/4/2025,9/5/2025,,10/5/2025,€ 753.00,,,,,"1,505",,,,,30,1,yes,Oct-25,Jaime Orna,,,,Paga estancia por adelantado,0,,,0,0,,,,,,,,,,,,,,,,,,,,,,,,,,,,,,,,,,,,,,,,,,,,,,,,,,,,,,,,,,,,,,,,,,,,,,,,,,,,,,,,,,,,,,,,,,,,,,,,,,,,,,,,,,,,,,,,,,,,,,,,,,,,,,,,,
#REF!,NC_0160,,B2C,Signed,Expired,Jose Antonio,Cañizares Arcos,,,,Studio Comfort,,1,Worker,,,6/5/2025,,10/6/2025,€ 995.00,,Renovation,NC_0593,,995,,,,,123,4,yes,Oct-25,Clara Moran,,,,Paga la estancia completa,0,,,0,0,,,,,,,,,,,,,,,,,,,,,,,,,,,,,,,,,,,,,,,,,,,,,,,,,,,,,,,,,,,,,,,,,,,,,,,,,,,,,,,,,,,,,,,,,,,,,,,,,,,,,,,,,,,,,,,,,,,,,,,,,,,,,,,,,
#REF!,NC_0369,,B2C,Signed,Expired,Agustín,Olmo Lopez,María Teresa,Gismero Ruiz,,Studio Comfort,,2,Student,Student,,9/6/2025,,10/6/2025,€ 655.00,,,,,"1,310",,,,,30,1,yes,Oct-25,Belen Lopez,,,,Pago por completo de la estancia,0,,,0,0,,,,,,,,,,,,,,,,,,,,,,,,,,,,,,,,,,,,,,,,,,,,,,,,,,,,,,,,,,,,,,,,,,,,,,,,,,,,,,,,,,,,,,,,,,,,,,,,,,,,,,,,,,,,,,,,,,,,,,,,,,,,,,,,,
#REF!,NC_0427,,B2C,Signed,Expired,Laura María,Bedoya Ramírez,Daniel Felipe,Diez Florez,,Studio Standard + Terrace,,2,Worker,Worker,,9/6/2025,,10/6/2025,€ 655.00,,,,,"1,310",,,,,30,1,yes,Oct-25,Belen Lopez,,,,,0,,,0,0,,,,,,,,,,,,,,,,,,,,,,,,,,,,,,,,,,,,,,,,,,,,,,,,,,,,,,,,,,,,,,,,,,,,,,,,,,,,,,,,,,,,,,,,,,,,,,,,,,,,,,,,,,,,,,,,,,,,,,,,,,,,,,,,,
#REF!,NC_0480,,B2C,Signed,Expired,Matilde,Bettencourt Avila Dos Santos Augusto,,,,Studio Comfort,,1,Student,,9/4/2025,9/6/2025,,10/6/2025,€ 605.00,,Renovation,NC_0592,,"1,210",,,,,30,1,yes,Oct-25,Clara Moran,,,,Direct Booking,0,,,0,0,,,,,,,,,,,,,,,,,,,,,,,,,,,,,,,,,,,,,,,,,,,,,,,,,,,,,,,,,,,,,,,,,,,,,,,,,,,,,,,,,,,,,,,,,,,,,,,,,,,,,,,,,,,,,,,,,,,,,,,,,,,,,,,,,
#REF!,NC_0447,,B2C,Signed,Expired,Cesar,Gonzalez,,,,Studio Standard + Terrace,,1,Worker,,9/3/2025,9/7/2025,,10/7/2025,€ 605.00,,,,,"1,210",,,,,30,1,yes,Oct-25,Clara Moran,,,,Pago trimestral,0,,,0,0,,,,,,,,,,,,,,,,,,,,,,,,,,,,,,,,,,,,,,,,,,,,,,,,,,,,,,,,,,,,,,,,,,,,,,,,,,,,,,,,,,,,,,,,,,,,,,,,,,,,,,,,,,,,,,,,,,,,,,,,,,,,,,,,,
#REF!,NC_0448,,B2C,Signed,Expired,Cesar,Flores Benitez,,,,Studio Rooftop,,1,Worker,,9/3/2025,9/7/2025,,10/7/2025,€ 605.00,,,,,"1,300",,,,,30,1,yes,Oct-25,Clara Moran,,,,Reserva Semi-Directa,0,,,0,0,,,,,,,,,,,,,,,,,,,,,,,,,,,,,,,,,,,,,,,,,,,,,,,,,,,,,,,,,,,,,,,,,,,,,,,,,,,,,,,,,,,,,,,,,,,,,,,,,,,,,,,,,,,,,,,,,,,,,,,,,,,,,,,,,
#REF!,NC_0453,,B2B2C,Signed,Expired,Daniel,de la Cuesta,,,,Studio Standard + Terrace,,1,Worker,,9/3/2025,9/7/2025,,10/7/2025,€ 605.00,,,,,"1,210",,,,,30,1,yes,Oct-25,Clara Moran,,,,Aviacion,0,,,0,0,,,,,,,,,,,,,,,,,,,,,,,,,,,,,,,,,,,,,,,,,,,,,,,,,,,,,,,,,,,,,,,,,,,,,,,,,,,,,,,,,,,,,,,,,,,,,,,,,,,,,,,,,,,,,,,,,,,,,,,,,,,,,,,,,
#REF!,NC_0465,,B2C,Signed,Expired,Horacio,Cervantes,,,,Studio Standard + Terrace,,1,Worker,,9/3/2025,9/7/2025,,10/7/2025,€ 605.00,,,,,"1,210",,,,,30,1,yes,Oct-25,Clara Moran,,,,,0,,,0,0,,,,,,,,,,,,,,,,,,,,,,,,,,,,,,,,,,,,,,,,,,,,,,,,,,,,,,,,,,,,,,,,,,,,,,,,,,,,,,,,,,,,,,,,,,,,,,,,,,,,,,,,,,,,,,,,,,,,,,,,,,,,,,,,,
#REF!,NC_0432,,B2C,Signed,Expired,Mohammadali,Nickpur,,,,Studio Comfort,,1,Worker,,,9/7/2025,,10/8/2025,€ 605.00,,,,,"1,210",,,,,31,1,yes,Oct-25,Clara Moran,,,,Direct Booking,0,,,0,0,,,,,,,,,,,,,,,,,,,,,,,,,,,,,,,,,,,,,,,,,,,,,,,,,,,,,,,,,,,,,,,,,,,,,,,,,,,,,,,,,,,,,,,,,,,,,,,,,,,,,,,,,,,,,,,,,,,,,,,,,,,,,,,,,
#REF!,NC_0460,,B2C,Signed,Expired,Alberto,Gonzalez Velado,,,,Studio Comfort,,1,Worker,,9/3/2025,9/8/2025,,10/8/2025,€ 605.00,,,,,"1,210",,,,,30,1,yes,Oct-25,Clara Moran,,,,Direct Booking,0,,,0,0,,,,,,,,,,,,,,,,,,,,,,,,,,,,,,,,,,,,,,,,,,,,,,,,,,,,,,,,,,,,,,,,,,,,,,,,,,,,,,,,,,,,,,,,,,,,,,,,,,,,,,,,,,,,,,,,,,,,,,,,,,,,,,,,,
#REF!,NC_0207,,B2C,Signed,Expired,Manuel,Gambino Bordenabe,,,,Studio Comfort,,1,Worker,,,8/16/2025,,10/10/2025,€ 545.00,,,,,"1,090",,,,,55,2,yes,Oct-25,Belen Lopez,,,,Paga la estancia por adelantado,0,,,0,0,,,,,,,,,,,,,,,,,,,,,,,,,,,,,,,,,,,,,,,,,,,,,,,,,,,,,,,,,,,,,,,,,,,,,,,,,,,,,,,,,,,,,,,,,,,,,,,,,,,,,,,,,,,,,,,,,,,,,,,,,,,,,,,,,
#REF!,NC_0313,,B2C,Signed,Expired,Andres Jose,Maldonado Jimenez,,,,Studio Comfort,,1,Worker,,,8/10/2025,,10/10/2025,€ 605.00,,,,,"1,210",,,,,61,2,yes,Oct-25,Clara Moran,,,,Paga la estancia por adelantado,0,,,0,0,,,,,,,,,,,,,,,,,,,,,,,,,,,,,,,,,,,,,,,,,,,,,,,,,,,,,,,,,,,,,,,,,,,,,,,,,,,,,,,,,,,,,,,,,,,,,,,,,,,,,,,,,,,,,,,,,,,,,,,,,,,,,,,,,
#REF!,NC_0409,,B2C,Signed,Expired,Marc,Wieland,,,,Studio Comfort,,1,Worker,,,9/9/2025,,10/10/2025,€ 605.00,,,,,"1,210",,,,,31,1,yes,Oct-25,Clara Moran,,,,Direct Booking,0,,,0,0,,,,,,,,,,,,,,,,,,,,,,,,,,,,,,,,,,,,,,,,,,,,,,,,,,,,,,,,,,,,,,,,,,,,,,,,,,,,,,,,,,,,,,,,,,,,,,,,,,,,,,,,,,,,,,,,,,,,,,,,,,,,,,,,,
#REF!,NC_0495,,B2C,Signed,Expired,Fana Colette,Harper-Tyson,,,,Studio Standard + Terrace,,1,Worker,,9/9/2025,9/10/2025,,10/10/2025,€ 605.00,,Renovation,NC_0617,,"1,210",,,,,30,1,yes,Oct-25,Belen Lopez,,,,,0,,,0,0,,,,,,,,,,,,,,,,,,,,,,,,,,,,,,,,,,,,,,,,,,,,,,,,,,,,,,,,,,,,,,,,,,,,,,,,,,,,,,,,,,,,,,,,,,,,,,,,,,,,,,,,,,,,,,,,,,,,,,,,,,,,,,,,,
#REF!,NC_0440,,B2C,Signed,Expired,Gregory,Alary,,,,Studio Comfort,,1,Worker,,9/3/2025,9/8/2025,,10/12/2025,€ 605.00,,,,,"1,210",,,,,34,1,yes,Oct-25,Clara Moran,,,,Direct booking,0,,,0,0,,,,,,,,,,,,,,,,,,,,,,,,,,,,,,,,,,,,,,,,,,,,,,,,,,,,,,,,,,,,,,,,,,,,,,,,,,,,,,,,,,,,,,,,,,,,,,,,,,,,,,,,,,,,,,,,,,,,,,,,,,,,,,,,,
#REF!,NC_0496,,B2C,Signed,Expired,Ryan Gabriel Pavan,Van Gurp,,,,Studio Comfort,,1,Worker,,9/10/2025,9/12/2025,,10/12/2025,€ 605.00,,,,,"1,210",,,,,30,1,yes,Oct-25,Belen Lopez,,,,,0,,,0,0,,,,,,,,,,,,,,,,,,,,,,,,,,,,,,,,,,,,,,,,,,,,,,,,,,,,,,,,,,,,,,,,,,,,,,,,,,,,,,,,,,,,,,,,,,,,,,,,,,,,,,,,,,,,,,,,,,,,,,,,,,,,,,,,,
#REF!,NC_0458,,B2C,Signed,Expired,Diana Alejandra,Hernandez Hernandez,Joyce Renata,García Aragón Rosas,,Studio Comfort,,2,Worker,Worker,9/3/2025,9/9/2025,,10/13/2025,€ 605.00,,Renovation,NC_0628,,"1,210",,,,,34,1,yes,Oct-25,Belen Lopez,,,,Direct Booking,0,,,0,0,,,,,,,,,,,,,,,,,,,,,,,,,,,,,,,,,,,,,,,,,,,,,,,,,,,,,,,,,,,,,,,,,,,,,,,,,,,,,,,,,,,,,,,,,,,,,,,,,,,,,,,,,,,,,,,,,,,,,,,,,,,,,,,,,
#REF!,NC_0483,,B2C,Signed,Expired,Jose Manuel,Noroña Cabrera,,,,Studio Standard + Terrace,,1,Worker,,9/8/2025,9/14/2025,,10/14/2025,€ 605.00,,,,,"1,210",,,,,30,1,yes,Oct-25,Clara Moran,,,,Paga la estancia por adelantado,0,,,0,0,,,,,,,,,,,,,,,,,,,,,,,,,,,,,,,,,,,,,,,,,,,,,,,,,,,,,,,,,,,,,,,,,,,,,,,,,,,,,,,,,,,,,,,,,,,,,,,,,,,,,,,,,,,,,,,,,,,,,,,,,,,,,,,,,
#REF!,NC_0484,,B2C,Signed,Expired,Aldo,Ocampo Bahena,,,,Studio Standard + Terrace,,1,Worker,,9/8/2025,9/14/2025,,10/14/2025,€ 605.00,,,,,"1,210",,,,,30,1,yes,Oct-25,Clara Moran,,,,Paga la estancia por adelantado,0,,,0,0,,,,,,,,,,,,,,,,,,,,,,,,,,,,,,,,,,,,,,,,,,,,,,,,,,,,,,,,,,,,,,,,,,,,,,,,,,,,,,,,,,,,,,,,,,,,,,,,,,,,,,,,,,,,,,,,,,,,,,,,,,,,,,,,,
#REF!,NC_0517,,B2C,Signed,Expired,Dulce,Morett Trujillo,Esteban,Lanzagorta Domene,,Studio Comfort,,2,Worker,Worker,9/12/2025,9/14/2025,,10/14/2025,€ 655.00,,Renovation,NC_0619,,"1,310",,,,,30,1,yes,Oct-25,Clara Moran,,,,,0,,,0,0,,,,,,,,,,,,,,,,,,,,,,,,,,,,,,,,,,,,,,,,,,,,,,,,,,,,,,,,,,,,,,,,,,,,,,,,,,,,,,,,,,,,,,,,,,,,,,,,,,,,,,,,,,,,,,,,,,,,,,,,,,,,,,,,,
#REF!,NC_0345,,B2B,Signed,Expired,Integracion Agencia Viajes SA,,,,,Studio Comfort,,1,,,,9/15/2025,,10/15/2025,€ 605.00,,,,,"1,210",,,,,30,1,yes,Oct-25,Jaime Orna,,,,,0,,,0,0,,,,,,,,,,,,,,,,,,,,,,,,,,,,,,,,,,,,,,,,,,,,,,,,,,,,,,,,,,,,,,,,,,,,,,,,,,,,,,,,,,,,,,,,,,,,,,,,,,,,,,,,,,,,,,,,,,,,,,,,,,,,,,,,,
#REF!,NC_0346,,B2B,Signed,Expired,Integracion Agencia Viajes SA,,,,,Studio Comfort,,1,,,,9/15/2025,,10/15/2025,€ 605.00,,,,,"1,210",,,,,30,1,yes,Oct-25,Jaime Orna,,,,,0,,,0,0,,,,,,,,,,,,,,,,,,,,,,,,,,,,,,,,,,,,,,,,,,,,,,,,,,,,,,,,,,,,,,,,,,,,,,,,,,,,,,,,,,,,,,,,,,,,,,,,,,,,,,,,,,,,,,,,,,,,,,,,,,,,,,,,,
#REF!,NC_0347,,B2B,Signed,Expired,Integracion Agencia Viajes SA,,,,,Studio Comfort,,1,,,,9/15/2025,,10/15/2025,€ 605.00,,,,,"1,210",,,,,30,1,yes,Oct-25,Jaime Orna,,,,,0,,,0,0,,,,,,,,,,,,,,,,,,,,,,,,,,,,,,,,,,,,,,,,,,,,,,,,,,,,,,,,,,,,,,,,,,,,,,,,,,,,,,,,,,,,,,,,,,,,,,,,,,,,,,,,,,,,,,,,,,,,,,,,,,,,,,,,,
#REF!,NC_0348,,B2B,Signed,Expired,Integracion Agencia Viajes SA,,,,,Studio Comfort,,1,,,,9/15/2025,,10/15/2025,€ 605.00,,,,,"1,210",,,,,30,1,yes,Oct-25,Jaime Orna,,,,,0,,,0,0,,,,,,,,,,,,,,,,,,,,,,,,,,,,,,,,,,,,,,,,,,,,,,,,,,,,,,,,,,,,,,,,,,,,,,,,,,,,,,,,,,,,,,,,,,,,,,,,,,,,,,,,,,,,,,,,,,,,,,,,,,,,,,,,,
#REF!,NC_0349,,B2B,Signed,Expired,Integracion Agencia Viajes SA,,,,,Studio Comfort,,1,,,,9/15/2025,,10/15/2025,€ 605.00,,,,,"1,210",,,,,30,1,yes,Oct-25,Jaime Orna,,,,,0,,,0,0,,,,,,,,,,,,,,,,,,,,,,,,,,,,,,,,,,,,,,,,,,,,,,,,,,,,,,,,,,,,,,,,,,,,,,,,,,,,,,,,,,,,,,,,,,,,,,,,,,,,,,,,,,,,,,,,,,,,,,,,,,,,,,,,,
#REF!,NC_0350,,B2B,Signed,Expired,Integracion Agencia Viajes SA,,,,,Studio Comfort,,1,,,,9/15/2025,,10/15/2025,€ 605.00,,,,,"1,210",,,,,30,1,yes,Oct-25,Jaime Orna,,,,,0,,,0,0,,,,,,,,,,,,,,,,,,,,,,,,,,,,,,,,,,,,,,,,,,,,,,,,,,,,,,,,,,,,,,,,,,,,,,,,,,,,,,,,,,,,,,,,,,,,,,,,,,,,,,,,,,,,,,,,,,,,,,,,,,,,,,,,,
#REF!,NC_0351,,B2B,Signed,Expired,Integracion Agencia Viajes SA,,,,,Studio Comfort,,1,,,,9/15/2025,,10/15/2025,€ 605.00,,,,,"1,210",,,,,30,1,yes,Oct-25,Jaime Orna,,,,,0,,,0,0,,,,,,,,,,,,,,,,,,,,,,,,,,,,,,,,,,,,,,,,,,,,,,,,,,,,,,,,,,,,,,,,,,,,,,,,,,,,,,,,,,,,,,,,,,,,,,,,,,,,,,,,,,,,,,,,,,,,,,,,,,,,,,,,,
#REF!,NC_0352,,B2B,Signed,Expired,Integracion Agencia Viajes SA,,,,,Studio Comfort,,1,,,,9/15/2025,,10/15/2025,€ 605.00,,,,,"1,210",,,,,30,1,yes,Oct-25,Jaime Orna,,,,,0,,,0,0,,,,,,,,,,,,,,,,,,,,,,,,,,,,,,,,,,,,,,,,,,,,,,,,,,,,,,,,,,,,,,,,,,,,,,,,,,,,,,,,,,,,,,,,,,,,,,,,,,,,,,,,,,,,,,,,,,,,,,,,,,,,,,,,,
#REF!,NC_0353,,B2B,Signed,Expired,Integracion Agencia Viajes SA,,,,,Studio Comfort,,1,,,,9/15/2025,,10/15/2025,€ 605.00,,,,,"1,210",,,,,30,1,yes,Oct-25,Jaime Orna,,,,,0,,,0,0,,,,,,,,,,,,,,,,,,,,,,,,,,,,,,,,,,,,,,,,,,,,,,,,,,,,,,,,,,,,,,,,,,,,,,,,,,,,,,,,,,,,,,,,,,,,,,,,,,,,,,,,,,,,,,,,,,,,,,,,,,,,,,,,,
#REF!,NC_0354,,B2B,Signed,Expired,Integracion Agencia Viajes SA,,,,,Studio Comfort,,1,Worker,,,9/15/2025,,10/15/2025,€ 605.00,,,,,"1,210",,,,,30,1,yes,Oct-25,Jaime Orna,,,,,0,,,0,0,,,,,,,,,,,,,,,,,,,,,,,,,,,,,,,,,,,,,,,,,,,,,,,,,,,,,,,,,,,,,,,,,,,,,,,,,,,,,,,,,,,,,,,,,,,,,,,,,,,,,,,,,,,,,,,,,,,,,,,,,,,,,,,,,
#REF!,NC_0514,,B2C,Signed,Expired,Zeyad Mohamed,Hassanin,Eyad,Hassanin,Asmaa Hassan Dahab,2 Bed (1/2),,2,Student,Student,9/15/2025,9/16/2025,,10/16/2025,€ 753.00,,Renovation,NC_0620,,"1,505",,,,,30,1,yes,Oct-25,Clara Moran,,,,,0,,,0,0,,,,,,,,,,,,,,,,,,,,,,,,,,,,,,,,,,,,,,,,,,,,,,,,,,,,,,,,,,,,,,,,,,,,,,,,,,,,,,,,,,,,,,,,,,,,,,,,,,,,,,,,,,,,,,,,,,,,,,,,,,,,,,,,,
#REF!,NC_0471,,B2C,Signed,Expired,Karen Josmin,Lopez Hernandez,Vlad Constantin Nechita,,,Studio Comfort,,2,Worker,Worker,9/3/2025,9/17/2025,,10/17/2025,€ 605.00,,,,,"1,310",,,,,30,1,yes,Oct-25,Clara Moran,,,,Direct Booking,0,,,0,0,,,,,,,,,,,,,,,,,,,,,,,,,,,,,,,,,,,,,,,,,,,,,,,,,,,,,,,,,,,,,,,,,,,,,,,,,,,,,,,,,,,,,,,,,,,,,,,,,,,,,,,,,,,,,,,,,,,,,,,,,,,,,,,,,
#REF!,NC_0524,,B2C,Signed,Expired,Mercedes,Añaños,Victoria,Tarnofsky,,2 Bed (1/2),,2,Worker,Worker,9/18/2025,9/17/2025,,10/17/2025,"€ 1,395.00",,,,,"1,505",,,,,30,1,No,Oct-25,Clara Moran,,,,Renovación,0,,,0,0,,,,,,,,,,,,,,,,,,,,,,,,,,,,,,,,,,,,,,,,,,,,,,,,,,,,,,,,,,,,,,,,,,,,,,,,,,,,,,,,,,,,,,,,,,,,,,,,,,,,,,,,,,,,,,,,,,,,,,,,,,,,,,,,,
#REF!,NC_0285,,B2C,Signed,Expired,Achraf,Nasar Moaimouni,,,,Studio Standard + Terrace,,1,Worker,,9/3/2025,7/17/2025,,10/18/2025,"€ 1,095.00",,Renovation,NC_0635,,"1,095",,,,,93,3,No,Oct-25,Jaime Orna,,,,Paga la estancia por adelantado,0,,,0,0,,,,,,,,,,,,,,,,,,,,,,,,,,,,,,,,,,,,,,,,,,,,,,,,,,,,,,,,,,,,,,,,,,,,,,,,,,,,,,,,,,,,,,,,,,,,,,,,,,,,,,,,,,,,,,,,,,,,,,,,,,,,,,,,,
#REF!,NC_0477,,B2C,Signed,Expired,Jorge,Rodriguez Revilla,Elizabeth,Hurtado Ardaya,,Studio Comfort,,2,Student,Student,9/4/2025,9/14/2025,,10/19/2025,€ 605.00,,,,,"1,310",,,,,35,1,yes,Oct-25,Belen Lopez,,,,"Direct Booking, el sistema no ha cobrado 100€ de segunda persona porque no esta bien configurado",0,,,0,0,,,,,,,,,,,,,,,,,,,,,,,,,,,,,,,,,,,,,,,,,,,,,,,,,,,,,,,,,,,,,,,,,,,,,,,,,,,,,,,,,,,,,,,,,,,,,,,,,,,,,,,,,,,,,,,,,,,,,,,,,,,,,,,,,
#REF!,NC_0144,,B2B,Signed,Expired,Kuehne-Nagel,,,,,2 Bed Rooftop (2/2),,1,,,9/15/2025,8/24/2025,,10/20/2025,€ 883.00,,,,,"1,765",,,,,57,2,No,Oct-25,Clara Moran,,,,,0,,,0,0,,,,,,,,,,,,,,,,,,,,,,,,,,,,,,,,,,,,,,,,,,,,,,,,,,,,,,,,,,,,,,,,,,,,,,,,,,,,,,,,,,,,,,,,,,,,,,,,,,,,,,,,,,,,,,,,,,,,,,,,,,,,,,,,,
#REF!,NC_0402,,B2B2C,Signed,Expired,Mohammed Houssem,Merati,Marcus James,White,,2 Bed (1/2),,2,Student,Student,9/18/2025,8/20/2025,,10/20/2025,€ 752.50,,Renovation,NC_0631,,"1,505",,,,,61,2,No,Oct-25,Clara Moran,,,,Aviacion,0,,,0,0,,,,,,,,,,,,,,,,,,,,,,,,,,,,,,,,,,,,,,,,,,,,,,,,,,,,,,,,,,,,,,,,,,,,,,,,,,,,,,,,,,,,,,,,,,,,,,,,,,,,,,,,,,,,,,,,,,,,,,,,,,,,,,,,,
#REF!,NC_0520,,B2C,Signed,Expired,Juan Pablo,Uzcategui Vargas,,,,Studio Comfort,,1,Worker,,9/15/2025,9/20/2025,,10/20/2025,€ 605.00,,,,,"1,210",,,,,30,1,yes,Oct-25,Belen Lopez,,,,Direct Booking,0,,,0,0,,,,,,,,,,,,,,,,,,,,,,,,,,,,,,,,,,,,,,,,,,,,,,,,,,,,,,,,,,,,,,,,,,,,,,,,,,,,,,,,,,,,,,,,,,,,,,,,,,,,,,,,,,,,,,,,,,,,,,,,,,,,,,,,,
#REF!,NC_0511,,B2C,Signed,Expired,Daniela Teresita,Couble Miñon,Nikolas Francisco,Kusulas Miñon,,Studio Comfort,,2,Worker,Worker,9/11/2025,9/21/2025,,10/21/2025,€ 605.00,,,,,"1,310",,,,,30,1,yes,Oct-25,Belen Lopez,,,,Direct Booking,0,,,0,0,,,,,,,,,,,,,,,,,,,,,,,,,,,,,,,,,,,,,,,,,,,,,,,,,,,,,,,,,,,,,,,,,,,,,,,,,,,,,,,,,,,,,,,,,,,,,,,,,,,,,,,,,,,,,,,,,,,,,,,,,,,,,,,,,
#REF!,NC_0087,,B2C,Signed,Expired,Alexander,Markovskiy,,,,Studio Rooftop,,1,Worker,,,5/15/2025,5/14/2026,10/23/2025,€ 920.00,R,,,,920,Adenda Firmada,,,1-Dec,364,5,yes,Oct-25,Clara Moran,,,,,0,920,,"213,242,200.00","42,648,440.00",,,,,,,,,,,,,,,,,,,,,,,,,,,,,,,,,,,,,,,,,,,,,,,,,,,,,,,,,,,,,,,,,,,,,,,,,,,,,,,,,,,,,,,,,,,,,,,,,,,,,,,,,,,,,,,,,,,,,,,,,,,,,,,,,
#REF!,NC_0125,,B2B,Signed,Expired,VDENERGY SL,,,,,Studio Comfort,,1,Worker,,,5/24/2025,5/23/2026,10/23/2025,€ 865.00,Y,,,,865,Adenda Firmada,,,1-Dec,364,5,yes,Oct-25,Clara Moran,,,,,0,865,,"200,494,025.00","40,098,805.00",,,,,,,,,,,,,,,,,,,,,,,,,,,,,,,,,,,,,,,,,,,,,,,,,,,,,,,,,,,,,,,,,,,,,,,,,,,,,,,,,,,,,,,,,,,,,,,,,,,,,,,,,,,,,,,,,,,,,,,,,,,,,,,,,
#REF!,NC_0153,,B2C,Signed,Expired,Ketan,Mandalia,,,,Studio Comfort,,1,,,,9/24/2025,7/5/2026,10/23/2025,€ 865.00,Y,,,,865,Adenda Firmada,,,,284,1,yes,Oct-25,Clara Moran,,,,,0,,,0,0,,,,,,,,,,,,,,,,,,,,,,,,,,,,,,,,,,,,,,,,,,,,,,,,,,,,,,,,,,,,,,,,,,,,,,,,,,,,,,,,,,,,,,,,,,,,,,,,,,,,,,,,,,,,,,,,,,,,,,,,,,,,,,,,,
#REF!,NC_0559,,B2C,Signed,Expired,Maria Luisa,De la Fuente Gonzalez,Lidia Maria,Ceceda de la Fuente,,2 Bed (1/2),,2,Worker,Worker,9/24/2025,9/24/2025,,10/24/2025,€ 745.00,,Renovation,NC_0657,Renovation,"1,525",,,,,30,1,yes,Oct-25,Clara Moran,,,,Renovación,0,,,0,0,,,,,,,,,,,,,,,,,,,,,,,,,,,,,,,,,,,,,,,,,,,,,,,,,,,,,,,,,,,,,,,,,,,,,,,,,,,,,,,,,,,,,,,,,,,,,,,,,,,,,,,,,,,,,,,,,,,,,,,,,,,,,,,,,
#REF!,NC_0219,,B2C,Signed,Expired,Oscar Valentín,Perez Menendez,,,,Studio Comfort,,1,,,,6/25/2025,,10/25/2025,€ 995.00,,,,,995,,,,,122,4,yes,Oct-25,Belen Lopez,,,,,0,,,0,0,,,,,,,,,,,,,,,,,,,,,,,,,,,,,,,,,,,,,,,,,,,,,,,,,,,,,,,,,,,,,,,,,,,,,,,,,,,,,,,,,,,,,,,,,,,,,,,,,,,,,,,,,,,,,,,,,,,,,,,,,,,,,,,,,
#REF!,NC_0565,,B2C,Signed,Expired,Victoria,Gooseva,,,,Studio Standard + Terrace,,1,Worker,,9/25/2025,9/25/2025,,10/25/2025,€ 605.00,,Renovation,NC_0688,,"1,210",,,,,30,1,yes,Oct-25,Belen Lopez,,,,,0,,,0,0,,,,,,,,,,,,,,,,,,,,,,,,,,,,,,,,,,,,,,,,,,,,,,,,,,,,,,,,,,,,,,,,,,,,,,,,,,,,,,,,,,,,,,,,,,,,,,,,,,,,,,,,,,,,,,,,,,,,,,,,,,,,,,,,,
#REF!,NC_0213,,B2B2C,Signed,Expired,Nienke,Cazemier,Elles Rosanna,Sombroek,Rosanna Anna Geertruida Engel,2 Bed (1/2),,2,Student,Student,,8/28/2025,,10/26/2025,€ 747.00,,,,,"1,490",,,,,59,2,yes,Oct-25,Belen Lopez,,,,Anouk,0,,,0,0,,,,,,,,,,,,,,,,,,,,,,,,,,,,,,,,,,,,,,,,,,,,,,,,,,,,,,,,,,,,,,,,,,,,,,,,,,,,,,,,,,,,,,,,,,,,,,,,,,,,,,,,,,,,,,,,,,,,,,,,,,,,,,,,,
#REF!,NC_0066,,B2C,Signed,Expired,Achosman,Santana Pérez,,,,Studio Standard,,1,Worker,,,4/22/2025,4/20/2026,10/27/2025,€ 755.00,Y,,,,755,Adenda Firmada,,,1-Dec,363,6,yes,Oct-25,Clara Moran,,,,Cancelacion anticipada,0,755,,"209,997,210.00","34,999,535.00",,,,,,,,,,,,,,,,,,,,,,,,,,,,,,,,,,,,,,,,,,,,,,,,,,,,,,,,,,,,,,,,,,,,,,,,,,,,,,,,,,,,,,,,,,,,,,,,,,,,,,,,,,,,,,,,,,,,,,,,,,,,,,,,,
#REF!,NC_0324,,B2C,Signed,Expired,Joselyn Lizbeth,Armijos Guaman,Bartosz Hubert,Wojcik,,Studio Rooftop,,2,Worker,Worker,,7/26/2025,,10/27/2025,"€ 1,170.00",,Renovation,NC_0652,,"1,170",,,,,93,3,yes,Oct-25,Belen Lopez,,,,,0,,,0,0,,,,,,,,,,,,,,,,,,,,,,,,,,,,,,,,,,,,,,,,,,,,,,,,,,,,,,,,,,,,,,,,,,,,,,,,,,,,,,,,,,,,,,,,,,,,,,,,,,,,,,,,,,,,,,,,,,,,,,,,,,,,,,,,,
#REF!,NC_0009,,B2C,Signed,Expired,María Camila,Arenas,,,Soraya Latino De La Hoz Cure,Studio Standard,,1,Worker,,,4/22/2025,,10/30/2025,€ 755.00,,,,,870,,115,,,191,6,yes,Oct-25,Clara Moran,,,,,690,,,690,115,,,,,,,,,,,,,,,,,,,,,,,,,,,,,,,,,,,,,,,,,,,,,,,,,,,,,,,,,,,,,,,,,,,,,,,,,,,,,,,,,,,,,,,,,,,,,,,,,,,,,,,,,,,,,,,,,,,,,,,,,,,,,,,,,
#REF!,NC_0247,,B2C,Signed,Expired,Ricardo Antonio,Peña Silva,Alma Estefania,Peña de Lira,,Studio Comfort,,2,Student,Student,,9/30/2025,,10/30/2025,€ 595.00,,,,,"1,190",,,,,30,1,yes,Oct-25,Belen Lopez,,,,,0,,,0,0,,,,,,,,,,,,,,,,,,,,,,,,,,,,,,,,,,,,,,,,,,,,,,,,,,,,,,,,,,,,,,,,,,,,,,,,,,,,,,,,,,,,,,,,,,,,,,,,,,,,,,,,,,,,,,,,,,,,,,,,,,,,,,,,,
#REF!,NC_0560,,B2C,Signed,Expired,Antonio,Viejo Martínez,,,,Studio Standard + Terrace,,1,Worker,,9/24/2025,9/28/2025,,10/30/2025,€ 605.00,,Renovation,NC_0691,,"1,210",,,,,32,1,yes,Oct-25,Belen Lopez,,,,,0,,,0,0,,,,,,,,,,,,,,,,,,,,,,,,,,,,,,,,,,,,,,,,,,,,,,,,,,,,,,,,,,,,,,,,,,,,,,,,,,,,,,,,,,,,,,,,,,,,,,,,,,,,,,,,,,,,,,,,,,,,,,,,,,,,,,,,,
#REF!,NC_0571,,B2C,Signed,Expired,Marie,Rouiller,Sihan,Ge,,Studio Standard + Terrace,,2,Worker,Worker,9/27/2025,9/30/2025,,10/30/2025,€ 655.00,,,,,"1,310",,,,,30,1,yes,Oct-25,Clara Moran,,,,Direct Booking,0,,,0,0,,,,,,,,,,,,,,,,,,,,,,,,,,,,,,,,,,,,,,,,,,,,,,,,,,,,,,,,,,,,,,,,,,,,,,,,,,,,,,,,,,,,,,,,,,,,,,,,,,,,,,,,,,,,,,,,,,,,,,,,,,,,,,,,,
#REF!,NC_0012,,B2C,Signed,Expired,Andrea Carolina,Reyes García,,,,Studio Standard,,1,Worker,,,4/28/2025,4/27/2026,10/31/2025,€ 755.00,R,,,,755,Adenda Firmada,,,1-Dec,364,6,yes,Oct-25,Jaime Orna,,,,,0,755,,"209,997,210.00","34,999,535.00",,,,,,,,,,,,,,,,,,,,,,,,,,,,,,,,,,,,,,,,,,,,,,,,,,,,,,,,,,,,,,,,,,,,,,,,,,,,,,,,,,,,,,,,,,,,,,,,,,,,,,,,,,,,,,,,,,,,,,,,,,,,,,,,,
#REF!,NC_0023,,B2B,Signed,Expired,Taneba Gbmh,,,,,2 Bed (1/2) + Terrace,,1,Worker,,,4/30/2025,,10/31/2025,"€ 1,440.00",,Renovation,NC_0566,,"1,440",,,,,184,6,yes,Oct-25,Jaime Orna,,,,,0,,,0,0,,,,,,,,,,,,,,,,,,,,,,,,,,,,,,,,,,,,,,,,,,,,,,,,,,,,,,,,,,,,,,,,,,,,,,,,,,,,,,,,,,,,,,,,,,,,,,,,,,,,,,,,,,,,,,,,,,,,,,,,,,,,,,,,,
#REF!,NC_0050,,B2C,Signed,Expired,Julio César,Rojas,Andres,Ruiz Roman,,2 Bed (1/2) + Terrace,,2,Worker,Worker,,4/30/2025,4/28/2026,10/31/2025,"€ 1,250.00",Y,,,,"1,250",Adenda Denegada,,,1-Dec,363,6,yes,Oct-25,Jaime Orna,,,Pagan 6 meses por adelantado,,0,1250,,"347,677,500.00","57,946,250.00",,,,,,,,,,,,,,,,,,,,,,,,,,,,,,,,,,,,,,,,,,,,,,,,,,,,,,,,,,,,,,,,,,,,,,,,,,,,,,,,,,,,,,,,,,,,,,,,,,,,,,,,,,,,,,,,,,,,,,,,,,,,,,,,,
#REF!,NC_0067,,B2C,Signed,Expired,Jorge,Barbado Esteban,,,,Studio Standard,,1,Worker,,,4/22/2025,4/20/2026,10/31/2025,€ 755.00,Y,,,,755,Adenda Denegada,,,1-Dec,363,6,yes,Oct-25,Clara Moran,,,,,0,755,,"209,997,210.00","34,999,535.00",,,,,,,,,,,,,,,,,,,,,,,,,,,,,,,,,,,,,,,,,,,,,,,,,,,,,,,,,,,,,,,,,,,,,,,,,,,,,,,,,,,,,,,,,,,,,,,,,,,,,,,,,,,,,,,,,,,,,,,,,,,,,,,,,
#REF!,NC_0196,,B2C,Signed,Expired,Iñaki,Martinez Ajenjo,,,Maria Laura Ajenjo Benjumeda,Studio Standard + Terrace,,1,Worker,,,6/20/2025,6/18/2026,10/31/2025,€ 895.00,Y,,,,895,Adenda Firmada,,,,363,4,yes,Oct-25,Jaime Orna,,,,Cancelacion anticipada,0,,,0,0,,,,,,,,,,,,,,,,,,,,,,,,,,,,,,,,,,,,,,,,,,,,,,,,,,,,,,,,,,,,,,,,,,,,,,,,,,,,,,,,,,,,,,,,,,,,,,,,,,,,,,,,,,,,,,,,,,,,,,,,,,,,,,,,,
#REF!,NC_0222,,B2C,Signed,Expired,Alberto,Guzman Unamuno,,,,Studio Comfort,,1,Worker,,,6/30/2025,6/28/2026,10/31/2025,€ 865.00,R,,,,865,Adenda Firmada,,,1-Dec,363,4,yes,Oct-25,Belen Lopez,,,,,0,865,,"160,395,220.00","40,098,805.00",,,,,,,,,,,,,,,,,,,,,,,,,,,,,,,,,,,,,,,,,,,,,,,,,,,,,,,,,,,,,,,,,,,,,,,,,,,,,,,,,,,,,,,,,,,,,,,,,,,,,,,,,,,,,,,,,,,,,,,,,,,,,,,,,
#REF!,NC_0244,,B2B,Signed,Expired,ESR Energy Solutions SL,,,,,Studio Comfort,,1,Worker,,,7/7/2025,,10/31/2025,€ 995.00,,,,,995,,,,,116,4,yes,Oct-25,Jaime Orna,,,,,0,,,0,0,,,,,,,,,,,,,,,,,,,,,,,,,,,,,,,,,,,,,,,,,,,,,,,,,,,,,,,,,,,,,,,,,,,,,,,,,,,,,,,,,,,,,,,,,,,,,,,,,,,,,,,,,,,,,,,,,,,,,,,,,,,,,,,,,
#REF!,NC_0254,,B2C,Signed,Expired,Jose Luis de Jesus,Jimeno Nigrinis,,,,Studio Rooftop,,1,Worker,,,7/4/2025,7/3/2026,10/31/2025,€ 920.00,Y,,,,920,Adenda Firmada,,,1-Dec,364,4,yes,Oct-25,Belen Lopez,,,,,0,920,,"170,593,760.00","42,648,440.00",,,,,,,,,,,,,,,,,,,,,,,,,,,,,,,,,,,,,,,,,,,,,,,,,,,,,,,,,,,,,,,,,,,,,,,,,,,,,,,,,,,,,,,,,,,,,,,,,,,,,,,,,,,,,,,,,,,,,,,,,,,,,,,,,
#REF!,NC_0257,,B2C,Signed,Expired,Luis Antonio,Medina Tellez,,,,Studio Standard,,1,Student,,7/7/2025,10/7/2025,7/7/2026,10/31/2025,€ 785.00,R,,,,785,Adenda Denegada,,,,273,1,yes,Oct-25,Clara Moran,,,,Reserva de University Living,0,,,0,0,,,,,,,,,,,,,,,,,,,,,,,,,,,,,,,,,,,,,,,,,,,,,,,,,,,,,,,,,,,,,,,,,,,,,,,,,,,,,,,,,,,,,,,,,,,,,,,,,,,,,,,,,,,,,,,,,,,,,,,,,,,,,,,,,
#REF!,NC_0289,,B2B2C,Signed,Expired,Resa Lucía Cornelia,van Schaik,,,Hendrikus Gerardus Petrus van Schaik,Studio Comfort,,1,Student,,,8/30/2025,12/31/2025,10/31/2025,"€ 1,010.00",R,,,,"1,010",Adenda Firmada,,,,123,2,yes,Oct-25,Belen Lopez,,,,Anouk,0,,,0,0,,,,,,,,,,,,,,,,,,,,,,,,,,,,,,,,,,,,,,,,,,,,,,,,,,,,,,,,,,,,,,,,,,,,,,,,,,,,,,,,,,,,,,,,,,,,,,,,,,,,,,,,,,,,,,,,,,,,,,,,,,,,,,,,,
#REF!,NC_0374,,B2C,Signed,Expired,Mara,Mazzoni,,,,Studio Comfort,,1,Student,,,9/1/2025,,10/31/2025,€ 538.00,,,,,"1,075",,,,,60,2,yes,Oct-25,Belen Lopez,,,,,0,,,0,0,,,,,,,,,,,,,,,,,,,,,,,,,,,,,,,,,,,,,,,,,,,,,,,,,,,,,,,,,,,,,,,,,,,,,,,,,,,,,,,,,,,,,,,,,,,,,,,,,,,,,,,,,,,,,,,,,,,,,,,,,,,,,,,,,
#REF!,NC_0406,,B2C,Signed,Expired,Meiby,Diaz Castellanos,,,,Studio Standard + Terrace,,2,,,,8/26/2025,,10/31/2025,"€ 1,130.00",,Renovation,NC_0962,,"1,310",,,,,66,2,yes,Oct-25,Clara Moran,,,,,0,,,0,0,,,,,,,,,,,,,,,,,,,,,,,,,,,,,,,,,,,,,,,,,,,,,,,,,,,,,,,,,,,,,,,,,,,,,,,,,,,,,,,,,,,,,,,,,,,,,,,,,,,,,,,,,,,,,,,,,,,,,,,,,,,,,,,,,
#REF!,NC_0445,,B2C,Signed,Expired,Pablo,Garcia Jimenez,,,,Studio Comfort,,1,Worker,,9/3/2025,9/1/2025,,10/31/2025,€ 605.00,,,,,"1,210",,,,,60,2,No,Oct-25,Clara Moran,,,,Paga la estancia por adelantado,0,,,0,0,,,,,,,,,,,,,,,,,,,,,,,,,,,,,,,,,,,,,,,,,,,,,,,,,,,,,,,,,,,,,,,,,,,,,,,,,,,,,,,,,,,,,,,,,,,,,,,,,,,,,,,,,,,,,,,,,,,,,,,,,,,,,,,,,
#REF!,NC_0570,,B2C,Signed,Expired,Cristina,Vargas Fernandez,Jose Manuel,Serrano Esteve,,Studio Comfort,,2,Worker,Worker,9/27/2025,10/1/2025,,10/31/2025,€ 615.00,,,,,"1,330",,,,,30,1,yes,Oct-25,Clara Moran,,,,Direct Booking,0,,,0,0,,,,,,,,,,,,,,,,,,,,,,,,,,,,,,,,,,,,,,,,,,,,,,,,,,,,,,,,,,,,,,,,,,,,,,,,,,,,,,,,,,,,,,,,,,,,,,,,,,,,,,,,,,,,,,,,,,,,,,,,,,,,,,,,,
#REF!,NC_0576,,B2C,Signed,Expired,Salvador,Sanchis Bañuls,,,,Studio Standard + Terrace,,1,Worker,,9/28/2025,9/28/2025,,10/31/2025,€ 605.00,,,,,"1,210",,,,,33,1,yes,Oct-25,Belen Lopez,,,,,0,,,0,0,,,,,,,,,,,,,,,,,,,,,,,,,,,,,,,,,,,,,,,,,,,,,,,,,,,,,,,,,,,,,,,,,,,,,,,,,,,,,,,,,,,,,,,,,,,,,,,,,,,,,,,,,,,,,,,,,,,,,,,,,,,,,,,,,
#REF!,NC_0013,,B2C,Signed,Expired,Tatiana,Mafioly,,,,Studio Standard,,1,Worker,,,4/30/2025,,11/1/2025,€ 755.00,,,,,870,,115,,,185,6,yes,Nov-25,Belen Lopez,,,,,690,,,690,115,,,,,,,,,,,,,,,,,,,,,,,,,,,,,,,,,,,,,,,,,,,,,,,,,,,,,,,,,,,,,,,,,,,,,,,,,,,,,,,,,,,,,,,,,,,,,,,,,,,,,,,,,,,,,,,,,,,,,,,,,,,,,,,,,
#REF!,NC_0287,,B2B,Signed,Expired,Nova Urbella S.L,,,,,2 Bed (1/2),,2,Worker,Worker,,8/6/2025,,11/1/2025,€ 753.00,,Renovation,NC_0674,,"1,505",,,,,87,3,yes,Nov-25,Clara Moran,,,,Paga por adelantado 3 meses . Semi directa,0,,,0,0,,,,,,,,,,,,,,,,,,,,,,,,,,,,,,,,,,,,,,,,,,,,,,,,,,,,,,,,,,,,,,,,,,,,,,,,,,,,,,,,,,,,,,,,,,,,,,,,,,,,,,,,,,,,,,,,,,,,,,,,,,,,,,,,,
#REF!,NC_0297,,B2C,Signed,Expired,Deborah Patricia,Sanchez Torres,,,,Studio Rooftop,,1,Student,,,7/19/2025,,11/1/2025,"€ 1,070.00",,Renovation,NC_0677,,"1,070",,,,,105,3,yes,Nov-25,Clara Moran,,,,Pagada la estancia completa,0,,,0,0,,,,,,,,,,,,,,,,,,,,,,,,,,,,,,,,,,,,,,,,,,,,,,,,,,,,,,,,,,,,,,,,,,,,,,,,,,,,,,,,,,,,,,,,,,,,,,,,,,,,,,,,,,,,,,,,,,,,,,,,,,,,,,,,,
#REF!,NC_0309,,B2C,Signed,Expired,Myryam,Maoudj Esteban,,,,Studio Comfort,,1,Worker,,,7/31/2025,,11/1/2025,"€ 1,005.00",,,,,"1,005",,,,,93,3,yes,Nov-25,Clara Moran,,,,Ampliación,0,,,0,0,,,,,,,,,,,,,,,,,,,,,,,,,,,,,,,,,,,,,,,,,,,,,,,,,,,,,,,,,,,,,,,,,,,,,,,,,,,,,,,,,,,,,,,,,,,,,,,,,,,,,,,,,,,,,,,,,,,,,,,,,,,,,,,,,
#REF!,NC_0575,,B2C,Signed,Expired,Jose María,Sanchez Cabanillas,,,,Studio Standard + Terrace,,1,Worker,,9/29/2025,9/30/2025,,11/1/2025,€ 605.00,,,,,"1,210",,,,,32,1,yes,Nov-25,Belen Lopez,,,,,0,,,0,0,,,,,,,,,,,,,,,,,,,,,,,,,,,,,,,,,,,,,,,,,,,,,,,,,,,,,,,,,,,,,,,,,,,,,,,,,,,,,,,,,,,,,,,,,,,,,,,,,,,,,,,,,,,,,,,,,,,,,,,,,,,,,,,,,
#REF!,NC_0540,,B2C,Signed,Expired,Maria Montserrat,Gordon Vergara,,,,Studio Standard + Terrace,,1,Worker,,9/23/2025,10/3/2025,,11/2/2025,€ 615.00,,,,,"1,230",,,,,30,1,yes,Nov-25,Belen Lopez,,,,Direct booking,0,,,0,0,,,,,,,,,,,,,,,,,,,,,,,,,,,,,,,,,,,,,,,,,,,,,,,,,,,,,,,,,,,,,,,,,,,,,,,,,,,,,,,,,,,,,,,,,,,,,,,,,,,,,,,,,,,,,,,,,,,,,,,,,,,,,,,,,
#REF!,NC_0577,,B2C,Signed,Expired,Constantin-Vlad,Nechita,,,,Studio Standard + Terrace,,1,Worker,,9/29/2025,10/3/2025,,11/2/2025,€ 615.00,,,,,"1,230",,,,,30,1,yes,Nov-25,Belen Lopez,,,,Direct Booking,0,,,0,0,,,,,,,,,,,,,,,,,,,,,,,,,,,,,,,,,,,,,,,,,,,,,,,,,,,,,,,,,,,,,,,,,,,,,,,,,,,,,,,,,,,,,,,,,,,,,,,,,,,,,,,,,,,,,,,,,,,,,,,,,,,,,,,,,
#REF!,NC_0579,,B2C,Signed,Expired,Luca,Venga,,,,Studio Standard + Terrace,,1,Worker,,9/29/2025,10/3/2025,,11/2/2025,€ 615.00,,Renovation,NC_0665,Renovation,"1,230",,,,,30,1,yes,Nov-25,Clara Moran,,,,Direct Booking,0,,,0,0,,,,,,,,,,,,,,,,,,,,,,,,,,,,,,,,,,,,,,,,,,,,,,,,,,,,,,,,,,,,,,,,,,,,,,,,,,,,,,,,,,,,,,,,,,,,,,,,,,,,,,,,,,,,,,,,,,,,,,,,,,,,,,,,,
#REF!,NC_0581,,B2C,Signed,Expired,Gabriela,Toledo,,,,Studio Standard + Terrace,,1,Worker,,9/29/2025,10/3/2025,,11/2/2025,€ 615.00,,,,,"1,230",,,,,30,1,yes,Nov-25,Clara Moran,,,,Direct Booking,0,,,0,0,,,,,,,,,,,,,,,,,,,,,,,,,,,,,,,,,,,,,,,,,,,,,,,,,,,,,,,,,,,,,,,,,,,,,,,,,,,,,,,,,,,,,,,,,,,,,,,,,,,,,,,,,,,,,,,,,,,,,,,,,,,,,,,,,
#REF!,NC_0586,,B2C,Signed,Expired,Alireza,Saniei,Farideh,Karimi Tamigani,Mohammadamin Aghahassani,2 Bed (1/2),,2,Worker,Worker,9/30/2025,10/2/2025,,11/2/2025,€ 763.00,,,,,"1,525",,,,,31,1,yes,Nov-25,Clara Moran,,,,,0,,,0,0,,,,,,,,,,,,,,,,,,,,,,,,,,,,,,,,,,,,,,,,,,,,,,,,,,,,,,,,,,,,,,,,,,,,,,,,,,,,,,,,,,,,,,,,,,,,,,,,,,,,,,,,,,,,,,,,,,,,,,,,,,,,,,,,,
#REF!,NC_0319,,B2C,Signed,Expired,Anartz,San Juan Zulueta,,,,Studio Standard,,1,Worker,,,8/2/2025,,11/3/2025,€ 880.00,,Renovation,NC_0696,,880,,,,,93,3,yes,Nov-25,Clara Moran,,,,Ampliación,0,,,0,0,,,,,,,,,,,,,,,,,,,,,,,,,,,,,,,,,,,,,,,,,,,,,,,,,,,,,,,,,,,,,,,,,,,,,,,,,,,,,,,,,,,,,,,,,,,,,,,,,,,,,,,,,,,,,,,,,,,,,,,,,,,,,,,,,
#REF!,NC_0578,,B2C,Signed,Expired,Ziadoon Naseer Mrebee,Al-Fadhli,,,,Studio Comfort,,1,Worker,,9/29/2025,10/4/2025,,11/3/2025,€ 615.00,,Renovation,NC_0708,,"1,230",,,,,30,1,yes,Nov-25,Belen Lopez,,,,Direct Booking,0,,,0,0,,,,,,,,,,,,,,,,,,,,,,,,,,,,,,,,,,,,,,,,,,,,,,,,,,,,,,,,,,,,,,,,,,,,,,,,,,,,,,,,,,,,,,,,,,,,,,,,,,,,,,,,,,,,,,,,,,,,,,,,,,,,,,,,,
#REF!,NC_0588,,B2C,Signed,Expired,Miguel Angel,Jimenez Alba,,,,Studio Comfort,,1,Worker,,10/2/2025,10/4/2025,,11/3/2025,€ 615.00,,Renovation,NC_0715,,"1,230",,,,,30,1,yes,Nov-25,Clara Moran,,,,Direct booking,0,,,0,0,,,,,,,,,,,,,,,,,,,,,,,,,,,,,,,,,,,,,,,,,,,,,,,,,,,,,,,,,,,,,,,,,,,,,,,,,,,,,,,,,,,,,,,,,,,,,,,,,,,,,,,,,,,,,,,,,,,,,,,,,,,,,,,,,
#REF!,NC_0251,,B2C,Signed,Expired,Juan Luis,Troitiño Tarin,,,,Studio Comfort,,1,Worker,,,7/4/2025,,11/4/2025,€ 995.00,,Renovation,NC_0527,,995,,,,,123,4,yes,Nov-25,Belen Lopez,,,,,0,,,0,0,,,,,,,,,,,,,,,,,,,,,,,,,,,,,,,,,,,,,,,,,,,,,,,,,,,,,,,,,,,,,,,,,,,,,,,,,,,,,,,,,,,,,,,,,,,,,,,,,,,,,,,,,,,,,,,,,,,,,,,,,,,,,,,,,
#REF!,NC_0450,,B2C,Signed,Expired,Laura Mercedes,Vozza Rial,Nicolás,Agudo Vozza,,Studio Standard + Terrace,,2,Worker,Worker,9/3/2025,9/4/2025,,11/4/2025,€ 655.00,,,,,"1,310",,,,,61,2,yes,Nov-25,Belen Lopez,,,,Paga la estancia por adelantado,0,,,0,0,,,,,,,,,,,,,,,,,,,,,,,,,,,,,,,,,,,,,,,,,,,,,,,,,,,,,,,,,,,,,,,,,,,,,,,,,,,,,,,,,,,,,,,,,,,,,,,,,,,,,,,,,,,,,,,,,,,,,,,,,,,,,,,,,
#REF!,NC_0611,,B2B,Signed,Expired,Grupo Resolute Servicios Universales SL,,,,,2 Bed (1/2),,2,Worker,Worker,10/7/2025,10/5/2025,,11/4/2025,€ 763.00,,Renovation,NC_0720,,"1,525",,,,,30,1,No,Nov-25,Clara Moran,,,,,0,,,0,0,,,,,,,,,,,,,,,,,,,,,,,,,,,,,,,,,,,,,,,,,,,,,,,,,,,,,,,,,,,,,,,,,,,,,,,,,,,,,,,,,,,,,,,,,,,,,,,,,,,,,,,,,,,,,,,,,,,,,,,,,,,,,,,,,
#REF!,NC_0592,,B2C,Signed,Expired,Matilde,Bettencourt Avila Dos Santos Augusto,,,,Studio Comfort,,1,Student,,10/2/2025,10/6/2025,,11/5/2025,€ 605.00,,Renovation,NC_0704,,"1,230",,,,,30,1,yes,Nov-25,Clara Moran,,,,"Renovación, depósito reserva anterior",0,,,0,0,,,,,,,,,,,,,,,,,,,,,,,,,,,,,,,,,,,,,,,,,,,,,,,,,,,,,,,,,,,,,,,,,,,,,,,,,,,,,,,,,,,,,,,,,,,,,,,,,,,,,,,,,,,,,,,,,,,,,,,,,,,,,,,,,
#REF!,NC_0601,,B2C,Signed,Expired,Tom,Bobleter,Clement,Redon,,Studio Standard + Terrace,,2,Worker,Worker,10/3/2025,10/6/2025,,11/6/2025,€ 665.00,,,,,"1,330",,,,,31,1,yes,Nov-25,Clara Moran,,,,Direct Booking,0,,,0,0,,,,,,,,,,,,,,,,,,,,,,,,,,,,,,,,,,,,,,,,,,,,,,,,,,,,,,,,,,,,,,,,,,,,,,,,,,,,,,,,,,,,,,,,,,,,,,,,,,,,,,,,,,,,,,,,,,,,,,,,,,,,,,,,,
#REF!,NC_0602,,B2C,Signed,Expired,Vidal,Mateos Salas,Eusebia,Rivero Vicente,,Studio Comfort,,2,Worker,Worker,10/3/2025,10/7/2025,,11/6/2025,€ 665.00,,Renovation,NC_0710,,"1,330",,,,,30,1,yes,Nov-25,Clara Moran,,,,,0,,,0,0,,,,,,,,,,,,,,,,,,,,,,,,,,,,,,,,,,,,,,,,,,,,,,,,,,,,,,,,,,,,,,,,,,,,,,,,,,,,,,,,,,,,,,,,,,,,,,,,,,,,,,,,,,,,,,,,,,,,,,,,,,,,,,,,,
#REF!,NC_0446,,B2C,Signed,Expired,Francisco Javier,Fernandez Martín,,,,Studio Standard + Terrace,,1,Worker,,9/3/2025,9/1/2025,,11/7/2025,€ 605.00,,,,,"1,210",,,,,67,2,No,Nov-25,Belen Lopez,,,,,0,,,0,0,,,,,,,,,,,,,,,,,,,,,,,,,,,,,,,,,,,,,,,,,,,,,,,,,,,,,,,,,,,,,,,,,,,,,,,,,,,,,,,,,,,,,,,,,,,,,,,,,,,,,,,,,,,,,,,,,,,,,,,,,,,,,,,,,
#REF!,NC_0493,,B2C,Signed,Expired,Martin,Gerges,,,,Studio Standard + Terrace,,1,Worker,,9/9/2025,9/13/2025,,11/7/2025,€ 605.00,,Renovation,NC_0697,Renovation,"1,210",,,,,55,2,yes,Nov-25,Clara Moran,,,,Paga estancia por adelantado,0,,,0,0,,,,,,,,,,,,,,,,,,,,,,,,,,,,,,,,,,,,,,,,,,,,,,,,,,,,,,,,,,,,,,,,,,,,,,,,,,,,,,,,,,,,,,,,,,,,,,,,,,,,,,,,,,,,,,,,,,,,,,,,,,,,,,,,,
#REF!,NC_0596,,B2C,Signed,Expired,Francisco Javier,Salillas Herrero,Maria Teresa,Hernando Merino,,Studio Comfort,,2,Worker,Worker,10/6/2025,10/8/2025,,11/7/2025,€ 665.00,,,,,"1,330",,,,,30,1,yes,Nov-25,Clara Moran,,,,,0,,,0,0,,,,,,,,,,,,,,,,,,,,,,,,,,,,,,,,,,,,,,,,,,,,,,,,,,,,,,,,,,,,,,,,,,,,,,,,,,,,,,,,,,,,,,,,,,,,,,,,,,,,,,,,,,,,,,,,,,,,,,,,,,,,,,,,,
#REF!,NC_0462,,B2B,Signed,Expired,Fundlicious SL,,,,,Studio Comfort,,1,Worker,,9/3/2025,9/2/2025,,11/8/2025,€ 605.00,,,,,"1,210",,,,,67,2,No,Nov-25,Belen Lopez,,,,Paga la estancia por adelantado,0,,,0,0,,,,,,,,,,,,,,,,,,,,,,,,,,,,,,,,,,,,,,,,,,,,,,,,,,,,,,,,,,,,,,,,,,,,,,,,,,,,,,,,,,,,,,,,,,,,,,,,,,,,,,,,,,,,,,,,,,,,,,,,,,,,,,,,,
#REF!,NC_0521,,B2B,Signed,Expired,Fundlicious SL,,,,,2 Bed (1/2),,2,Worker,Worker,9/16/2025,9/17/2025,,11/8/2025,€ 753.00,,,,,"1,505",,,,,52,2,yes,Nov-25,Belen Lopez,,,,Paga la estancia por adelantado,0,,,0,0,,,,,,,,,,,,,,,,,,,,,,,,,,,,,,,,,,,,,,,,,,,,,,,,,,,,,,,,,,,,,,,,,,,,,,,,,,,,,,,,,,,,,,,,,,,,,,,,,,,,,,,,,,,,,,,,,,,,,,,,,,,,,,,,,
#REF!,NC_0591,,B2C,Signed,Expired,Tatiana,Bielikova,,,,Studio Comfort,,1,Worker,,10/2/2025,10/9/2025,,11/8/2025,€ 615.00,,,,,"1,230",,,,,30,1,yes,Nov-25,Belen Lopez,,,,Direct booking,0,,,0,0,,,,,,,,,,,,,,,,,,,,,,,,,,,,,,,,,,,,,,,,,,,,,,,,,,,,,,,,,,,,,,,,,,,,,,,,,,,,,,,,,,,,,,,,,,,,,,,,,,,,,,,,,,,,,,,,,,,,,,,,,,,,,,,,,
#REF!,NC_0451,,B2C,Signed,Expired,Virginia,de Frias,,,,Studio Comfort,,1,Worker,,9/3/2025,9/9/2025,,11/9/2025,€ 605.00,,,,,"1,210",,,,,61,2,yes,Nov-25,Clara Moran,,,,Direct Booking,0,,,0,0,,,,,,,,,,,,,,,,,,,,,,,,,,,,,,,,,,,,,,,,,,,,,,,,,,,,,,,,,,,,,,,,,,,,,,,,,,,,,,,,,,,,,,,,,,,,,,,,,,,,,,,,,,,,,,,,,,,,,,,,,,,,,,,,,
#REF!,NC_0310,,B2C,Signed,Expired,Albert,Canet Estruch,,,,Studio Standard + Terrace,,1,Worker,,,8/29/2025,,11/10/2025,€ 605.00,,Renovation,NC_0772,,"1,210",,,,,73,2,yes,Nov-25,Jaime Orna,,,,Paga la estancia por adelantado,0,,,0,0,,,,,,,,,,,,,,,,,,,,,,,,,,,,,,,,,,,,,,,,,,,,,,,,,,,,,,,,,,,,,,,,,,,,,,,,,,,,,,,,,,,,,,,,,,,,,,,,,,,,,,,,,,,,,,,,,,,,,,,,,,,,,,,,,
#REF!,NC_0590,,B2C,Signed,Expired,Rupert Nicholas William,Vans Agnew,Dominik,Ištván,,2 Bed (1/2),,2,Worker,Worker,10/1/2025,10/9/2025,,11/10/2025,€ 763.00,,Renovation,NC_0744,,"1,525",,,,,32,1,yes,Nov-25,Belen Lopez,,,,,0,,,0,0,,,,,,,,,,,,,,,,,,,,,,,,,,,,,,,,,,,,,,,,,,,,,,,,,,,,,,,,,,,,,,,,,,,,,,,,,,,,,,,,,,,,,,,,,,,,,,,,,,,,,,,,,,,,,,,,,,,,,,,,,,,,,,,,,
#REF!,NC_0609,,B2C,Signed,Expired,Erik Ricardo,Perez Flores,,,,Studio Comfort,,1,Worker,,10/8/2025,10/10/2025,,11/10/2025,€ 615.00,,Renovation,NC_0727,,"1,230",,,,,31,1,yes,Nov-25,Belen Lopez,,,,Direct Booking,0,,,0,0,,,,,,,,,,,,,,,,,,,,,,,,,,,,,,,,,,,,,,,,,,,,,,,,,,,,,,,,,,,,,,,,,,,,,,,,,,,,,,,,,,,,,,,,,,,,,,,,,,,,,,,,,,,,,,,,,,,,,,,,,,,,,,,,,//
#REF!,NC_0605,,B2C,Signed,Expired,Reydel Lazaro,Velazquez Feliciano,,,,Studio Standard + Terrace,,1,Worker,,10/6/2025,10/11/2025,,11/11/2025,€ 615.00,,,,,"1,230",,,,,31,1,yes,Nov-25,Clara Moran,,,,Direct booking,0,,,0,0,,,,,,,,,,,,,,,,,,,,,,,,,,,,,,,,,,,,,,,,,,,,,,,,,,,,,,,,,,,,,,,,,,,,,,,,,,,,,,,,,,,,,,,,,,,,,,,,,,,,,,,,,,,,,,,,,,,,,,,,,,,,,,,,,
#REF!,NC_0616,,B2C,Signed,Expired,Rebeca,Pascual Encinas,,,,Studio Comfort,,1,Worker,,10/9/2025,10/12/2025,,11/11/2025,€ 615.00,,Renovation,NC_0716,,"1,230",,,,,30,1,yes,Nov-25,Clara Moran,,,,Direct Booking,0,,,0,0,,,,,,,,,,,,,,,,,,,,,,,,,,,,,,,,,,,,,,,,,,,,,,,,,,,,,,,,,,,,,,,,,,,,,,,,,,,,,,,,,,,,,,,,,,,,,,,,,,,,,,,,,,,,,,,,,,,,,,,,,,,,,,,,,
#REF!,NC_0105,,B2C,Signed,Expired,Ignacio,Rodriguez Navarro,,,,Studio Comfort,,1,Worker,,,5/13/2025,,11/13/2025,€ 985.00,,Renovation,NC_0679,,985,,,,1-Dec,184,6,yes,Nov-25,Clara Moran,,Promo comfort,,Clausula Cuatrecasas,0,985,,"273,969,870.00","45,661,645.00",,,,,,,,,,,,,,,,,,,,,,,,,,,,,,,,,,,,,,,,,,,,,,,,,,,,,,,,,,,,,,,,,,,,,,,,,,,,,,,,,,,,,,,,,,,,,,,,,,,,,,,,,,,,,,,,,,,,,,,,,,,,,,,,,
#REF!,NC_0273,,B2B2C,Signed,Expired,Josefien,Nieuwkoop,Hannah-Jua,Eriks,,2 Bed (1/2) + Terrace,,2,Student,Student,,8/27/2025,,11/13/2025,€ 738.00,,,,,"1,470",,,,,78,3,yes,Nov-25,Belen Lopez,,,,Pago por adelantado,0,,,0,0,,,,,,,,,,,,,,,,,,,,,,,,,,,,,,,,,,,,,,,,,,,,,,,,,,,,,,,,,,,,,,,,,,,,,,,,,,,,,,,,,,,,,,,,,,,,,,,,,,,,,,,,,,,,,,,,,,,,,,,,,,,,,,,,,
#REF!,NC_0628,,B2C,Signed,Expired,Diana Alejandra,Hernandez Hernandez,Joyce Renata,García Aragón Rosas,,Studio Comfort,,2,Worker,Worker,10/14/2025,10/13/2025,,11/13/2025,€ 605.00,,Renovation,NC_0728,,"1,330",,,,,31,1,No,Nov-25,Belen Lopez,,,,,0,,,0,0,,,,,,,,,,,,,,,,,,,,,,,,,,,,,,,,,,,,,,,,,,,,,,,,,,,,,,,,,,,,,,,,,,,,,,,,,,,,,,,,,,,,,,,,,,,,,,,,,,,,,,,,,,,,,,,,,,,,,,,,,,,,,,,,,
#REF!,NC_0419,,B2C,Signed,Expired,Maria Isabel,Rodriguez Hinestrosa,,,,Studio Comfort,,1,Worker,,,10/14/2025,,11/14/2025,€ 605.00,,,,,"1,210",,,,,31,1,yes,Nov-25,Clara Moran,,,,Direct Booking,0,,,0,0,,,,,,,,,,,,,,,,,,,,,,,,,,,,,,,,,,,,,,,,,,,,,,,,,,,,,,,,,,,,,,,,,,,,,,,,,,,,,,,,,,,,,,,,,,,,,,,,,,,,,,,,,,,,,,,,,,,,,,,,,,,,,,,,,
#REF!,NC_0619,,B2C,Signed,Expired,Dulce,Morett Trujillo,Esteban,Lanzagorta Domene,,Studio Comfort,,2,Worker,Worker,10/13/2025,10/14/2025,,11/14/2025,€ 655.00,,,,,"1,330",,,,,31,1,yes,Nov-25,Clara Moran,,,,,0,,,0,0,,,,,,,,,,,,,,,,,,,,,,,,,,,,,,,,,,,,,,,,,,,,,,,,,,,,,,,,,,,,,,,,,,,,,,,,,,,,,,,,,,,,,,,,,,,,,,,,,,,,,,,,,,,,,,,,,,,,,,,,,,,,,,,,,
#REF!,NC_0482,,B2B,Signed,Expired,Fundlicious SL,,,,,2 Bed (1/2),,2,Worker,Worker,9/5/2025,9/9/2025,,11/15/2025,€ 753.00,,,,,"1,505",,,,,67,2,yes,Nov-25,Belen Lopez,,,,Paga la estancia por adelantado,0,,,0,0,,,,,,,,,,,,,,,,,,,,,,,,,,,,,,,,,,,,,,,,,,,,,,,,,,,,,,,,,,,,,,,,,,,,,,,,,,,,,,,,,,,,,,,,,,,,,,,,,,,,,,,,,,,,,,,,,,,,,,,,,,,,,,,,,
#REF!,NC_0512,,B2C,Signed,Expired,Ramona,Cortini,,,,Studio Standard + Terrace,,1,Worker,,9/11/2025,9/28/2025,,11/16/2025,€ 605.00,,Renovation,NC_0650,,"1,210",,,,,49,2,yes,Nov-25,Belen Lopez,,,,Direct Booking,0,,,0,0,,,,,,,,,,,,,,,,,,,,,,,,,,,,,,,,,,,,,,,,,,,,,,,,,,,,,,,,,,,,,,,,,,,,,,,,,,,,,,,,,,,,,,,,,,,,,,,,,,,,,,,,,,,,,,,,,,,,,,,,,,,,,,,,,
#REF!,NC_0637,,B2C,Signed,Expired,Daniela Maria,Marin Navarro,Felipe,Cordero Fernandez,,Studio Standard + Terrace,,2,Worker,Worker,10/16/2025,10/18/2025,,11/18/2025,€ 665.00,,,,,"1,330",,,,,31,1,yes,Nov-25,Belen Lopez,,,,,0,,,0,0,,,,,,,,,,,,,,,,,,,,,,,,,,,,,,,,,,,,,,,,,,,,,,,,,,,,,,,,,,,,,,,,,,,,,,,,,,,,,,,,,,,,,,,,,,,,,,,,,,,,,,,,,,,,,,,,,,,,,,,,,,,,,,,,,
#REF!,NC_0645,,B2C,Signed,Expired,Gean Carlo,Villegas Rosado,Monique,Platzer,,Studio Standard + Terrace,,2,Worker,Worker,10/19/2025,10/22/2025,,11/21/2025,€ 665.00,,,,,"1,330",,,,,30,1,yes,Nov-25,Clara Moran,,,,Direct Booking,0,,,0,0,,,,,,,,,,,,,,,,,,,,,,,,,,,,,,,,,,,,,,,,,,,,,,,,,,,,,,,,,,,,,,,,,,,,,,,,,,,,,,,,,,,,,,,,,,,,,,,,,,,,,,,,,,,,,,,,,,,,,,,,,,,,,,,,,
#REF!,NC_0341,,B2C,Signed,Expired,Agueda,Ruiz Bajo,,,,Studio Rooftop,,1,Worker,,,8/1/2025,,11/22/2025,"€ 1,080.00",,,,,"1,080",,,,,113,4,yes,Nov-25,Clara Moran,,,,,0,,,0,0,,,,,,,,,,,,,,,,,,,,,,,,,,,,,,,,,,,,,,,,,,,,,,,,,,,,,,,,,,,,,,,,,,,,,,,,,,,,,,,,,,,,,,,,,,,,,,,,,,,,,,,,,,,,,,,,,,,,,,,,,,,,,,,,,
#REF!,NC_0648,,B2C,Signed,Expired,Jose Miguel,Bello Nava,Yvan Jose,Bello Nava,,Studio Comfort,,2,Student,Student,10/19/2025,10/23/2025,,11/23/2025,€ 665.00,,Renovation,NC_0775,,"1,330",,,,,31,1,yes,Nov-25,Clara Moran,,,,Direct Booking,0,,,0,0,,,,,,,,,,,,,,,,,,,,,,,,,,,,,,,,,,,,,,,,,,,,,,,,,,,,,,,,,,,,,,,,,,,,,,,,,,,,,,,,,,,,,,,,,,,,,,,,,,,,,,,,,,,,,,,,,,,,,,,,,,,,,,,,,
#REF!,NC_0539,,B2C,Signed,Expired,Marcela Noelia,Parazzo Torres,,,,Studio Comfort,,1,Student,,9/22/2025,10/24/2025,,11/24/2025,€ 615.00,,Renovation,NC_0711,,"1,230",,,,,31,1,yes,Nov-25,Clara Moran,,,,Direct booking,0,,,0,0,,,,,,,,,,,,,,,,,,,,,,,,,,,,,,,,,,,,,,,,,,,,,,,,,,,,,,,,,,,,,,,,,,,,,,,,,,,,,,,,,,,,,,,,,,,,,,,,,,,,,,,,,,,,,,,,,,,,,,,,,,,,,,,,,
#REF!,NC_0657,,B2C,Signed,Expired,Maria Luisa,De la Fuente Gonzalez,Lidia Maria,Ceceda de la Fuente,,2 Bed (1/2),,2,Worker,Worker,10/23/2025,10/24/2025,,11/24/2025,€ 745.00,,Renovation,NC_0773,Renovation,"1,525",,,,,31,1,yes,Nov-25,Clara Moran,,,,"Renovación, conservamos depósito anterior",0,,,0,0,,,,,,,,,,,,,,,,,,,,,,,,,,,,,,,,,,,,,,,,,,,,,,,,,,,,,,,,,,,,,,,,,,,,,,,,,,,,,,,,,,,,,,,,,,,,,,,,,,,,,,,,,,,,,,,,,,,,,,,,,,,,,,,,,
#REF!,NC_0615,,B2C,Signed,Expired,Fernando,Pading Iglesias,,,,Studio Comfort,,1,Worker,,10/9/2025,10/27/2025,,11/26/2025,€ 615.00,,Renovation,NC_0724,,"1,230",,,,,30,1,yes,Nov-25,Belen Lopez,,,,,0,,,0,0,,,,,,,,,,,,,,,,,,,,,,,,,,,,,,,,,,,,,,,,,,,,,,,,,,,,,,,,,,,,,,,,,,,,,,,,,,,,,,,,,,,,,,,,,,,,,,,,,,,,,,,,,,,,,,,,,,,,,,,,,,,,,,,,,
#REF!,NC_0673,,B2C,Signed,Expired,Alba,Docampo Alvarez,Jesus,Vaquero Saavedra,,Studio Comfort,,2,Worker,Worker,10/23/2025,10/26/2025,,11/26/2025,€ 665.00,,,,,"1,330",,,,,31,1,yes,Nov-25,Belen Lopez,,,,,0,,,0,0,,,,,,,,,,,,,,,,,,,,,,,,,,,,,,,,,,,,,,,,,,,,,,,,,,,,,,,,,,,,,,,,,,,,,,,,,,,,,,,,,,,,,,,,,,,,,,,,,,,,,,,,,,,,,,,,,,,,,,,,,,,,,,,,,
#REF!,NC_0344,,B2C,Signed,Expired,Catalina,Santa Mazo,Juan Esteban,Burgos Santa,,2 Bed (1/2) + Terrace,,2,Worker,Worker,,8/26/2025,,11/27/2025,"€ 1,460.00",,Renovation,NC_0768,,"1,475",,,,,93,3,yes,Nov-25,Belen Lopez,,,,Paga por adelantado,0,,,0,0,,,,,,,,,,,,,,,,,,,,,,,,,,,,,,,,,,,,,,,,,,,,,,,,,,,,,,,,,,,,,,,,,,,,,,,,,,,,,,,,,,,,,,,,,,,,,,,,,,,,,,,,,,,,,,,,,,,,,,,,,,,,,,,,,
#REF!,NC_0408,,B2B,Signed,Expired,Bau Larson SL,,,,,Studio Comfort,,1,,,,8/25/2025,,11/28/2025,"€ 1,050.00",,,,,"1,005",,,,,95,3,yes,Nov-25,Clara Moran,,,,Reserva Semi-Directa,0,,,0,0,,,,,,,,,,,,,,,,,,,,,,,,,,,,,,,,,,,,,,,,,,,,,,,,,,,,,,,,,,,,,,,,,,,,,,,,,,,,,,,,,,,,,,,,,,,,,,,,,,,,,,,,,,,,,,,,,,,,,,,,,,,,,,,,,
#REF!,NC_0667,,B2C,Signed,Expired,Samara,Fonseca Januario,,,,Studio Comfort,,1,Worker,,10/23/2025,10/26/2025,,11/29/2025,€ 615.00,,,,,"1,230",,,,,34,1,yes,Nov-25,Belen Lopez,,,,Direct Booking,0,,,0,0,,,,,,,,,,,,,,,,,,,,,,,,,,,,,,,,,,,,,,,,,,,,,,,,,,,,,,,,,,,,,,,,,,,,,,,,,,,,,,,,,,,,,,,,,,,,,,,,,,,,,,,,,,,,,,,,,,,,,,,,,,,,,,,,,
#REF!,NC_0020,,B2C,Signed,Expired,Ana Cristina,Merino Puente,,,,Studio Rooftop,,1,Worker,,,4/22/2025,4/21/2026,11/30/2025,€ 910.00,R,,,,910,Adenda Firmada,,,1-Dec,364,7,yes,Nov-25,Clara Moran,,,,,0,910,,"295,294,090.00","42,184,870.00",,,,,,,,,,,,,,,,,,,,,,,,,,,,,,,,,,,,,,,,,,,,,,,,,,,,,,,,,,,,,,,,,,,,,,,,,,,,,,,,,,,,,,,,,,,,,,,,,,,,,,,,,,,,,,,,,,,,,,,,,,,,,,,,,
#REF!,NC_0205,,B2C,Signed,Expired,Mariana,Garcia Ochoa,,,,Studio Rooftop,,1,Student,,,8/26/2025,1/5/2026,11/30/2025,"€ 1,070.00",Y,,,,"1,070",Adenda Firmada,,,,132,3,yes,Nov-25,Clara Moran,,,,Pago trimestral,0,,,0,0,,,,,,,,,,,,,,,,,,,,,,,,,,,,,,,,,,,,,,,,,,,,,,,,,,,,,,,,,,,,,,,,,,,,,,,,,,,,,,,,,,,,,,,,,,,,,,,,,,,,,,,,,,,,,,,,,,,,,,,,,,,,,,,,,
#REF!,NC_0218,,B2C,Signed,Expired,Daniela Saray,Vera Ochoa,,,,Studio Standard + Terrace,,1,Worker,,,6/26/2025,6/24/2026,11/30/2025,€ 895.00,Y,,,,895,Adenda Firmada,,,1-Dec,363,5,yes,Nov-25,Jaime Orna,,,Trimestral,Paga de 3 meses en 3 meses,0,895,,"207,447,575.00","41,489,515.00",,,,,,,,,,,,,,,,,,,,,,,,,,,,,,,,,,,,,,,,,,,,,,,,,,,,,,,,,,,,,,,,,,,,,,,,,,,,,,,,,,,,,,,,,,,,,,,,,,,,,,,,,,,,,,,,,,,,,,,,,,,,,,,,,
#REF!,NC_0237,,B2C,Signed,Expired,Lisney,Rodriguez Sanchez,Jorge Luis,Soca Garcia,,Studio Comfort,,2,,,,9/15/2025,4/15/2026,11/30/2025,"€ 1,110.00",Y,,,,"1,110",Adenda Firmada,,,,212,2,yes,Nov-25,Belen Lopez,,,,Pago trimestral,0,,,0,0,,,,,,,,,,,,,,,,,,,,,,,,,,,,,,,,,,,,,,,,,,,,,,,,,,,,,,,,,,,,,,,,,,,,,,,,,,,,,,,,,,,,,,,,,,,,,,,,,,,,,,,,,,,,,,,,,,,,,,,,,,,,,,,,,
#REF!,NC_0250,,B2C,Signed,Expired,Rocio,Franco Lozano,Vasek,Arias Mora,,Studio Rooftop,,2,Worker,Worker,,7/2/2025,7/1/2026,11/30/2025,"€ 1,020.00",R,,,,"1,020",Upgrade de Unidad,,,1-Dec,364,5,yes,Nov-25,Clara Moran,,,,Upgrade,0,1020,,"236,420,700.00","47,284,140.00",,,,,,,,,,,,,,,,,,,,,,,,,,,,,,,,,,,,,,,,,,,,,,,,,,,,,,,,,,,,,,,,,,,,,,,,,,,,,,,,,,,,,,,,,,,,,,,,,,,,,,,,,,,,,,,,,,,,,,,,,,,,,,,,,
#REF!,NC_0277,,B2C,Signed,Expired,Jasmine,Lahbani,,,,Studio Standard,,1,Student,,,9/1/2025,6/30/2026,11/30/2025,"€ 1,055.00",N,,,,775,Adenda Firmada,,,,302,3,yes,Nov-25,Clara Moran,,COMBO/ESTUDIANTE,,Retrasa fecha check in 6/9,0,,,0,0,,,,,,,,,,,,,,,,,,,,,,,,,,,,,,,,,,,,,,,,,,,,,,,,,,,,,,,,,,,,,,,,,,,,,,,,,,,,,,,,,,,,,,,,,,,,,,,,,,,,,,,,,,,,,,,,,,,,,,,,,,,,,,,,,
#REF!,NC_0381,,B2C,Signed,Expired,Alvaro,Martin Giles,,,Natividad Giles Pietro,Studio Standard,,1,Worker,,,8/23/2025,8/22/2026,11/30/2025,€ 820.00,R,,,,820,Burofax Enviado,,,,364,3,yes,Nov-25,Clara Moran,,,,,0,,,0,0,,,,,,,,,,,,,,,,,,,,,,,,,,,,,,,,,,,,,,,,,,,,,,,,,,,,,,,,,,,,,,,,,,,,,,,,,,,,,,,,,,,,,,,,,,,,,,,,,,,,,,,,,,,,,,,,,,,,,,,,,,,,,,,,,
#REF!,NC_0428,,B2C,Signed,Expired,Caracciolo,Caracciolo,,,,Studio Comfort,,1,,,,8/29/2025,,11/30/2025,"€ 1,005.00",,Renovation,NC_0676,,"1,005",,,,,93,3,yes,Nov-25,Clara Moran,,,,Pagada estancia por adelantado. Reserva Semi-Directa,0,,,0,0,,,,,,,,,,,,,,,,,,,,,,,,,,,,,,,,,,,,,,,,,,,,,,,,,,,,,,,,,,,,,,,,,,,,,,,,,,,,,,,,,,,,,,,,,,,,,,,,,,,,,,,,,,,,,,,,,,,,,,,,,,,,,,,,,
#REF!,NC_0456,,B2C,Signed,Expired,Julio,Gonzalez,,,,Studio Standard,,1,Student,,9/3/2025,9/1/2025,6/30/2026,11/30/2025,€ 820.00,Y,,,,820,Adenda Firmada,,,,302,3,No,Nov-25,Clara Moran,,,,Reservas Uniplaces,0,,,0,0,,,,,,,,,,,,,,,,,,,,,,,,,,,,,,,,,,,,,,,,,,,,,,,,,,,,,,,,,,,,,,,,,,,,,,,,,,,,,,,,,,,,,,,,,,,,,,,,,,,,,,,,,,,,,,,,,,,,,,,,,,,,,,,,,
#REF!,NC_0461,,B2C,Signed,Expired,Jesus Emilio,Zuñiga Cornejo,,,,Studio Comfort,,1,Student,,9/3/2025,9/3/2025,7/3/2026,11/30/2025,€ 905.00,Y,,,,905,Adenda Firmada,75,,,303,3,yes,Nov-25,Belen Lopez,,,,Pago trimestral,225,,,225,75,,,,,,,,,,,,,,,,,,,,,,,,,,,,,,,,,,,,,,,,,,,,,,,,,,,,,,,,,,,,,,,,,,,,,,,,,,,,,,,,,,,,,,,,,,,,,,,,,,,,,,,,,,,,,,,,,,,,,,,,,,,,,,,,,
#REF!,NC_0490,,B2C,Signed,Expired,Oscar Valentín,Perez Menendez,,,,Studio Comfort,,1,Worker,,9/16/2025,10/25/2025,,11/30/2025,€ 615.00,,,,,"1,230",,,,,36,1,yes,Nov-25,Belen Lopez,,,,,0,,,0,0,,,,,,,,,,,,,,,,,,,,,,,,,,,,,,,,,,,,,,,,,,,,,,,,,,,,,,,,,,,,,,,,,,,,,,,,,,,,,,,,,,,,,,,,,,,,,,,,,,,,,,,,,,,,,,,,,,,,,,,,,,,,,,,,,
#REF!,NC_0555,,B2C,Signed,Expired,Pedro Enrique,Vazquez Fernandez,,,,Studio Comfort,,1,Worker,,9/24/2025,9/26/2025,12/27/2025,11/30/2025,"€ 1,005.00",Y,Renovation,,,"1,005",Adenda Firmada,,,,92,2,yes,Nov-25,Clara Moran,,,,Paga estancia completa,0,,,0,0,,,,,,,,,,,,,,,,,,,,,,,,,,,,,,,,,,,,,,,,,,,,,,,,,,,,,,,,,,,,,,,,,,,,,,,,,,,,,,,,,,,,,,,,,,,,,,,,,,,,,,,,,,,,,,,,,,,,,,,,,,,,,,,,,
#REF!,NC_0603,,B2C,Signed,Expired,Nuno,de Campos Miranda Garcia,,,,Studio Standard,,1,Worker,,10/6/2025,10/15/2025,7/15/2026,11/30/2025,€ 835.00,R,,,,835,Adenda Denegada,,,,273,2,yes,Nov-25,Clara Moran,,,,,0,,,0,0,,,,,,,,,,,,,,,,,,,,,,,,,,,,,,,,,,,,,,,,,,,,,,,,,,,,,,,,,,,,,,,,,,,,,,,,,,,,,,,,,,,,,,,,,,,,,,,,,,,,,,,,,,,,,,,,,,,,,,,,,,,,,,,,,
#REF!,NC_0647,,B2C,Signed,Expired,Juan Pablo,Zarate Rico,,,,Studio Standard,,1,Student,,10/22/2025,10/23/2025,7/31/2026,11/30/2025,€ 835.00,Upgrade,Upgrade,,,835,Upgrade de Unidad,,,,281,1,yes,Nov-25,Clara Moran,,,,,0,,,0,0,,,,,,,,,,,,,,,,,,,,,,,,,,,,,,,,,,,,,,,,,,,,,,,,,,,,,,,,,,,,,,,,,,,,,,,,,,,,,,,,,,,,,,,,,,,,,,,,,,,,,,,,,,,,,,,,,,,,,,,,,,,,,,,,,
#REF!,NC_0666,,B2C,Signed,Expired,Fernando,Jimenez Tubio,,,,Studio Standard + Terrace,,1,Worker,,10/23/2025,10/26/2025,,11/30/2025,€ 615.00,,,,,"1,230",,,,,35,1,yes,Nov-25,Clara Moran,,,,Direct Booking,0,,,0,0,,,,,,,,,,,,,,,,,,,,,,,,,,,,,,,,,,,,,,,,,,,,,,,,,,,,,,,,,,,,,,,,,,,,,,,,,,,,,,,,,,,,,,,,,,,,,,,,,,,,,,,,,,,,,,,,,,,,,,,,,,,,,,,,,
#REF!,NC_0674,,B2B,Signed,Expired,Nova Urbella S.L,,,,,2 Bed (1/2),,2,Worker,Worker,10/30/2025,11/1/2025,,11/30/2025,€ 753.00,,Renovation,NC_0722,,"1,525",,,,,29,1,yes,Nov-25,Clara Moran,,,,"Renovación, conservamos depósito anterior",0,,,0,0,,,,,,,,,,,,,,,,,,,,,,,,,,,,,,,,,,,,,,,,,,,,,,,,,,,,,,,,,,,,,,,,,,,,,,,,,,,,,,,,,,,,,,,,,,,,,,,,,,,,,,,,,,,,,,,,,,,,,,,,,,,,,,,,,
#REF!,NC_0686,,B2C,Signed,Expired,Hugo Miguel,Borges De Sousa Sequeira,,,,Studio Comfort,,1,Worker,,10/26/2025,10/29/2025,,11/30/2025,€ 615.00,,Renovation,NC_0794,,"1,230",,,,,32,1,yes,Nov-25,Clara Moran,,,,Direct Booking,0,,,0,0,,,,,,,,,,,,,,,,,,,,,,,,,,,,,,,,,,,,,,,,,,,,,,,,,,,,,,,,,,,,,,,,,,,,,,,,,,,,,,,,,,,,,,,,,,,,,,,,,,,,,,,,,,,,,,,,,,,,,,,,,,,,,,,,,
#REF!,NC_0691,,B2C,Signed,Expired,Antonio,Viejo Martínez,,,,Studio Standard + Terrace,,1,Worker,,10/28/2025,10/30/2025,,11/30/2025,€ 605.00,,,,,"1,230",,,,,31,1,yes,Nov-25,Belen Lopez,,,,Renovacion,0,,,0,0,,,,,,,,,,,,,,,,,,,,,,,,,,,,,,,,,,,,,,,,,,,,,,,,,,,,,,,,,,,,,,,,,,,,,,,,,,,,,,,,,,,,,,,,,,,,,,,,,,,,,,,,,,,,,,,,,,,,,,,,,,,,,,,,,
#REF!,NC_0700,,B2C,Signed,Expired,Raul,Reyero Menor Gaspar,,,,Studio Comfort,,1,Worker,,10/31/2025,11/1/2025,,11/30/2025,€ 615.00,,,,,"1,230",,,,,29,1,yes,Nov-25,Belen Lopez,,,,,0,,,0,0,,,,,,,,,,,,,,,,,,,,,,,,,,,,,,,,,,,,,,,,,,,,,,,,,,,,,,,,,,,,,,,,,,,,,,,,,,,,,,,,,,,,,,,,,,,,,,,,,,,,,,,,,,,,,,,,,,,,,,,,,,,,,,,,,
#REF!,NC_0441,,B2C,Signed,Expired,Juan Antonio,Gomez Rodriguez,,,,Studio Standard + Terrace,,1,Worker,,9/3/2025,8/30/2025,,12/1/2025,"€ 1,005.00",,,,,"1,005",,,,,93,3,No,Dec-25,Belen Lopez,,,,,0,,,0,0,,,,,,,,,,,,,,,,,,,,,,,,,,,,,,,,,,,,,,,,,,,,,,,,,,,,,,,,,,,,,,,,,,,,,,,,,,,,,,,,,,,,,,,,,,,,,,,,,,,,,,,,,,,,,,,,,,,,,,,,,,,,,,,,,
#REF!,NC_0029,,B2C,Signed,Expired,Eduardo,Duran Velázquez,,,María Elena Velázquez Mondragón,Studio Rooftop,,1,Worker,,,6/1/2025,,12/2/2025,"€ 1,060.00",,,,,"1,060",,,,,184,6,yes,Dec-25,Jaime Orna,,PC 30 Servicios 1er mes,,Pensión Completa 30 Servicios,0,,,0,0,,,,,,,,,,,,,,,,,,,,,,,,,,,,,,,,,,,,,,,,,,,,,,,,,,,,,,,,,,,,,,,,,,,,,,,,,,,,,,,,,,,,,,,,,,,,,,,,,,,,,,,,,,,,,,,,,,,,,,,,,,,,,,,,,
#REF!,NC_0687,,B2C,Signed,Expired,Alejandro,Arizon del Prado,,,,Studio Standard + Terrace,,1,Worker,,10/27/2025,11/2/2025,,12/2/2025,€ 615.00,,,,,"1,230",,,,,30,1,yes,Dec-25,Belen Lopez,,,,"El depósito se traspasa del NC_0540, mando adenda de traspaso",0,,,0,0,,,,,,,,,,,,,,,,,,,,,,,,,,,,,,,,,,,,,,,,,,,,,,,,,,,,,,,,,,,,,,,,,,,,,,,,,,,,,,,,,,,,,,,,,,,,,,,,,,,,,,,,,,,,,,,,,,,,,,,,,,,,,,,,,
#REF!,NC_0414,,B2C,Signed,Expired,Mikhail,Rawat,,,,Studio Rooftop,,1,Student,,,9/1/2025,7/1/2026,12/3/2025,€ 970.00,Y,,,,970,Adenda Firmada,,,,303,3,yes,Dec-25,Clara Moran,,,,Pago trimestral - PAGA PRIMER TRIMESTRE TPV CHECK IN,0,,,0,0,,,,,,,,,,,,,,,,,,,,,,,,,,,,,,,,,,,,,,,,,,,,,,,,,,,,,,,,,,,,,,,,,,,,,,,,,,,,,,,,,,,,,,,,,,,,,,,,,,,,,,,,,,,,,,,,,,,,,,,,,,,,,,,,,
#REF!,NC_0610,,B2C,Signed,Expired,Verna,Alcalde Gonzalez,,,,Studio Comfort,,1,Worker,,10/7/2025,11/3/2025,,12/3/2025,€ 615.00,,,,,"1,230",,,,,30,1,yes,Dec-25,Clara Moran,,,,Direct Booking,0,,,0,0,,,,,,,,,,,,,,,,,,,,,,,,,,,,,,,,,,,,,,,,,,,,,,,,,,,,,,,,,,,,,,,,,,,,,,,,,,,,,,,,,,,,,,,,,,,,,,,,,,,,,,,,,,,,,,,,,,,,,,,,,,,,,,,,,//
#REF!,NC_0665,,B2C,Signed,Expired,Luca,Venga,,,,Studio Standard + Terrace,,1,Worker,,10/27/2025,11/2/2025,,12/3/2025,"€ 1,230.00",,,,,"1,230",,,,,31,1,yes,Dec-25,Clara Moran,,,,"Renovación, conservamos depósito anterior",0,,,0,0,,,,,,,,,,,,,,,,,,,,,,,,,,,,,,,,,,,,,,,,,,,,,,,,,,,,,,,,,,,,,,,,,,,,,,,,,,,,,,,,,,,,,,,,,,,,,,,,,,,,,,,,,,,,,,,,,,,,,,,,,,,,,,,,,
#REF!,NC_0708,,B2C,Signed,Expired,Ziadoon Naseer Mrebee,Al-Fadhli,,,,Studio Comfort,,1,Worker,,10/31/2025,11/3/2025,,12/3/2025,€ 615.00,,Renovation,NC_0759,,"1,230",,,,,30,1,yes,Dec-25,Belen Lopez,,,,Renovacion,0,,,0,0,,,,,,,,,,,,,,,,,,,,,,,,,,,,,,,,,,,,,,,,,,,,,,,,,,,,,,,,,,,,,,,,,,,,,,,,,,,,,,,,,,,,,,,,,,,,,,,,,,,,,,,,,,,,,,,,,,,,,,,,,,,,,,,,,
#REF!,NC_0715,,B2C,Signed,Expired,Miguel Angel,Jimenez Alba,,,,Studio Comfort,,1,Worker,,11/3/2025,11/3/2025,,12/3/2025,€ 615.00,,Renovation,NC_0816,,"1,230",,,,,30,1,yes,Dec-25,Belen Lopez,,,,Renovación,0,,,0,0,,,,,,,,,,,,,,,,,,,,,,,,,,,,,,,,,,,,,,,,,,,,,,,,,,,,,,,,,,,,,,,,,,,,,,,,,,,,,,,,,,,,,,,,,,,,,,,,,,,,,,,,,,,,,,,,,,,,,,,,,,,,,,,,,//
#REF!,NC_0201,,B2B2C,Signed,Expired,Jose antonio,Diaz San Miguel,,,,2 Bed (1/2),,2,Worker,Worker,,10/12/2025,,12/4/2025,€ 763.00,,,,,"1,525",,,,,53,2,yes,Dec-25,Clara Moran,Solo pago Depósito - Recibo enviado,,,Policía,0,,,0,0,,,,,,,,,,,,,,,,,,,,,,,,,,,,,,,,,,,,,,,,,,,,,,,,,,,,,,,,,,,,,,,,,,,,,,,,,,,,,,,,,,,,,,,,,,,,,,,,,,,,,,,,,,,,,,,,,,,,,,,,,,,,,,,,,
#REF!,NC_0203,,B2B2C,Signed,Expired,Oscar Alberto,Granados Segura,,,,Studio Comfort,,1,Worker,,,10/12/2025,,12/4/2025,€ 553.00,,,,,"1,105",,,,,53,2,yes,Dec-25,Belen Lopez,Solo pago Depósito - Recibo enviado,,,Policía,0,,,0,0,,,,,,,,,,,,,,,,,,,,,,,,,,,,,,,,,,,,,,,,,,,,,,,,,,,,,,,,,,,,,,,,,,,,,,,,,,,,,,,,,,,,,,,,,,,,,,,,,,,,,,,,,,,,,,,,,,,,,,,,,,,,,,,,,
#REF!,NC_0209,,B2B2C,Signed,Expired,Cesar,Agustín Navascues,,,,Studio Comfort,,1,Worker,,,10/12/2025,,12/4/2025,€ 553.00,,,,,"1,105",,,,,53,2,yes,Dec-25,Belen Lopez,Solo pago Depósito - Recibo enviado,,,Policía,0,,,0,0,,,,,,,,,,,,,,,,,,,,,,,,,,,,,,,,,,,,,,,,,,,,,,,,,,,,,,,,,,,,,,,,,,,,,,,,,,,,,,,,,,,,,,,,,,,,,,,,,,,,,,,,,,,,,,,,,,,,,,,,,,,,,,,,,
#REF!,NC_0210,,B2B2C,Signed,Expired,Arcadio,Aguilar Fernandez,,,,Studio Comfort,,1,Worker,,,10/13/2025,,12/4/2025,€ 553.00,,,,,"1,105",,,,,52,2,yes,Dec-25,Belen Lopez,Solo pago Depósito - Recibo enviado,,,Policía,0,,,0,0,,,,,,,,,,,,,,,,,,,,,,,,,,,,,,,,,,,,,,,,,,,,,,,,,,,,,,,,,,,,,,,,,,,,,,,,,,,,,,,,,,,,,,,,,,,,,,,,,,,,,,,,,,,,,,,,,,,,,,,,,,,,,,,,,
#REF!,NC_0212,,B2B2C,Signed,Expired,Miguel Angel,Ortega Sanchez,,,,Studio Comfort,,1,Worker,,,10/13/2025,,12/4/2025,€ 553.00,,,,,"1,105",,,,,52,2,yes,Dec-25,Jaime Orna,Solo pago Depósito - Recibo enviado,,,Policia,0,,,0,0,,,,,,,,,,,,,,,,,,,,,,,,,,,,,,,,,,,,,,,,,,,,,,,,,,,,,,,,,,,,,,,,,,,,,,,,,,,,,,,,,,,,,,,,,,,,,,,,,,,,,,,,,,,,,,,,,,,,,,,,,,,,,,,,,
#REF!,NC_0223,,B2B2C,Signed,Expired,Angel,Alonso Pino,,,,Studio Comfort,,1,,,,10/12/2025,,12/4/2025,€ 553.00,,,,,"1,105",,,,,53,2,yes,Dec-25,Clara Moran,Solo pago Depósito - Recibo enviado,,,Policía,0,,,0,0,,,,,,,,,,,,,,,,,,,,,,,,,,,,,,,,,,,,,,,,,,,,,,,,,,,,,,,,,,,,,,,,,,,,,,,,,,,,,,,,,,,,,,,,,,,,,,,,,,,,,,,,,,,,,,,,,,,,,,,,,,,,,,,,,
#REF!,NC_0233,,B2B2C,Signed,Expired,Maria Jose,Cano Fernandez,,,,Studio Comfort,,1,Worker,,,10/12/2025,,12/4/2025,€ 553.00,,,,,"1,105",,,,,53,2,yes,Dec-25,Belen Lopez,Solo pago Depósito - Recibo enviado,,,Policía,0,,,0,0,,,,,,,,,,,,,,,,,,,,,,,,,,,,,,,,,,,,,,,,,,,,,,,,,,,,,,,,,,,,,,,,,,,,,,,,,,,,,,,,,,,,,,,,,,,,,,,,,,,,,,,,,,,,,,,,,,,,,,,,,,,,,,,,,
#REF!,NC_0270,,B2B2C,Signed,Expired,Daniel,Garcia Quintela,,,,Studio Comfort,,1,,,,10/11/2025,,12/4/2025,€ 553.00,,,,,"1,105",,,,,54,2,yes,Dec-25,Clara Moran,Solo pago Depósito - Recibo enviado,,,Policia,0,,,0,0,,,,,,,,,,,,,,,,,,,,,,,,,,,,,,,,,,,,,,,,,,,,,,,,,,,,,,,,,,,,,,,,,,,,,,,,,,,,,,,,,,,,,,,,,,,,,,,,,,,,,,,,,,,,,,,,,,,,,,,,,,,,,,,,,
#REF!,NC_0283,,B2B2C,Signed,Expired,Manuel,Morcillo Moreno,,,,Studio Rooftop,,1,,,,10/13/2025,,12/4/2025,€ 590.00,,,,,"1,180",,,,,52,2,yes,Dec-25,Clara Moran,Solo pago Depósito - Recibo enviado,,,Policia,0,,,0,0,,,,,,,,,,,,,,,,,,,,,,,,,,,,,,,,,,,,,,,,,,,,,,,,,,,,,,,,,,,,,,,,,,,,,,,,,,,,,,,,,,,,,,,,,,,,,,,,,,,,,,,,,,,,,,,,,,,,,,,,,,,,,,,,,
#REF!,NC_0284,,B2B2C,Signed,Expired,Sergio Martin,Ruiz Fernandez,,,,Studio Comfort,,1,Worker,,,10/12/2025,,12/4/2025,€ 557.00,,,,,"1,115",,,,,53,2,yes,Dec-25,Clara Moran,Solo pago Depósito - Recibo enviado,,,Policia,0,,,0,0,,,,,,,,,,,,,,,,,,,,,,,,,,,,,,,,,,,,,,,,,,,,,,,,,,,,,,,,,,,,,,,,,,,,,,,,,,,,,,,,,,,,,,,,,,,,,,,,,,,,,,,,,,,,,,,,,,,,,,,,,,,,,,,,,
#REF!,NC_0314,,B2B2C,Signed,Expired,Sergio,Salvador Manjarin,,,,Studio Comfort,,1,Worker,,,10/12/2025,,12/4/2025,€ 615.00,,,,,"1,230",,,,,53,2,yes,Dec-25,Belen Lopez,,,,Policia,0,,,0,0,,,,,,,,,,,,,,,,,,,,,,,,,,,,,,,,,,,,,,,,,,,,,,,,,,,,,,,,,,,,,,,,,,,,,,,,,,,,,,,,,,,,,,,,,,,,,,,,,,,,,,,,,,,,,,,,,,,,,,,,,,,,,,,,,
#REF!,NC_0316,,B2B2C,Signed,Expired,Francisco Jose,Rosales Estevez,Jose María,Solís Bedoya,,2 Bed (1/2),,2,,,,10/12/2025,,12/4/2025,€ 763.00,,,,,"1,525",,,,,53,2,yes,Dec-25,Clara Moran,Solo pago Depósito,,,Policia,0,,,0,0,,,,,,,,,,,,,,,,,,,,,,,,,,,,,,,,,,,,,,,,,,,,,,,,,,,,,,,,,,,,,,,,,,,,,,,,,,,,,,,,,,,,,,,,,,,,,,,,,,,,,,,,,,,,,,,,,,,,,,,,,,,,,,,,,
#REF!,NC_0321,,B2B2C,Signed,Expired,Luis Miguel,Gomez Vazquez,,,,Studio Comfort,,1,Worker,,,10/12/2025,,12/4/2025,€ 615.00,,,,,"1,230",,,,,53,2,yes,Dec-25,Clara Moran,Solo pago Depósito - Recibo enviado,,,Policia,0,,,0,0,,,,,,,,,,,,,,,,,,,,,,,,,,,,,,,,,,,,,,,,,,,,,,,,,,,,,,,,,,,,,,,,,,,,,,,,,,,,,,,,,,,,,,,,,,,,,,,,,,,,,,,,,,,,,,,,,,,,,,,,,,,,,,,,,
#REF!,NC_0387,,B2B2C,Signed,Expired,Antonio,Bolivar Romero,,,,Studio Rooftop,,1,Worker,,,10/13/2025,,12/4/2025,€ 650.00,,,,,"1,300",,,,,52,2,yes,Dec-25,Belen Lopez,,,,Policía,0,,,0,0,,,,,,,,,,,,,,,,,,,,,,,,,,,,,,,,,,,,,,,,,,,,,,,,,,,,,,,,,,,,,,,,,,,,,,,,,,,,,,,,,,,,,,,,,,,,,,,,,,,,,,,,,,,,,,,,,,,,,,,,,,,,,,,,,
#REF!,NC_0405,,B2B2C,Signed,Expired,Juan Jose,Arenal Sanchez,,,,Studio Comfort,,1,,,,10/12/2025,,12/4/2025,€ 605.00,,,,,"1,210",,,,,53,2,yes,Dec-25,Clara Moran,Policia-Solo pago Depósito - Recibo enviado,,,Policia,0,,,0,0,,,,,,,,,,,,,,,,,,,,,,,,,,,,,,,,,,,,,,,,,,,,,,,,,,,,,,,,,,,,,,,,,,,,,,,,,,,,,,,,,,,,,,,,,,,,,,,,,,,,,,,,,,,,,,,,,,,,,,,,,,,,,,,,,
#REF!,NC_0497,,B2B2C,Signed,Expired,Joshua,Gonzalez Ferreiro,,,,Studio Comfort,,1,Worker,,9/10/2025,10/13/2025,,12/4/2025,€ 615.00,,,,,"1,230",,,,,52,2,yes,Dec-25,Belen Lopez,,,,policia,0,,,0,0,,,,,,,,,,,,,,,,,,,,,,,,,,,,,,,,,,,,,,,,,,,,,,,,,,,,,,,,,,,,,,,,,,,,,,,,,,,,,,,,,,,,,,,,,,,,,,,,,,,,,,,,,,,,,,,,,,,,,,,,,,,,,,,,,
#REF!,NC_0527,,B2C,Signed,Expired,Juan Luis,Troitiño Tarin,,,,Studio Comfort,,1,Worker,,9/18/2025,11/4/2025,,12/4/2025,€ 995.00,,,,,"1,230",,,,,30,1,yes,Dec-25,Jaime Orna,,,,Renovación,0,,,0,0,,,,,,,,,,,,,,,,,,,,,,,,,,,,,,,,,,,,,,,,,,,,,,,,,,,,,,,,,,,,,,,,,,,,,,,,,,,,,,,,,,,,,,,,,,,,,,,,,,,,,,,,,,,,,,,,,,,,,,,,,,,,,,,,,
#REF!,NC_0529,,B2C,Signed,Expired,Valle,Arjona Camacho,,,,Studio Comfort,,1,Worker,,9/18/2025,10/12/2025,,12/4/2025,€ 615.00,,,,,"1,230",,,,,53,2,yes,Dec-25,Clara Moran,,,,,0,,,0,0,,,,,,,,,,,,,,,,,,,,,,,,,,,,,,,,,,,,,,,,,,,,,,,,,,,,,,,,,,,,,,,,,,,,,,,,,,,,,,,,,,,,,,,,,,,,,,,,,,,,,,,,,,,,,,,,,,,,,,,,,,,,,,,,,
#REF!,NC_0699,,B2C,Signed,Expired,Arturo,Iglesias Barroso,Abraham,Perez Arzola,,Studio Comfort,,2,Worker,Worker,10/30/2025,11/3/2025,,12/4/2025,€ 665.00,,,,,"1,330",,,,,31,1,yes,Dec-25,Belen Lopez,,,,Direct Booking,0,,,0,0,,,,,,,,,,,,,,,,,,,,,,,,,,,,,,,,,,,,,,,,,,,,,,,,,,,,,,,,,,,,,,,,,,,,,,,,,,,,,,,,,,,,,,,,,,,,,,,,,,,,,,,,,,,,,,,,,,,,,,,,,,,,,,,,,
#REF!,NC_0206,,B2B2C,Signed,Expired,Carlos,García Carrasco,,,,Studio Comfort,,1,Worker,,,10/12/2025,,12/5/2025,€ 553.00,,,,,"1,105",,,,,54,2,yes,Dec-25,Belen Lopez,Solo pago Depósito - Recibo enviado,,,Policía,0,,,0,0,,,,,,,,,,,,,,,,,,,,,,,,,,,,,,,,,,,,,,,,,,,,,,,,,,,,,,,,,,,,,,,,,,,,,,,,,,,,,,,,,,,,,,,,,,,,,,,,,,,,,,,,,,,,,,,,,,,,,,,,,,,,,,,,,
#REF!,NC_0221,,B2B2C,Signed,Expired,Lara,Rondo Blanco,,,,Studio Comfort,,2,Worker,Worker,,10/12/2025,,12/5/2025,€ 603.00,,,,,"1,205",,,,,54,2,yes,Dec-25,Belen Lopez,Solo pago Depósito - Recibo enviado,,,Policía,0,,,0,0,,,,,,,,,,,,,,,,,,,,,,,,,,,,,,,,,,,,,,,,,,,,,,,,,,,,,,,,,,,,,,,,,,,,,,,,,,,,,,,,,,,,,,,,,,,,,,,,,,,,,,,,,,,,,,,,,,,,,,,,,,,,,,,,,
#REF!,NC_0224,,B2B2C,Signed,Expired,Juan Manuel,Reyes Viera,,,,Studio Standard + Terrace,,2,Worker,Worker,,10/11/2025,,12/5/2025,€ 603.00,,,,,"1,205",,,,,55,2,yes,Dec-25,Belen Lopez,Solo pago Depósito - Recibo enviado,,,Policía,0,,,0,0,,,,,,,,,,,,,,,,,,,,,,,,,,,,,,,,,,,,,,,,,,,,,,,,,,,,,,,,,,,,,,,,,,,,,,,,,,,,,,,,,,,,,,,,,,,,,,,,,,,,,,,,,,,,,,,,,,,,,,,,,,,,,,,,,
#REF!,NC_0248,,B2B2C,Signed,Expired,Jose Luis,Montilla,,,,Studio Comfort,,1,Worker,,9/5/2025,10/6/2025,,12/5/2025,€ 553.00,,,,,"1,105",,,,,60,2,yes,Dec-25,Clara Moran,Solo pago Depósito - Recibo enviado,,,Policia,0,,,0,0,,,,,,,,,,,,,,,,,,,,,,,,,,,,,,,,,,,,,,,,,,,,,,,,,,,,,,,,,,,,,,,,,,,,,,,,,,,,,,,,,,,,,,,,,,,,,,,,,,,,,,,,,,,,,,,,,,,,,,,,,,,,,,,,,
#REF!,NC_0253,,B2B2C,Signed,Expired,Cesar Jesus,Moreno Llamas,,,,Studio Comfort,,1,Worker,,9/8/2025,10/6/2025,,12/5/2025,€ 553.00,,,,,"1,105",,,,,60,2,yes,Dec-25,Clara Moran,Solo pago Depósito - Recibo enviado,,,Policia,0,,,0,0,,,,,,,,,,,,,,,,,,,,,,,,,,,,,,,,,,,,,,,,,,,,,,,,,,,,,,,,,,,,,,,,,,,,,,,,,,,,,,,,,,,,,,,,,,,,,,,,,,,,,,,,,,,,,,,,,,,,,,,,,,,,,,,,,
#REF!,NC_0275,,B2B2C,Signed,Expired,Luis Miguel,García Diaz,,,,Studio Comfort,,1,Worker,,,10/12/2025,,12/5/2025,€ 553.00,,,,,"1,105",,,,,54,2,yes,Dec-25,Jaime Orna,Solo pago Depósito - Recibo enviado,,,Policia,0,,,0,0,,,,,,,,,,,,,,,,,,,,,,,,,,,,,,,,,,,,,,,,,,,,,,,,,,,,,,,,,,,,,,,,,,,,,,,,,,,,,,,,,,,,,,,,,,,,,,,,,,,,,,,,,,,,,,,,,,,,,,,,,,,,,,,,,
#REF!,NC_0301,,B2B2C,Signed,Expired,Juan Jose,Chaves Garcia,,,,Studio Standard + Terrace,,1,,,,10/11/2025,,12/5/2025,€ 570.00,,,,,"1,140",,,,,55,2,yes,Dec-25,Clara Moran,Solo pago Depósito - Recibo enviado,,,Policia,0,,,0,0,,,,,,,,,,,,,,,,,,,,,,,,,,,,,,,,,,,,,,,,,,,,,,,,,,,,,,,,,,,,,,,,,,,,,,,,,,,,,,,,,,,,,,,,,,,,,,,,,,,,,,,,,,,,,,,,,,,,,,,,,,,,,,,,,
#REF!,NC_0307,,B2B2C,Signed,Expired,Sergio,Mota Argüeso,,,,Studio Comfort,,1,Worker,,,10/12/2025,,12/5/2025,€ 615.00,,,,,"1,230",,,,,54,2,yes,Dec-25,Clara Moran,Solo pago Depósito - Recibo enviado,,,Policia,0,,,0,0,,,,,,,,,,,,,,,,,,,,,,,,,,,,,,,,,,,,,,,,,,,,,,,,,,,,,,,,,,,,,,,,,,,,,,,,,,,,,,,,,,,,,,,,,,,,,,,,,,,,,,,,,,,,,,,,,,,,,,,,,,,,,,,,,
#REF!,NC_0412,,B2B2C,Signed,Expired,Esteban,Quintana Gonzalez,,,,Studio Comfort,,1,Worker,,,10/12/2025,,12/5/2025,€ 605.00,,,,,"1,210",,,,,54,2,yes,Dec-25,Clara Moran,,,,Policia - pago depósito,0,,,0,0,,,,,,,,,,,,,,,,,,,,,,,,,,,,,,,,,,,,,,,,,,,,,,,,,,,,,,,,,,,,,,,,,,,,,,,,,,,,,,,,,,,,,,,,,,,,,,,,,,,,,,,,,,,,,,,,,,,,,,,,,,,,,,,,,
#REF!,NC_0452,,B2B2C,Signed,Expired,Pedro Fernando,Royo Embid,,,,Studio Standard + Terrace,,1,Worker,,9/3/2025,10/13/2025,,12/5/2025,€ 615.00,,,,,"1,230",,,,,53,2,yes,Dec-25,Jaime Orna,,,,Policia,0,,,0,0,,,,,,,,,,,,,,,,,,,,,,,,,,,,,,,,,,,,,,,,,,,,,,,,,,,,,,,,,,,,,,,,,,,,,,,,,,,,,,,,,,,,,,,,,,,,,,,,,,,,,,,,,,,,,,,,,,,,,,,,,,,,,,,,,
#REF!,NC_0473,,B2B2C,Signed,Expired,Francisco Jesus,Galea Muñoz,,,,Studio Comfort,,1,Worker,,9/3/2025,10/12/2025,,12/5/2025,€ 615.00,,,,,"1,230",,,,,54,2,yes,Dec-25,Belen Lopez,,,,Policia,0,,,0,0,,,,,,,,,,,,,,,,,,,,,,,,,,,,,,,,,,,,,,,,,,,,,,,,,,,,,,,,,,,,,,,,,,,,,,,,,,,,,,,,,,,,,,,,,,,,,,,,,,,,,,,,,,,,,,,,,,,,,,,,,,,,,,,,,
#REF!,NC_0626,,B2C,Signed,Expired,Gema,Gil Muñoz,,,,Studio Standard + Terrace,,1,Worker,,10/15/2025,10/17/2025,,12/5/2025,€ 615.00,,,,,"1,230",,,,,49,2,yes,Dec-25,Clara Moran,,,,,0,,,0,0,,,,,,,,,,,,,,,,,,,,,,,,,,,,,,,,,,,,,,,,,,,,,,,,,,,,,,,,,,,,,,,,,,,,,,,,,,,,,,,,,,,,,,,,,,,,,,,,,,,,,,,,,,,,,,,,,,,,,,,,,,,,,,,,,
#REF!,NC_0710,,B2C,Signed,Expired,Vidal,Mateos Salas,Eusebia,Rivero Vicente,,Studio Comfort,,2,Worker,Worker,11/4/2025,11/6/2025,,12/5/2025,€ 665.00,,Renovation,NC_0806,,"1,330",,,,,29,1,yes,Dec-25,Clara Moran,,,,Renovacion,0,,,0,0,,,,,,,,,,,,,,,,,,,,,,,,,,,,,,,,,,,,,,,,,,,,,,,,,,,,,,,,,,,,,,,,,,,,,,,,,,,,,,,,,,,,,,,,,,,,,,,,,,,,,,,,,,,,,,,,,,,,,,,,,,,,,,,,,//
#REF!,NC_0720,,B2B,Signed,Expired,Grupo Resolute Servicios Universales SL,,,,,2 Bed (1/2),,2,Worker,Worker,11/4/2025,11/4/2025,,12/5/2025,€ 762.50,,Renovation,NC_0809,,"1,525",,,,,31,1,yes,Dec-25,Clara Moran,,,,Renovación,0,,,0,0,,,,,,,,,,,,,,,,,,,,,,,,,,,,,,,,,,,,,,,,,,,,,,,,,,,,,,,,,,,,,,,,,,,,,,,,,,,,,,,,,,,,,,,,,,,,,,,,,,,,,,,,,,,,,,,,,,,,,,,,,,,,,,,,,//
#REF!,NC_0719,,B2C,Signed,Expired,Harry David,Pickup,,,,Studio Comfort,,1,Worker,,11/5/2025,11/7/2025,,12/6/2025,€ 615.00,,,,,"1,230",,,,,29,1,yes,Dec-25,Clara Moran,,,,,0,,,0,0,,,,,,,,,,,,,,,,,,,,,,,,,,,,,,,,,,,,,,,,,,,,,,,,,,,,,,,,,,,,,,,,,,,,,,,,,,,,,,,,,,,,,,,,,,,,,,,,,,,,,,,,,,,,,,,,,,,,,,,,,,,,,,,,,//
#REF!,NC_0398,,B2C,Signed,Expired,Ana Mafalda,Teixeira,,,,Studio Rooftop,,1,Student,,,9/13/2025,,12/7/2025,€ 650.00,,,,,"1,300",,,,,85,3,yes,Dec-25,Clara Moran,,,,Direct Booking,0,,,0,0,,,,,,,,,,,,,,,,,,,,,,,,,,,,,,,,,,,,,,,,,,,,,,,,,,,,,,,,,,,,,,,,,,,,,,,,,,,,,,,,,,,,,,,,,,,,,,,,,,,,,,,,,,,,,,,,,,,,,,,,,,,,,,,,,
#REF!,NC_0697,,B2C,Signed,Expired,Martin,Gerges,,,,Studio Standard + Terrace,,1,Worker,,11/3/2025,11/7/2025,,12/7/2025,€ 605.00,,Renovation,NC_1045,,"1,230",,,,,30,1,yes,Dec-25,Clara Moran,,,,Renovacion/se reutiliza depósito anterior,0,,,0,0,,,,,,,,,,,,,,,,,,,,,,,,,,,,,,,,,,,,,,,,,,,,,,,,,,,,,,,,,,,,,,,,,,,,,,,,,,,,,,,,,,,,,,,,,,,,,,,,,,,,,,,,,,,,,,,,,,,,,,,,,,,,,,,,,
#REF!,NC_0678,,B2C,Signed,Expired,Aisha,Abdelhafiz Hassan Irabi,,,,Studio Comfort,,1,Worker,,10/28/2025,10/28/2025,,12/8/2025,€ 615.00,,,,,"1,230",,,,,41,1,yes,Dec-25,Clara Moran,,,,,0,,,0,0,,,,,,,,,,,,,,,,,,,,,,,,,,,,,,,,,,,,,,,,,,,,,,,,,,,,,,,,,,,,,,,,,,,,,,,,,,,,,,,,,,,,,,,,,,,,,,,,,,,,,,,,,,,,,,,,,,,,,,,,,,,,,,,,,
#REF!,NC_0362,,B2B2C,Signed,Expired,Rosa,Narvaez Camara,Teresa,Piedra Martinez,,2 Bed (1/2),,2,Worker,Worker,,10/10/2025,,12/10/2025,€ 753.00,,,,,"1,505",,,,,61,2,yes,Dec-25,Clara Moran,,,,Policia Pago por completo de la estancia,0,,,0,0,,,,,,,,,,,,,,,,,,,,,,,,,,,,,,,,,,,,,,,,,,,,,,,,,,,,,,,,,,,,,,,,,,,,,,,,,,,,,,,,,,,,,,,,,,,,,,,,,,,,,,,,,,,,,,,,,,,,,,,,,,,,,,,,,
#REF!,NC_0716,,B2C,Signed,Expired,Rebeca,Pascual Encinas,,,,Studio Comfort,,1,Worker,,11/6/2025,11/11/2025,,12/10/2025,€ 615.00,,Renovation,NC_0807,,"1,230",,,,,29,1,yes,Dec-25,Clara Moran,,,,Renovación,0,,,0,0,,,,,,,,,,,,,,,,,,,,,,,,,,,,,,,,,,,,,,,,,,,,,,,,,,,,,,,,,,,,,,,,,,,,,,,,,,,,,,,,,,,,,,,,,,,,,,,,,,,,,,,,,,,,,,,,,,,,,,,,,,,,,,,,,//
#REF!,NC_0706,,B2C,Signed,Expired,Maria de Luna,Fernandez Vilar,,,,Studio Comfort,,1,Worker,,11/3/2025,11/11/2025,,12/11/2025,€ 615.00,,,,,"1,230",,,,,30,1,yes,Dec-25,Clara Moran,,,,,0,,,0,0,,,,,,,,,,,,,,,,,,,,,,,,,,,,,,,,,,,,,,,,,,,,,,,,,,,,,,,,,,,,,,,,,,,,,,,,,,,,,,,,,,,,,,,,,,,,,,,,,,,,,,,,,,,,,,,,,,,,,,,,,,,,,,,,,
#REF!,NC_0264,,B2B2C,Signed,Expired,Fernando Antonio,Chemelal de la Riva,,,,Studio Standard + Terrace,,1,Worker,,,9/14/2025,,12/12/2025,€ 570.00,,,,,"1,140",,,,,89,3,yes,Dec-25,Clara Moran,Solo pago Depósito - Recibo enviado,,,Policia - Reserva semi directa,0,,,0,0,,,,,,,,,,,,,,,,,,,,,,,,,,,,,,,,,,,,,,,,,,,,,,,,,,,,,,,,,,,,,,,,,,,,,,,,,,,,,,,,,,,,,,,,,,,,,,,,,,,,,,,,,,,,,,,,,,,,,,,,,,,,,,,,,
#REF!,NC_0265,,B2B2C,Signed,Expired,Felipe,Perez Villares,,,,Studio Comfort,,1,Worker,,,9/14/2025,,12/12/2025,"€ 1,010.00",,,,,"1,010",,,,,89,3,yes,Dec-25,Belen Lopez,Solo pago Depósito - Recibo enviado,,,Policia,0,,,0,0,,,,,,,,,,,,,,,,,,,,,,,,,,,,,,,,,,,,,,,,,,,,,,,,,,,,,,,,,,,,,,,,,,,,,,,,,,,,,,,,,,,,,,,,,,,,,,,,,,,,,,,,,,,,,,,,,,,,,,,,,,,,,,,,,
#REF!,NC_0278,,B2B2C,Signed,Expired,Juan Ignacio,Rico Yañez,,,,Studio Comfort,,1,Worker,,,9/14/2025,,12/12/2025,"€ 1,010.00",,,,,"1,010",,,,,89,3,yes,Dec-25,Belen Lopez,policia,,,Policia,0,,,0,0,,,,,,,,,,,,,,,,,,,,,,,,,,,,,,,,,,,,,,,,,,,,,,,,,,,,,,,,,,,,,,,,,,,,,,,,,,,,,,,,,,,,,,,,,,,,,,,,,,,,,,,,,,,,,,,,,,,,,,,,,,,,,,,,,
#REF!,NC_0025,,B2C,Signed,Expired,Stephen James,Horley,,,,Studio Comfort,,1,Worker,,,4/22/2025,1/23/2026,12/13/2025,€ 845.00,Y,,,,845,Adenda Firmada,,,,276,8,yes,Dec-25,Jaime Orna,,,,Cancelacion Anticipada,0,,,0,0,,,,,,,,,,,,,,,,,,,,,,,,,,,,,,,,,,,,,,,,,,,,,,,,,,,,,,,,,,,,,,,,,,,,,,,,,,,,,,,,,,,,,,,,,,,,,,,,,,,,,,,,,,,,,,,,,,,,,,,,,,,,,,,,,
#REF!,NC_0728,,B2C,Signed,Expired,Diana Alejandra,Hernandez Hernandez,Joyce Renata,García Aragón Rosas,,Studio Comfort,,2,Worker,Worker,11/12/2025,11/13/2025,,12/13/2025,€ 605.00,,Renovation,NC_0844,,"1,330",,,,,30,1,yes,Dec-25,Belen Lopez,,,,Renovacion,0,,,0,0,,,,,,,,,,,,,,,,,,,,,,,,,,,,,,,,,,,,,,,,,,,,,,,,,,,,,,,,,,,,,,,,,,,,,,,,,,,,,,,,,,,,,,,,,,,,,,,,,,,,,,,,,,,,,,,,,,,,,,,,,,,,,,,,,
#REF!,NC_0734,,B2C,Signed,Expired,Daida,Gonzalez Suarez,,,,Studio Comfort,,1,Worker,,11/13/2025,11/13/2025,,12/13/2025,€ 615.00,,,,,"1,230",,,,,30,1,yes,Dec-25,Clara Moran,,,,,0,,,0,0,,,,,,,,,,,,,,,,,,,,,,,,,,,,,,,,,,,,,,,,,,,,,,,,,,,,,,,,,,,,,,,,,,,,,,,,,,,,,,,,,,,,,,,,,,,,,,,,,,,,,,,,,,,,,,,,,,,,,,,,,,,,,,,,,
#REF!,NC_0736,,B2C,Signed,Expired,Angel,Resino Serrano,,,,2 Bed (1/2),,1,Worker,,11/13/2025,11/14/2025,,12/14/2025,€ 762.50,,Renovation,NC_0824,,"1,525",,,,,30,1,yes,Dec-25,Clara Moran,,,,,0,,,0,0,,,,,,,,,,,,,,,,,,,,,,,,,,,,,,,,,,,,,,,,,,,,,,,,,,,,,,,,,,,,,,,,,,,,,,,,,,,,,,,,,,,,,,,,,,,,,,,,,,,,,,,,,,,,,,,,,,,,,,,,,,,,,,,,,
#REF!,NC_0290,,B2B2C,Signed,Expired,Encarnacion,Manrique Gordillo,,,,Studio Comfort,,1,Worker,,,9/7/2025,,12/15/2025,€ 538.00,,,,,"1,075",,,,,99,3,yes,Dec-25,Clara Moran,Solo pago Depósito - Recibo enviado,,,Policia,0,,,0,0,,,,,,,,,,,,,,,,,,,,,,,,,,,,,,,,,,,,,,,,,,,,,,,,,,,,,,,,,,,,,,,,,,,,,,,,,,,,,,,,,,,,,,,,,,,,,,,,,,,,,,,,,,,,,,,,,,,,,,,,,,,,,,,,,
#REF!,NC_0300,,B2C,Signed,Expired,Niki Sadat,Arezehgar,,,,Studio Rooftop,,1,Student,,,8/25/2025,,12/15/2025,"€ 1,070.00",,Renovation,NC_0738,,"1,070",,,,,112,4,yes,Dec-25,Jaime Orna,Paga toda la estancia,,,Pagada la estancia completa,0,,,0,0,,,,,,,,,,,,,,,,,,,,,,,,,,,,,,,,,,,,,,,,,,,,,,,,,,,,,,,,,,,,,,,,,,,,,,,,,,,,,,,,,,,,,,,,,,,,,,,,,,,,,,,,,,,,,,,,,,,,,,,,,,,,,,,,,
#REF!,NC_0420,,B2C,Signed,Expired,Luis Angel,Mattos Salas,,,,Studio Standard + Terrace,,1,Student,,,8/25/2025,6/30/2026,12/15/2025,€ 905.00,Y,,,,905,Adenda Firmada,75,,,309,4,yes,Dec-25,Belen Lopez,,,,Pago trimestral,300,,,300,75,,,,,,,,,,,,,,,,,,,,,,,,,,,,,,,,,,,,,,,,,,,,,,,,,,,,,,,,,,,,,,,,,,,,,,,,,,,,,,,,,,,,,,,,,,,,,,,,,,,,,,,,,,,,,,,,,,,,,,,,,,,,,,,,,
#REF!,NC_0516,,B2C,Signed,Expired,Ali Hassan,Fakih Salman,,,,Studio Standard + Terrace,,1,Worker,,9/12/2025,9/12/2025,,12/15/2025,"€ 1,005.00",,,,,"1,005",,,,,94,3,yes,Dec-25,Clara Moran,,,,Reserva Semi-Directa / Paga estancia por adelantado,0,,,0,0,,,,,,,,,,,,,,,,,,,,,,,,,,,,,,,,,,,,,,,,,,,,,,,,,,,,,,,,,,,,,,,,,,,,,,,,,,,,,,,,,,,,,,,,,,,,,,,,,,,,,,,,,,,,,,,,,,,,,,,,,,,,,,,,,
#REF!,NC_0618,,B2C,Signed,Expired,Damian,Goni,Cristian Ezequiel,Cuartero,,2 Bed (2/2),,2,Worker,Worker,10/10/2025,10/14/2025,,12/15/2025,€ 812.50,,,,,"1,625",,,,,62,2,yes,Dec-25,Clara Moran,,,,Pago por adelantado,0,,,0,0,,,,,,,,,,,,,,,,,,,,,,,,,,,,,,,,,,,,,,,,,,,,,,,,,,,,,,,,,,,,,,,,,,,,,,,,,,,,,,,,,,,,,,,,,,,,,,,,,,,,,,,,,,,,,,,,,,,,,,,,,,,,,,,,,
#REF!,NC_0649,,B2C,Signed,Expired,Maria Celia,Reviriego Morales,,,,Studio Comfort,,1,Worker,,10/19/2025,11/2/2025,,12/15/2025,€ 615.00,,Renovation,NC_0770,,"1,230",,,,,43,1,yes,Dec-25,Clara Moran,,,,Direct Booking,0,,,0,0,,,,,,,,,,,,,,,,,,,,,,,,,,,,,,,,,,,,,,,,,,,,,,,,,,,,,,,,,,,,,,,,,,,,,,,,,,,,,,,,,,,,,,,,,,,,,,,,,,,,,,,,,,,,,,,,,,,,,,,,,,,,,,,,,
#REF!,NC_0487,,B2C,Signed,Expired,Kristen Melody,Giesbrecht,,,,Studio Comfort,,1,Student,,9/11/2025,9/15/2025,,12/16/2025,"€ 1,005.00",,Renovation,NC_0893,,"1,005",,,,,92,3,yes,Dec-25,Belen Lopez,,,,,0,,,0,0,,,,,,,,,,,,,,,,,,,,,,,,,,,,,,,,,,,,,,,,,,,,,,,,,,,,,,,,,,,,,,,,,,,,,,,,,,,,,,,,,,,,,,,,,,,,,,,,,,,,,,,,,,,,,,,,,,,,,,,,,,,,,,,,,
#REF!,NC_0650,,B2C,Signed,Expired,Ramona,Cortini,,,,Studio Standard + Terrace,,1,Worker,,10/20/2025,11/16/2025,,12/16/2025,€ 605.00,,Renovation,NC_0906,,"1,230",,,,,30,1,yes,Dec-25,Belen Lopez,,,,,0,,,0,0,,,,,,,,,,,,,,,,,,,,,,,,,,,,,,,,,,,,,,,,,,,,,,,,,,,,,,,,,,,,,,,,,,,,,,,,,,,,,,,,,,,,,,,,,,,,,,,,,,,,,,,,,,,,,,,,,,,,,,,,,,,,,,,,,
#REF!,NC_0653,,B2C,Signed,Expired,Maria Dolores,Conchillo Alonso,Sergio,Sanchez Alvarez,,Studio Comfort,,2,Worker,Worker,10/20/2025,10/21/2025,,12/19/2025,€ 665.00,,,,,"1,330",,,,,59,2,yes,Dec-25,Belen Lopez,,,,Direct Booking,0,,,0,0,,,,,,,,,,,,,,,,,,,,,,,,,,,,,,,,,,,,,,,,,,,,,,,,,,,,,,,,,,,,,,,,,,,,,,,,,,,,,,,,,,,,,,,,,,,,,,,,,,,,,,,,,,,,,,,,,,,,,,,,,,,,,,,,,
#REF!,NC_0672,,B2C,Signed,Expired,Maria Presentacion,Jimenez Rueda,,,,Studio Standard + Terrace,,1,Worker,,10/23/2025,10/26/2025,,12/19/2025,€ 615.00,,,,,"1,230",,,,,54,2,yes,Dec-25,Belen Lopez,,,,"Direct Booking, paga renta por TPV",0,,,0,0,,,,,,,,,,,,,,,,,,,,,,,,,,,,,,,,,,,,,,,,,,,,,,,,,,,,,,,,,,,,,,,,,,,,,,,,,,,,,,,,,,,,,,,,,,,,,,,,,,,,,,,,,,,,,,,,,,,,,,,,,,,,,,,,,
#REF!,NC_0704,,B2C,Signed,Expired,Matilde,Bettencourt Avila Dos Santos Augusto,,,,Studio Comfort,,1,Student,,11/4/2025,11/5/2025,,12/20/2025,€ 605.00,,,,,"1,230",,,,,45,1,yes,Dec-25,Clara Moran,,,,Extensión,0,,,0,0,,,,,,,,,,,,,,,,,,,,,,,,,,,,,,,,,,,,,,,,,,,,,,,,,,,,,,,,,,,,,,,,,,,,,,,,,,,,,,,,,,,,,,,,,,,,,,,,,,,,,,,,,,,,,,,,,,,,,,,,,,,,,,,,,
#REF!,NC_0411,,B2C,Signed,Expired,Alexandru Theodor,Minculescu,,,,Studio Standard + Terrace,,1,Student,,,8/31/2025,,12/21/2025,"€ 1,005.00",,,,,"1,005",,,,,112,4,yes,Dec-25,Clara Moran,,,,Paga la estancia por adelantado. Reserva Semi Directa,0,,,0,0,,,,,,,,,,,,,,,,,,,,,,,,,,,,,,,,,,,,,,,,,,,,,,,,,,,,,,,,,,,,,,,,,,,,,,,,,,,,,,,,,,,,,,,,,,,,,,,,,,,,,,,,,,,,,,,,,,,,,,,,,,,,,,,,,
#REF!,NC_0475,,B2C,Signed,Expired,Jorge,Gallego Pérez,,,,Studio Rooftop,,1,Worker,,9/4/2025,9/20/2025,,12/21/2025,"€ 1,060.00",,Renovation,NC_0761,,"1,080",,,,,92,3,yes,Dec-25,Belen Lopez,,,,,0,,,0,0,,,,,,,,,,,,,,,,,,,,,,,,,,,,,,,,,,,,,,,,,,,,,,,,,,,,,,,,,,,,,,,,,,,,,,,,,,,,,,,,,,,,,,,,,,,,,,,,,,,,,,,,,,,,,,,,,,,,,,,,,,,,,,,,,
#REF!,NC_0500,,B2C,Signed,Expired,Andrea Mario,Caudullo,,,,Studio Standard + Terrace,,1,Student,,9/10/2025,9/11/2025,,12/22/2025,"€ 1,005.00",,,,,"1,005",,,,,102,3,yes,Dec-25,Belen Lopez,,,,Paga la estancia por adelantado,0,,,0,0,,,,,,,,,,,,,,,,,,,,,,,,,,,,,,,,,,,,,,,,,,,,,,,,,,,,,,,,,,,,,,,,,,,,,,,,,,,,,,,,,,,,,,,,,,,,,,,,,,,,,,,,,,,,,,,,,,,,,,,,,,,,,,,,,
#REF!,NC_0531,,B2C,Signed,Expired,Zuzanna,Turkiewicz,Natalia,Waryszak,,Studio Comfort,,2,Student,Student,9/18/2025,9/21/2025,,12/22/2025,"€ 1,105.00",,,,,"1,105",,,,,92,3,yes,Dec-25,Clara Moran,,,,Pago estancia por adelantado,0,,,0,0,,,,,,,,,,,,,,,,,,,,,,,,,,,,,,,,,,,,,,,,,,,,,,,,,,,,,,,,,,,,,,,,,,,,,,,,,,,,,,,,,,,,,,,,,,,,,,,,,,,,,,,,,,,,,,,,,,,,,,,,,,,,,,,,,
#REF!,NC_0535,,B2C,Signed,Expired,Cosimo,Fontana,,,,Studio Comfort,,1,Student,,9/19/2025,9/21/2025,,12/22/2025,"€ 1,005.00",,Renovation,NC_0833,,"1,005",,,,,92,3,yes,Dec-25,Clara Moran,,,,Paga estancia por adelantado,0,,,0,0,,,,,,,,,,,,,,,,,,,,,,,,,,,,,,,,,,,,,,,,,,,,,,,,,,,,,,,,,,,,,,,,,,,,,,,,,,,,,,,,,,,,,,,,,,,,,,,,,,,,,,,,,,,,,,,,,,,,,,,,,,,,,,,,,
#REF!,NC_0646,,B2C,Signed,Expired,Chukwuebuka Theodore,Erondu,,,,Studio Comfort,,1,Worker,,10/19/2025,10/22/2025,,12/22/2025,€ 615.00,,,,,"1,230",,,,,61,2,yes,Dec-25,Clara Moran,,,,Direct Booking,0,,,0,0,,,,,,,,,,,,,,,,,,,,,,,,,,,,,,,,,,,,,,,,,,,,,,,,,,,,,,,,,,,,,,,,,,,,,,,,,,,,,,,,,,,,,,,,,,,,,,,,,,,,,,,,,,,,,,,,,,,,,,,,,,,,,,,,,
#REF!,NC_0718,,B2C,Signed,Expired,Xavier,Colom del Pilar,Jordi,Colom del Pilar,,2 Bed (1/2),,2,Worker,Worker,11/4/2025,11/15/2025,,12/22/2025,€ 762.50,,,,,"1,525",,,,,37,1,yes,Dec-25,Belen Lopez,,,,,0,,,0,0,,,,,,,,,,,,,,,,,,,,,,,,,,,,,,,,,,,,,,,,,,,,,,,,,,,,,,,,,,,,,,,,,,,,,,,,,,,,,,,,,,,,,,,,,,,,,,,,,,,,,,,,,,,,,,,,,,,,,,,,,,,,,,,,,//
#REF!,NC_0744,,B2C,Signed,Expired,Rupert Nicholas William,Vans Agnew,Dominik,Ištván,,2 Bed (1/2),,2,Worker,Worker,11/11/2025,11/23/2025,,12/22/2025,€ 763.00,,,,,"1,525",,,,,29,1,yes,Dec-25,Belen Lopez,,,,Renovación,0,,,0,0,,,,,,,,,,,,,,,,,,,,,,,,,,,,,,,,,,,,,,,,,,,,,,,,,,,,,,,,,,,,,,,,,,,,,,,,,,,,,,,,,,,,,,,,,,,,,,,,,,,,,,,,,,,,,,,,,,,,,,,,,,,,,,,,,
#REF!,NC_0359,,B2C,Signed,Expired,Sara,García Cuevas,,,,Studio Comfort,,1,Worker,,,8/14/2025,,12/23/2025,"€ 1,005.00",,Renovation,NC_0769,,"1,005",,,,,131,4,yes,Dec-25,Belen Lopez,,,,,0,,,0,0,,,,,,,,,,,,,,,,,,,,,,,,,,,,,,,,,,,,,,,,,,,,,,,,,,,,,,,,,,,,,,,,,,,,,,,,,,,,,,,,,,,,,,,,,,,,,,,,,,,,,,,,,,,,,,,,,,,,,,,,,,,,,,,,,
#REF!,NC_0492,,B2C,Signed,Expired,Clement,Boudoul,,,,Studio Comfort,,1,Worker,,9/8/2025,9/10/2025,,12/24/2025,"€ 1,005.00",,,,,"1,005",,,,,105,3,yes,Dec-25,Clara Moran,,,,Pago trimestral,0,,,0,0,,,,,,,,,,,,,,,,,,,,,,,,,,,,,,,,,,,,,,,,,,,,,,,,,,,,,,,,,,,,,,,,,,,,,,,,,,,,,,,,,,,,,,,,,,,,,,,,,,,,,,,,,,,,,,,,,,,,,,,,,,,,,,,,,
#REF!,NC_0727,,B2C,Signed,Expired,Erik Ricardo,Perez Flores,,,,Studio Comfort,,1,Worker,,11/8/2025,11/10/2025,,12/24/2025,€ 615.00,,,,,"1,230",,,,,44,1,yes,Dec-25,Belen Lopez,,,,Renovacion,0,,,0,0,,,,,,,,,,,,,,,,,,,,,,,,,,,,,,,,,,,,,,,,,,,,,,,,,,,,,,,,,,,,,,,,,,,,,,,,,,,,,,,,,,,,,,,,,,,,,,,,,,,,,,,,,,,,,,,,,,,,,,,,,,,,,,,,,
#REF!,NC_0773,,B2C,Signed,Expired,Maria Luisa,de la Fuente Gonzalez,Lidia Maria,Ceceda de la Fuente,,2 Bed (1/2),,2,Worker,Student,11/23/2025,11/24/2025,,12/24/2025,€ 745.00,,Renovation,NC_0857,,"1,525",,,,,30,1,yes,Dec-25,Clara Moran,,,,Renovacion,0,,,0,0,,,,,,,,,,,,,,,,,,,,,,,,,,,,,,,,,,,,,,,,,,,,,,,,,,,,,,,,,,,,,,,,,,,,,,,,,,,,,,,,,,,,,,,,,,,,,,,,,,,,,,,,,,,,,,,,,,,,,,,,,,,,,,,,,
#REF!,NC_0775,,B2C,Signed,Expired,Jose Miguel,Bello Nava,Yvan Jose,Bello Nava,,Studio Comfort,,2,Student,Student,11/24/2025,11/24/2025,,12/24/2025,€ 665.00,,Renovation,NC_0858,,"1,330",,,,,30,1,yes,Dec-25,Clara Moran,,,,Renovacion,0,,,0,0,,,,,,,,,,,,,,,,,,,,,,,,,,,,,,,,,,,,,,,,,,,,,,,,,,,,,,,,,,,,,,,,,,,,,,,,,,,,,,,,,,,,,,,,,,,,,,,,,,,,,,,,,,,,,,,,,,,,,,,,,,,,,,,,,
#REF!,NC_0478,,B2C,Signed,Expired,Isa Haji,Alabdulrahman,,,,Studio Standard + Terrace,,1,Student,,9/4/2025,9/5/2025,,12/25/2025,"€ 1,005.00",,Renovation,NC_0758,,"1,005",,,,,111,4,yes,Dec-25,Clara Moran,,,,Paga estancia por adelantado. Direct Booking,0,,,0,0,,,,,,,,,,,,,,,,,,,,,,,,,,,,,,,,,,,,,,,,,,,,,,,,,,,,,,,,,,,,,,,,,,,,,,,,,,,,,,,,,,,,,,,,,,,,,,,,,,,,,,,,,,,,,,,,,,,,,,,,,,,,,,,,,
#REF!,NC_0724,,B2C,Signed,Expired,Fernando,Pading Iglesias,,,,Studio Comfort,,1,Worker,,11/7/2025,11/26/2025,,12/26/2025,€ 615.00,,Renovation,NC_0799,,"1,230",,,,,30,1,yes,Dec-25,Belen Lopez,,,,Renovación,0,,,0,0,,,,,,,,,,,,,,,,,,,,,,,,,,,,,,,,,,,,,,,,,,,,,,,,,,,,,,,,,,,,,,,,,,,,,,,,,,,,,,,,,,,,,,,,,,,,,,,,,,,,,,,,,,,,,,,,,,,,,,,,,,,,,,,,,
#REF!,NC_0556,,B2C,Signed,Expired,Almudena Maria,Gonzalez Requejo,,,,Studio Comfort,,1,Worker,,9/26/2025,9/29/2025,,12/30/2025,"€ 1,005.00",,Renovation,NC_0742,,"1,005",,,,,92,3,yes,Dec-25,Clara Moran,,,,Paga estancia completa,0,,,0,0,,,,,,,,,,,,,,,,,,,,,,,,,,,,,,,,,,,,,,,,,,,,,,,,,,,,,,,,,,,,,,,,,,,,,,,,,,,,,,,,,,,,,,,,,,,,,,,,,,,,,,,,,,,,,,,,,,,,,,,,,,,,,,,,,
#REF!,NC_0042,,B2C,Signed,Expired,Jose,Ferrer Fernandez,,,,Studio Comfort,,1,Worker,,,6/16/2025,6/14/2026,12/31/2025,€ 855.00,Y,,,,855,Adenda Firmada,,,1-Dec,363,6,yes,Dec-25,Jaime Orna,,,,,0,855,,"237,811,410.00","39,635,235.00",,,,,,,,,,,,,,,,,,,,,,,,,,,,,,,,,,,,,,,,,,,,,,,,,,,,,,,,,,,,,,,,,,,,,,,,,,,,,,,,,,,,,,,,,,,,,,,,,,,,,,,,,,,,,,,,,,,,,,,,,,,,,,,,,
#REF!,NC_0085,,B2C,Signed,Expired,Wilson,Rodriguez Muñoz,Pablo Nelson,Lancheros Alarcón,,Studio Standard + Terrace,,2,Worker,Worker,,4/23/2025,4/22/2026,12/31/2025,€ 985.00,Y,,,,985,Adenda Firmada,,,,364,8,yes,Dec-25,Clara Moran,,,,,0,,,0,0,,,,,,,,,,,,,,,,,,,,,,,,,,,,,,,,,,,,,,,,,,,,,,,,,,,,,,,,,,,,,,,,,,,,,,,,,,,,,,,,,,,,,,,,,,,,,,,,,,,,,,,,,,,,,,,,,,,,,,,,,,,,,,,,,
#REF!,NC_0128,,B2B,Signed,Expired,JJ Activos,,,,,2 Bed (2/2),,2,Worker,Worker,,7/1/2025,,12/31/2025,"€ 1,485.00",,Renovation,NC_0847,,"1,485",,,,,183,6,yes,Dec-25,Clara Moran,,,,Van a la unidad 2186 2 Bed Double Double,0,,,0,0,,,,,,,,,,,,,,,,,,,,,,,,,,,,,,,,,,,,,,,,,,,,,,,,,,,,,,,,,,,,,,,,,,,,,,,,,,,,,,,,,,,,,,,,,,,,,,,,,,,,,,,,,,,,,,,,,,,,,,,,,,,,,,,,,
#REF!,NC_0159,,B2C,Signed,Expired,Jorge Eliecer,Valverde Castro,,,,Studio Comfort,,1,Worker,,,6/20/2025,3/21/2026,12/31/2025,€ 865.00,,,,,865,Adenda Denegada,,,,274,6,yes,Dec-25,Jaime Orna,,,,Coge Mendia Pensión 330€ 20 Servicios,0,,,0,0,,,,,,,,,,,,,,,,,,,,,,,,,,,,,,,,,,,,,,,,,,,,,,,,,,,,,,,,,,,,,,,,,,,,,,,,,,,,,,,,,,,,,,,,,,,,,,,,,,,,,,,,,,,,,,,,,,,,,,,,,,,,,,,,,
#REF!,NC_0225,,B2C,Signed,Expired,Carlos Enrique,Mata,Maigualida,Torres,,2 Bed (1/2),,2,Worker,Worker,,6/27/2025,3/27/2026,12/31/2025,"€ 1,215.00",,,,,"1,215",Adenda Firmada,,,,273,6,yes,Dec-25,Clara Moran,,,,,0,,,0,0,,,,,,,,,,,,,,,,,,,,,,,,,,,,,,,,,,,,,,,,,,,,,,,,,,,,,,,,,,,,,,,,,,,,,,,,,,,,,,,,,,,,,,,,,,,,,,,,,,,,,,,,,,,,,,,,,,,,,,,,,,,,,,,,,
#REF!,NC_0241,,B2B,Signed,Expired,MOTOS EXPANSION SL,,,,,Studio Standard,,1,Worker,,,9/1/2025,8/31/2026,12/31/2025,€ 815.00,,,,,815,Adenda Denegada,,,1-Dec,364,4,yes,Dec-25,Clara Moran,,,,,0,815,,"151,123,820.00","37,780,955.00",,,,,,,,,,,,,,,,,,,,,,,,,,,,,,,,,,,,,,,,,,,,,,,,,,,,,,,,,,,,,,,,,,,,,,,,,,,,,,,,,,,,,,,,,,,,,,,,,,,,,,,,,,,,,,,,,,,,,,,,,,,,,,,,,
#REF!,NC_0266,,B2B,Signed,Expired,Tucompralowcost SL,,,,,Studio Standard + Terrace,,1,Worker,,,7/11/2025,7/10/2026,12/31/2025,€ 895.00,R,,,,895,Adenda Denegada,,,,364,6,yes,Dec-25,Clara Moran,,,,,0,,,0,0,,,,,,,,,,,,,,,,,,,,,,,,,,,,,,,,,,,,,,,,,,,,,,,,,,,,,,,,,,,,,,,,,,,,,,,,,,,,,,,,,,,,,,,,,,,,,,,,,,,,,,,,,,,,,,,,,,,,,,,,,,,,,,,,,
#REF!,NC_0331,,B2C,Signed,Expired,Maria Alejandra,De Benito Cruz,Alejandro,Mena Navarrete,,2 Bed (1/2) + Terrace,,2,,,,8/1/2025,7/29/2026,12/31/2025,"€ 1,285.00",Y,,,,"1,285",Adenda Firmada,,,1-Dec,362,5,yes,Dec-25,Jaime Orna,,,,Promoción 11 meses + 1 gratis,0,1285,,"297,843,725.00","59,568,745.00",,,,,,,,,,,,,,,,,,,,,,,,,,,,,,,,,,,,,,,,,,,,,,,,,,,,,,,,,,,,,,,,,,,,,,,,,,,,,,,,,,,,,,,,,,,,,,,,,,,,,,,,,,,,,,,,,,,,,,,,,,,,,,,,,
#REF!,NC_0333,,B2C,Signed,Expired,Belda Salome,Ontaneda Samaniego,Belda Teresita Del Cisne,Samaniego Aymar,,Studio Rooftop,,2,,,,9/1/2025,6/20/2026,12/31/2025,€ 970.00,,,,,"1,070",Adenda Denegada,,,,292,4,yes,Dec-25,Jaime Orna,,,,"Pago trimestral, ojo en la renta hay 100€ de suplemento solo 1 mes de la estancia. Semi directa",0,,,0,0,,,,,,,,,,,,,,,,,,,,,,,,,,,,,,,,,,,,,,,,,,,,,,,,,,,,,,,,,,,,,,,,,,,,,,,,,,,,,,,,,,,,,,,,,,,,,,,,,,,,,,,,,,,,,,,,,,,,,,,,,,,,,,,,,
#REF!,NC_0388,,B2C,Signed,Expired,Ahmed Ramy Mohamed Hamed,Elmor,,,,Studio Standard + Terrace,,1,Student,,,9/1/2025,,12/31/2025,"€ 1,005.00",,,,,"1,005",,,,,121,4,yes,Dec-25,Clara Moran,,,,Paga la estancia por adelantado,0,,,0,0,,,,,,,,,,,,,,,,,,,,,,,,,,,,,,,,,,,,,,,,,,,,,,,,,,,,,,,,,,,,,,,,,,,,,,,,,,,,,,,,,,,,,,,,,,,,,,,,,,,,,,,,,,,,,,,,,,,,,,,,,,,,,,,,,
#REF!,NC_0415,,B2C,Signed,Expired,Sergio,Ortiz Mangut,,,Venancio Ortiz Silva,Studio Comfort,,1,Student,,,9/18/2025,6/21/2026,12/31/2025,€ 905.00,,,,,905,Adenda Firmada,,,,276,3,yes,Dec-25,Clara Moran,,,,Reserva Semi-Directa,0,,,0,0,,,,,,,,,,,,,,,,,,,,,,,,,,,,,,,,,,,,,,,,,,,,,,,,,,,,,,,,,,,,,,,,,,,,,,,,,,,,,,,,,,,,,,,,,,,,,,,,,,,,,,,,,,,,,,,,,,,,,,,,,,,,,,,,,
#REF!,NC_0778,,B2C,Signed,Expired,Juan Alfredo,Morales Sayan,,,,Studio Rooftop,,1,Worker,,11/24/2025,12/1/2025,11/28/2026,12/31/2025,€ 985.00,Y,,,,985,Adenda Firmada,,,,362,1,yes,Dec-25,Clara Moran,,,,,0,,,0,0,,,,,,,,,,,,,,,,,,,,,,,,,,,,,,,,,,,,,,,,,,,,,,,,,,,,,,,,,,,,,,,,,,,,,,,,,,,,,,,,,,,,,,,,,,,,,,,,,,,,,,,,,,,,,,,,,,,,,,,,,,,,,,,,,
#REF!,NC_0794,,B2C,Signed,Expired,Hugo Miguel,Borges De Sousa Sequeira,,,,Studio Comfort,,1,Worker,,11/27/2025,11/30/2025,,1/1/2026,€ 615.00,,Renovation,NC_0856,,"1,230",,,,,32,1,yes,Jan-26,Clara Moran,,,,Renovacion,0,,,0,0,,,,,,,,,,,,,,,,,,,,,,,,,,,,,,,,,,,,,,,,,,,,,,,,,,,,,,,,,,,,,,,,,,,,,,,,,,,,,,,,,,,,,,,,,,,,,,,,,,,,,,,,,,,,,,,,,,,,,,,,,,,,,,,,,
#REF!,NC_0797,,B2C,Signed,Expired,Silvio,Nieri Barillari,,,,Studio Comfort,,1,Worker,,12/1/2025,12/1/2025,,1/1/2026,€ 615.00,,Renovation,NC_0881,,"1,230",,,,,31,1,yes,Jan-26,Clara Moran,,,,,0,,,0,0,,,,,,,,,,,,,,,,,,,,,,,,,,,,,,,,,,,,,,,,,,,,,,,,,,,,,,,,,,,,,,,,,,,,,,,,,,,,,,,,,,,,,,,,,,,,,,,,,,,,,,,,,,,,,,,,,,,,,,,,,,,,,,,,,
#REF!,NC_0759,,B2C,Signed,Expired,Ziadoon Naseer Mrebee,Al-Fadhli,,,,Studio Comfort,,1,Worker,,11/18/2025,12/3/2025,,1/3/2026,€ 615.00,,Renovation,NC_0859,,"1,230",,,,,31,1,yes,Jan-26,Belen Lopez,,,,Renovacion,0,,,0,0,,,,,,,,,,,,,,,,,,,,,,,,,,,,,,,,,,,,,,,,,,,,,,,,,,,,,,,,,,,,,,,,,,,,,,,,,,,,,,,,,,,,,,,,,,,,,,,,,,,,,,,,,,,,,,,,,,,,,,,,,,,,,,,,,
#REF!,NC_0793,,B2B2C,Signed,Expired,Mohamed Taher Omer,El Musraty,,,,Studio Comfort,,1,Worker,,11/27/2025,12/3/2025,,1/3/2026,€ 615.00,,Renovation,NC_0864,,"1,230",,,,,31,1,yes,Jan-26,Belen Lopez,,,,Aviacion,0,,,0,0,,,,,,,,,,,,,,,,,,,,,,,,,,,,,,,,,,,,,,,,,,,,,,,,,,,,,,,,,,,,,,,,,,,,,,,,,,,,,,,,,,,,,,,,,,,,,,,,,,,,,,,,,,,,,,,,,,,,,,,,,,,,,,,,,//
#REF!,NC_0813,,B2C,Signed,Expired,Matias,Carrizo Barale,,,,Studio Comfort,,1,Worker,,12/2/2025,12/3/2025,,1/3/2026,€ 615.00,,Renovation,NC_0851,,"1,230",,,,,31,1,yes,Jan-26,Clara Moran,,,,,0,,,0,0,,,,,,,,,,,,,,,,,,,,,,,,,,,,,,,,,,,,,,,,,,,,,,,,,,,,,,,,,,,,,,,,,,,,,,,,,,,,,,,,,,,,,,,,,,,,,,,,,,,,,,,,,,,,,,,,,,,,,,,,,,,,,,,,,
#REF!,NC_0811,,B2C,Signed,Expired,Pedro Pablo,Vilchez Carrasquero,Aurora Sarai,Fuentes Camacho,,Studio Comfort,,2,Worker,Worker,12/2/2025,12/4/2025,,1/4/2026,€ 665.00,,Renovation,NC_0842,,"1,330",,,,,31,1,yes,Jan-26,Clara Moran,,,,,0,,,0,0,,,,,,,,,,,,,,,,,,,,,,,,,,,,,,,,,,,,,,,,,,,,,,,,,,,,,,,,,,,,,,,,,,,,,,,,,,,,,,,,,,,,,,,,,,,,,,,,,,,,,,,,,,,,,,,,,,,,,,,,,,,,,,,,,
#REF!,NC_0816,,B2C,Signed,Expired,Miguel Angel,Jimenez Alba,,,,Studio Comfort,,1,Worker,,12/4/2025,12/5/2025,,1/4/2026,€ 615.00,,Renovation,NC_0882,,"1,230",,,,,30,1,yes,Jan-26,Clara Moran,,,,,0,,,0,0,,,,,,,,,,,,,,,,,,,,,,,,,,,,,,,,,,,,,,,,,,,,,,,,,,,,,,,,,,,,,,,,,,,,,,,,,,,,,,,,,,,,,,,,,,,,,,,,,,,,,,,,,,,,,,,,,,,,,,,,,,,,,,,,,
#REF!,NC_0809,,B2B,Signed,Expired,Grupo Resolute Servicios Universales SL,,,,,2 Bed (1/2),,2,Worker,Worker,12/4/2025,12/5/2025,,1/5/2026,€ 762.50,,,,,"1,525",,,,,31,1,yes,Jan-26,Clara Moran,,,,Renovación,0,,,0,0,,,,,,,,,,,,,,,,,,,,,,,,,,,,,,,,,,,,,,,,,,,,,,,,,,,,,,,,,,,,,,,,,,,,,,,,,,,,,,,,,,,,,,,,,,,,,,,,,,,,,,,,,,,,,,,,,,,,,,,,,,,,,,,,,//
#REF!,NC_0433,,B2C,Signed,Expired,Sergei,Lashko,,,,Studio Standard + Terrace,,1,Worker,,,9/6/2025,3/6/2026,1/6/2026,"€ 1,005.00",Y,,,,"1,005",Adenda Denegada,,,,181,4,yes,Jan-26,Belen Lopez,,,,,0,,,0,0,,,,,,,,,,,,,,,,,,,,,,,,,,,,,,,,,,,,,,,,,,,,,,,,,,,,,,,,,,,,,,,,,,,,,,,,,,,,,,,,,,,,,,,,,,,,,,,,,,,,,,,,,,,,,,,,,,,,,,,,,,,,,,,,,
#REF!,NC_0564,,B2B,Signed,Expired,Windsor Real Estate LLC,,,,,2 Bed (2/2),,2,Worker,Worker,9/29/2025,10/5/2025,,1/6/2026,"€ 1,520.00",,Renovation,NC_0883,,"1,520",,,,,93,3,yes,Jan-26,Clara Moran,,,,Pagan estancia por adelantado,0,,,0,0,,,,,,,,,,,,,,,,,,,,,,,,,,,,,,,,,,,,,,,,,,,,,,,,,,,,,,,,,,,,,,,,,,,,,,,,,,,,,,,,,,,,,,,,,,,,,,,,,,,,,,,,,,,,,,,,,,,,,,,,,,,,,,,,,
#REF!,NC_0593,,B2C,Signed,Expired,Jose Antonio,Cañizares Arcos,,,,Studio Comfort,,1,Worker,,10/3/2025,10/6/2025,,1/7/2026,€ 995.00,,Renovation,NC_0877,,"1,020",,,,,93,3,yes,Jan-26,Clara Moran,,,,"Renovación, depósito reserva anterior. Paga estancia completa por adelantado",0,,,0,0,,,,,,,,,,,,,,,,,,,,,,,,,,,,,,,,,,,,,,,,,,,,,,,,,,,,,,,,,,,,,,,,,,,,,,,,,,,,,,,,,,,,,,,,,,,,,,,,,,,,,,,,,,,,,,,,,,,,,,,,,,,,,,,,,
#REF!,NC_0604,,B2C,Signed,Expired,Muhammad,Ahsan Saleem,,,,Studio Comfort,,1,Student,,10/6/2025,10/7/2025,,1/8/2026,"€ 1,005.00",,,,,"1,005",,,,,93,3,yes,Jan-26,Clara Moran,,,,"Reserva de HousingAnywhere, 1º renta pagada a la plataforma. Paga el resto de la estancia.",0,,,0,0,,,,,,,,,,,,,,,,,,,,,,,,,,,,,,,,,,,,,,,,,,,,,,,,,,,,,,,,,,,,,,,,,,,,,,,,,,,,,,,,,,,,,,,,,,,,,,,,,,,,,,,,,,,,,,,,,,,,,,,,,,,,,,,,,
#REF!,NC_0807,,B2C,Signed,Expired,Rebeca,Pascual Encinas,,,,Studio Comfort,,1,Worker,,12/4/2025,12/10/2025,,1/9/2026,€ 615.00,,Renovation,NC_0870,,"1,230",,,,,30,1,yes,Jan-26,Clara Moran,,,,Renovación,0,,,0,0,,,,,,,,,,,,,,,,,,,,,,,,,,,,,,,,,,,,,,,,,,,,,,,,,,,,,,,,,,,,,,,,,,,,,,,,,,,,,,,,,,,,,,,,,,,,,,,,,,,,,,,,,,,,,,,,,,,,,,,,,,,,,,,,,//
#REF!,NC_0791,,B2C,Signed,Expired,Jose Andres,Chaves Somoza,,,,Studio Comfort,,1,Worker,,11/26/2025,11/29/2025,,1/10/2026,€ 615.00,,,,,"1,230",,,,,42,1,yes,Jan-26,Clara Moran,,,,Semi-direct Booking,0,,,0,0,,,,,,,,,,,,,,,,,,,,,,,,,,,,,,,,,,,,,,,,,,,,,,,,,,,,,,,,,,,,,,,,,,,,,,,,,,,,,,,,,,,,,,,,,,,,,,,,,,,,,,,,,,,,,,,,,,,,,,,,,,,,,,,,,
#REF!,NC_0669,,B2C,Signed,Expired,Gemma Margarita del Carmelo,Blasco Dominguez,,,,Studio Comfort,,1,Worker,,10/22/2025,12/11/2025,,1/11/2026,€ 615.00,,,,,"1,230",,,,,31,1,yes,Jan-26,Belen Lopez,,,,,0,,,0,0,,,,,,,,,,,,,,,,,,,,,,,,,,,,,,,,,,,,,,,,,,,,,,,,,,,,,,,,,,,,,,,,,,,,,,,,,,,,,,,,,,,,,,,,,,,,,,,,,,,,,,,,,,,,,,,,,,,,,,,,,,,,,,,,,
#REF!,NC_0765,,B2C,Signed,Expired,Nora Isabel,Mendoza España,,,,Studio Comfort,,1,Worker,,11/20/2025,11/30/2025,,1/11/2026,€ 615.00,,Renovation,NC_0855,,"1,230",,,,,42,1,yes,Jan-26,Jaime Orna,,,,Direct Booking,0,,,0,0,,,,,,,,,,,,,,,,,,,,,,,,,,,,,,,,,,,,,,,,,,,,,,,,,,,,,,,,,,,,,,,,,,,,,,,,,,,,,,,,,,,,,,,,,,,,,,,,,,,,,,,,,,,,,,,,,,,,,,,,,,,,,,,,,
#REF!,NC_0438,,B2C,Signed,Expired,Cristina,Rodríguez González,,,,Studio Rooftop,,1,Worker,,9/3/2025,10/1/2025,,1/12/2026,"€ 1,060.00",,Renovation,NC_0836,,"1,100",,,,,103,3,yes,Jan-26,Belen Lopez,,,,,0,,,0,0,,,,,,,,,,,,,,,,,,,,,,,,,,,,,,,,,,,,,,,,,,,,,,,,,,,,,,,,,,,,,,,,,,,,,,,,,,,,,,,,,,,,,,,,,,,,,,,,,,,,,,,,,,,,,,,,,,,,,,,,,,,,,,,,,
#REF!,NC_0835,,B2B,Signed,Expired,Master Valet 1 JS S.L.,,,,,2 Bed (1/2),,2,Worker,Worker,12/12/2025,12/14/2025,,1/13/2026,€ 762.50,,,,,"1,525",,,,,30,1,yes,Jan-26,Belen Lopez,,,,,0,,,0,0,,,,,,,,,,,,,,,,,,,,,,,,,,,,,,,,,,,,,,,,,,,,,,,,,,,,,,,,,,,,,,,,,,,,,,,,,,,,,,,,,,,,,,,,,,,,,,,,,,,,,,,,,,,,,,,,,,,,,,,,,,,,,,,,,
#REF!,NC_0824,,B2C,Signed,Expired,Angel,Resino Serrano,,,,2 Bed (1/2),,1,Worker,,12/10/2025,12/14/2025,,1/14/2026,€ 762.50,Y,,NC_0900,,"1,525",,,,,31,1,yes,Jan-26,Clara Moran,,,,,0,,,0,0,,,,,,,,,,,,,,,,,,,,,,,,,,,,,,,,,,,,,,,,,,,,,,,,,,,,,,,,,,,,,,,,,,,,,,,,,,,,,,,,,,,,,,,,,,,,,,,,,,,,,,,,,,,,,,,,,,,,,,,,,,,,,,,,,
#REF!,NC_0508,,B2C,Signed,Expired,Santiago Fidel,Ariño Lopez,,,,Studio Comfort,,1,Worker,,9/11/2025,9/15/2025,,1/15/2026,"€ 1,005.00",,Renovation,NC_0774,,"1,005",,,,,122,4,yes,Jan-26,Jaime Orna,,,,Reserva Semi-Directa,0,,,0,0,,,,,,,,,,,,,,,,,,,,,,,,,,,,,,,,,,,,,,,,,,,,,,,,,,,,,,,,,,,,,,,,,,,,,,,,,,,,,,,,,,,,,,,,,,,,,,,,,,,,,,,,,,,,,,,,,,,,,,,,,,,,,,,,,
#REF!,NC_0770,,B2C,Signed,Expired,Maria Celia,Reviriego Morales,,,,Studio Comfort,,1,Worker,,11/25/2025,12/15/2025,,1/15/2026,€ 615.00,,,,,"1,230",,,,,31,1,yes,Jan-26,Clara Moran,,,,,0,,,0,0,,,,,,,,,,,,,,,,,,,,,,,,,,,,,,,,,,,,,,,,,,,,,,,,,,,,,,,,,,,,,,,,,,,,,,,,,,,,,,,,,,,,,,,,,,,,,,,,,,,,,,,,,,,,,,,,,,,,,,,,,,,,,,,,,
#REF!,NC_0635,,B2C,Signed,Expired,Achraf,Nasar Moaimouni,,,,Studio Standard + Terrace,,1,Student,,10/17/2025,10/18/2025,,1/19/2026,"€ 1,005.00",,Renovation,NC_0871,,"1,020",,,,,93,3,yes,Jan-26,Clara Moran,,,,Extensión/Paga la estancia por adelantado,0,,,#VALUE!,#VALUE!,,,,,,,,,,,,,,,,,,,,,,,,,,,,,,,,,,,,,,,,,,,,,,,,,,,,,,,,,,,,,,,,,,,,,,,,,,,,,,,,,,,,,,,,,,,,,,,,,,,,,,,,,,,,,,,,,,,,,,,,,,,,,,,,,
#REF!,NC_0833,,B2C,Signed,Expired,Cosimo,Fontana,,,,Studio Comfort,,1,Student,,12/11/2025,12/22/2025,,1/22/2026,"€ 1,005.00",,Renovation,NC_0934,,"1,230",,,,,31,1,yes,Jan-26,Clara Moran,,,,,0,,,0,0,,,,,,,,,,,,,,,,,,,,,,,,,,,,,,,,,,,,,,,,,,,,,,,,,,,,,,,,,,,,,,,,,,,,,,,,,,,,,,,,,,,,,,,,,,,,,,,,,,,,,,,,,,,,,,,,,,,,,,,,,,,,,,,,,
#REF!,NC_0038,,B2C,Signed,Expired,Carla Graciela,Alvarez y Leonetti,,,Inés Crespo Williams,Studio Standard,,1,Worker,,,4/22/2025,,1/23/2026,€ 755.00,,Renovation,NC_0845,,755,,,,,276,9,yes,Jan-26,Jaime Orna,,,,,0,,,0,0,,,,,,,,,,,,,,,,,,,,,,,,,,,,,,,,,,,,,,,,,,,,,,,,,,,,,,,,,,,,,,,,,,,,,,,,,,,,,,,,,,,,,,,,,,,,,,,,,,,,,,,,,,,,,,,,,,,,,,,,,,,,,,,,,
#REF!,NC_0044,,B2C,Signed,Expired,Jacopo,Moccia,,,,2 Bed (1/2) + Terrace,,1,Worker,,,4/22/2025,,1/23/2026,"€ 1,250.00",,Renovation,NC_0792,,"1,250",,,,,276,9,yes,Jan-26,Belen Lopez,,,,cuatrecasas,0,,,0,0,,,,,,,,,,,,,,,,,,,,,,,,,,,,,,,,,,,,,,,,,,,,,,,,,,,,,,,,,,,,,,,,,,,,,,,,,,,,,,,,,,,,,,,,,,,,,,,,,,,,,,,,,,,,,,,,,,,,,,,,,,,,,,,,,
#REF!,NC_0655,,B2C,Signed,Expired,Juan Carlos,Arana Salinas,Lidia del Pilar,Coloma Muguruza,,2 Bed (1/2),,2,Worker,Worker,10/21/2025,10/23/2025,,1/23/2026,€ 762.50,,Renovation,NC_0901,,"1,525",,,,,92,3,yes,Jan-26,Jaime Orna,,,,,0,,,0,0,,,,,,,,,,,,,,,,,,,,,,,,,,,,,,,,,,,,,,,,,,,,,,,,,,,,,,,,,,,,,,,,,,,,,,,,,,,,,,,,,,,,,,,,,,,,,,,,,,,,,,,,,,,,,,,,,,,,,,,,,,,,,,,,,
#REF!,NC_0078,,B2B,Signed,Expired,Cellular Line SLU,,,,,Studio Comfort,,1,Worker,,,4/24/2025,,1/24/2026,€ 845.00,N,Renovation,NC_0957,,845,,,,,275,9,yes,Jan-26,Clara Moran,,,,,0,,,0,0,,,,,,,,,,,,,,,,,,,,,,,,,,,,,,,,,,,,,,,,,,,,,,,,,,,,,,,,,,,,,,,,,,,,,,,,,,,,,,,,,,,,,,,,,,,,,,,,,,,,,,,,,,,,,,,,,,,,,,,,,,,,,,,,,
#REF!,NC_0464,,B2C,Signed,Expired,Simen,Killi,,,,Studio Standard + Terrace,,1,Student,,9/4/2025,9/4/2025,,1/24/2026,"€ 1,005.00",,,,,"1,005",,,,,142,5,yes,Jan-26,Clara Moran,,,,Pago trimestral. Reserva Semi-Directa,0,,,0,0,,,,,,,,,,,,,,,,,,,,,,,,,,,,,,,,,,,,,,,,,,,,,,,,,,,,,,,,,,,,,,,,,,,,,,,,,,,,,,,,,,,,,,,,,,,,,,,,,,,,,,,,,,,,,,,,,,,,,,,,,,,,,,,,,
#REF!,NC_0528,,B2C,Signed,Expired,Guillermina,Bagnato,,,,Studio Standard + Terrace,,1,Worker,,9/18/2025,9/24/2025,,1/24/2026,"€ 1,005.00",,,,,"1,005",,,,,122,4,yes,Jan-26,Belen Lopez,,,,Pago trimestral,0,,,0,0,,,,,,,,,,,,,,,,,,,,,,,,,,,,,,,,,,,,,,,,,,,,,,,,,,,,,,,,,,,,,,,,,,,,,,,,,,,,,,,,,,,,,,,,,,,,,,,,,,,,,,,,,,,,,,,,,,,,,,,,,,,,,,,,,
#REF!,NC_0857,,B2C,Signed,Expired,Maria Luisa,de la Fuente Gonzalez,Lidia Maria,Ceceda de la Fuente,,2 Bed (1/2),,2,Worker,Student,12/24/2025,12/24/2025,,1/24/2026,€ 745.00,,Renovation,NC_0945,,"1,525",,,,,31,1,yes,Jan-26,Belen Lopez,,,,Renovacion,0,,,0,0,,,,,,,,,,,,,,,,,,,,,,,,,,,,,,,,,,,,,,,,,,,,,,,,,,,,,,,,,,,,,,,,,,,,,,,,,,,,,,,,,,,,,,,,,,,,,,,,,,,,,,,,,,,,,,,,,,,,,,,,,,,,,,,,,
#REF!,NC_0858,,B2C,Signed,Expired,Jose Miguel,Bello Nava,Yvan Jose,Bello Nava,,Studio Comfort,,2,Student,Student,12/23/2025,12/24/2025,,1/24/2026,€ 665.00,,,,,"1,345",,,,,31,1,yes,Jan-26,Belen Lopez,,,,Renovacion,0,,,0,0,,,,,,,,,,,,,,,,,,,,,,,,,,,,,,,,,,,,,,,,,,,,,,,,,,,,,,,,,,,,,,,,,,,,,,,,,,,,,,,,,,,,,,,,,,,,,,,,,,,,,,,,,,,,,,,,,,,,,,,,,,,,,,,,,
#REF!,NC_0799,,B2C,Signed,Expired,Fernando,Pading Iglesias,,,,Studio Comfort,,1,Worker,,12/1/2025,12/26/2025,,1/25/2026,€ 615.00,,Renovation,NC_0854,,"1,230",,,,,30,1,yes,Jan-26,Belen Lopez,,,,Renovación,0,,,0,0,,,,,,,,,,,,,,,,,,,,,,,,,,,,,,,,,,,,,,,,,,,,,,,,,,,,,,,,,,,,,,,,,,,,,,,,,,,,,,,,,,,,,,,,,,,,,,,,,,,,,,,,,,,,,,,,,,,,,,,,,,,,,,,,,
#REF!,NC_0357,,B2C,Signed,Expired,Valentina,Van Den Berge,,,,Studio Rooftop,,1,Student,,,8/14/2025,,1/28/2026,"€ 1,080.00",,,,,"1,080",,,,,167,5,yes,Jan-26,Clara Moran,,,,Pago Trimestral. Reserva Semi Directa,0,,,0,0,,,,,,,,,,,,,,,,,,,,,,,,,,,,,,,,,,,,,,,,,,,,,,,,,,,,,,,,,,,,,,,,,,,,,,,,,,,,,,,,,,,,,,,,,,,,,,,,,,,,,,,,,,,,,,,,,,,,,,,,,,,,,,,,,
#REF!,NC_0536,,B2C,Signed,Expired,Moussa Mahmad Ali,Rawat,,,Mohamad Ali Hassam Rawat,Studio Standard + Terrace,,1,Student,,9/23/2025,9/24/2025,,1/28/2026,"€ 1,005.00",,,,,"1,005",,75,,,126,4,yes,Jan-26,Belen Lopez,,,,,300,,,300,75,,,,,,,,,,,,,,,,,,,,,,,,,,,,,,,,,,,,,,,,,,,,,,,,,,,,,,,,,,,,,,,,,,,,,,,,,,,,,,,,,,,,,,,,,,,,,,,,,,,,,,,,,,,,,,,,,,,,,,,,,,,,,,,,,
#REF!,NC_0652,,B2C,Signed,Expired,Joselyn Lizbeth,Armijos Guaman,Bartosz Hubert,Wojcik,,Studio Rooftop,,2,Worker,Worker,10/22/2025,10/27/2025,,1/28/2026,"€ 1,170.00",,Renovation,NC_0892,,"1,200",,,,,93,3,yes,Jan-26,Belen Lopez,,,,"Renovación, conservamos depósito de la primera reserva",0,,,0,0,,,,,,,,,,,,,,,,,,,,,,,,,,,,,,,,,,,,,,,,,,,,,,,,,,,,,,,,,,,,,,,,,,,,,,,,,,,,,,,,,,,,,,,,,,,,,,,,,,,,,,,,,,,,,,,,,,,,,,,,,,,,,,,,,
#REF!,NC_0844,,B2C,Signed,Expired,Joyce Renata,García Aragón Rosas,Elena,Navarro Reza,,Studio Comfort,,2,Worker,Worker,12/17/2025,12/19/2025,,1/29/2026,€ 665.00,,,,,"1,330",,,,,41,1,yes,Jan-26,Belen Lopez,,,,,0,,,0,0,,,,,,,,,,,,,,,,,,,,,,,,,,,,,,,,,,,,,,,,,,,,,,,,,,,,,,,,,,,,,,,,,,,,,,,,,,,,,,,,,,,,,,,,,,,,,,,,,,,,,,,,,,,,,,,,,,,,,,,,,,,,,,,,,
#REF!,NC_0110,,B2C,Signed,Expired,Hector Gumaro,Guzman Reyes,Sofía,Osorio Suárez,,2 Bed (1/2),,2,Student,Student,,9/1/2025,,1/30/2026,"€ 1,410.00",,,,,"1,410",,,,,151,5,yes,Jan-26,Jaime Orna,,,Pago estancia completa,,0,,,0,0,,,,,,,,,,,,,,,,,,,,,,,,,,,,,,,,,,,,,,,,,,,,,,,,,,,,,,,,,,,,,,,,,,,,,,,,,,,,,,,,,,,,,,,,,,,,,,,,,,,,,,,,,,,,,,,,,,,,,,,,,,,,,,,,,
#REF!,NC_0848,40020928193,B2B,Signed,Expired,Alejandro,Hierro Caldito,,,,Studio Comfort,,1,Worker,,12/26/2025,12/30/2025,,1/30/2026,€ 615.00,,,,,"1,230",,,,,31,1,yes,Jan-26,Clara Moran,,,,Paga renta en check in,0,,,0,0,,,,,,,,,,,,,,,,,,,,,,,,,,,,,,,,,,,,,,,,,,,,,,,,,,,,,,,,,,,,,,,,,,,,,,,,,,,,,,,,,,,,,,,,,,,,,,,,,,,,,,,,,,,,,,,,,,,,,,,,,,,,,,,,,//
#REF!,NC_0182,,B2C,Signed,Expired,Mayte,Almeida Gonzalez,,,,Studio Standard,,1,Student,,,9/1/2025,,1/31/2026,€ 890.00,,,,,890,,,,,152,5,yes,Jan-26,Jaime Orna,,,,Paga por trimestres,0,,,0,0,,,,,,,,,,,,,,,,,,,,,,,,,,,,,,,,,,,,,,,,,,,,,,,,,,,,,,,,,,,,,,,,,,,,,,,,,,,,,,,,,,,,,,,,,,,,,,,,,,,,,,,,,,,,,,,,,,,,,,,,,,,,,,,,,
#REF!,NC_0271,,B2C,Signed,Expired,Camille Clara Marie,Pouzenc,,,Abella Paule Marie Chovet,Studio Comfort,,1,Worker,,,9/12/2025,7/12/2026,1/31/2026,€ 875.00,Y,,,,875,Adenda Firmada,,,,303,5,yes,Jan-26,Belen Lopez,,,,,0,,,0,0,,,,,,,,,,,,,,,,,,,,,,,,,,,,,,,,,,,,,,,,,,,,,,,,,,,,,,,,,,,,,,,,,,,,,,,,,,,,,,,,,,,,,,,,,,,,,,,,,,,,,,,,,,,,,,,,,,,,,,,,,,,,,,,,,
#REF!,NC_0280,,B2C,Signed,Expired,Katia Alejandra,Portuguez Daer,,,,Studio Standard,,1,Student,,,9/1/2025,,1/31/2026,€ 890.00,,,,,890,,,,,152,5,yes,Jan-26,Belen Lopez,,,,Semi directa,0,,,0,0,,,,,,,,,,,,,,,,,,,,,,,,,,,,,,,,,,,,,,,,,,,,,,,,,,,,,,,,,,,,,,,,,,,,,,,,,,,,,,,,,,,,,,,,,,,,,,,,,,,,,,,,,,,,,,,,,,,,,,,,,,,,,,,,,
#REF!,NC_0293,,B2C,Signed,Expired,Francesco,Carcangiu,Giovanni Casula,,,2 Bed (1/2) + Terrace,,2,Student,Student,,9/2/2025,,1/31/2026,"€ 1,475.00",,,,,"1,475",,,,,151,5,yes,Jan-26,Jaime Orna,Pago Trimestral,,,Paga por adelantado 3 meses,0,,,0,0,,,,,,,,,,,,,,,,,,,,,,,,,,,,,,,,,,,,,,,,,,,,,,,,,,,,,,,,,,,,,,,,,,,,,,,,,,,,,,,,,,,,,,,,,,,,,,,,,,,,,,,,,,,,,,,,,,,,,,,,,,,,,,,,,
#REF!,NC_0340,,B2C,Signed,Expired,Anna,Malsagova,,,,Studio Standard + Terrace,,1,Worker,,,8/22/2025,,1/31/2026,"€ 1,005.00",,Renovation,NC_0874,,"1,005",,,,,162,5,yes,Jan-26,Belen Lopez,,,,,0,,,0,0,,,,,,,,,,,,,,,,,,,,,,,,,,,,,,,,,,,,,,,,,,,,,,,,,,,,,,,,,,,,,,,,,,,,,,,,,,,,,,,,,,,,,,,,,,,,,,,,,,,,,,,,,,,,,,,,,,,,,,,,,,,,,,,,,
#REF!,NC_0368,,B2C,Signed,Expired,Julia,Almeida Pinheiro,,,,Studio Standard + Terrace,,1,Student,,,8/17/2025,,1/31/2026,"€ 1,005.00",,,,,"1,005",,,,,167,5,yes,Jan-26,Clara Moran,,,,Pago por completo de la estancia. Semi directa,0,,,0,0,,,,,,,,,,,,,,,,,,,,,,,,,,,,,,,,,,,,,,,,,,,,,,,,,,,,,,,,,,,,,,,,,,,,,,,,,,,,,,,,,,,,,,,,,,,,,,,,,,,,,,,,,,,,,,,,,,,,,,,,,,,,,,,,,
#REF!,NC_0377,,B2C,Signed,Expired,Amparo,Valladares Casero,,,,Studio Comfort,,1,Worker,,,8/22/2025,6/23/2026,1/31/2026,€ 830.00,Y,,,,905,Adenda Firmada,75,,,305,5,yes,Jan-26,Clara Moran,,,,Promoción descuento nueva,375,,,375,75,,,,,,,,,,,,,,,,,,,,,,,,,,,,,,,,,,,,,,,,,,,,,,,,,,,,,,,,,,,,,,,,,,,,,,,,,,,,,,,,,,,,,,,,,,,,,,,,,,,,,,,,,,,,,,,,,,,,,,,,,,,,,,,,,
#REF!,NC_0380,,B2C,Signed,Expired,Juan de Dios Cris Alexander,Aranda Peña,,,,Studio Comfort,,1,Worker,,9/3/2025,9/9/2025,8/9/2026,1/31/2026,€ 905.00,R,,,,905,Adenda Firmada,75,,,334,5,yes,Jan-26,Belen Lopez,,,,,375,,,375,75,,,,,,,,,,,,,,,,,,,,,,,,,,,,,,,,,,,,,,,,,,,,,,,,,,,,,,,,,,,,,,,,,,,,,,,,,,,,,,,,,,,,,,,,,,,,,,,,,,,,,,,,,,,,,,,,,,,,,,,,,,,,,,,,,
#REF!,NC_0382,,B2C,Signed,Expired,Jose,Hicar Armendariz,,,,Studio Comfort,,1,Worker,,,8/28/2025,8/27/2026,1/31/2026,€ 822.00,,,,,905,Adenda Denegada,83,,,364,5,yes,Jan-26,Clara Moran,,,,Promo 12 meses,415,,,415,83,,,,,,,,,,,,,,,,,,,,,,,,,,,,,,,,,,,,,,,,,,,,,,,,,,,,,,,,,,,,,,,,,,,,,,,,,,,,,,,,,,,,,,,,,,,,,,,,,,,,,,,,,,,,,,,,,,,,,,,,,,,,,,,,,
#REF!,NC_0391,,B2C,Signed,Expired,Desiree,Valera Molina,,,Manuel Valera Bautista,Studio Standard,,1,,,,9/1/2025,6/30/2026,1/31/2026,€ 820.00,,,,,820,Adenda Denegada,,,,302,5,yes,Jan-26,Clara Moran,,,,,0,,,0,0,,,,,,,,,,,,,,,,,,,,,,,,,,,,,,,,,,,,,,,,,,,,,,,,,,,,,,,,,,,,,,,,,,,,,,,,,,,,,,,,,,,,,,,,,,,,,,,,,,,,,,,,,,,,,,,,,,,,,,,,,,,,,,,,,
#REF!,NC_0434,,B2C,Signed,Expired,Jesus Carlos,Rodriguez Ross,Mariana Andrea,Riera Rodriguez,,Studio Standard + Terrace,,2,Worker,Worker,,8/31/2025,5/31/2026,1/31/2026,€ 905.00,R,,,,905,Adenda Firmada,,,,273,5,yes,Jan-26,Belen Lopez,,2ª persona gratis,,Pago trimestral,0,,,0,0,,,,,,,,,,,,,,,,,,,,,,,,,,,,,,,,,,,,,,,,,,,,,,,,,,,,,,,,,,,,,,,,,,,,,,,,,,,,,,,,,,,,,,,,,,,,,,,,,,,,,,,,,,,,,,,,,,,,,,,,,,,,,,,,,
#REF!,NC_0534,,B2C,Signed,Expired,Adir,Alves Dos Santos,Kellin Maria,Da Silva Dos Santos,,Studio Standard + Terrace,,2,Worker,Worker,9/19/2025,9/28/2025,,1/31/2026,"€ 1,105.00",,Renovation,NC_0915,,"1,105",,,,,125,4,yes,Jan-26,Clara Moran,,,,Pago trimestral,0,,,0,0,,,,,,,,,,,,,,,,,,,,,,,,,,,,,,,,,,,,,,,,,,,,,,,,,,,,,,,,,,,,,,,,,,,,,,,,,,,,,,,,,,,,,,,,,,,,,,,,,,,,,,,,,,,,,,,,,,,,,,,,,,,,,,,,,
#REF!,NC_0562,,B2C,Signed,Expired,Antonio,Heredia Moreno,Maria Carmen,Heredia Moreno,,2 Bed (1/2),,2,Worker,Worker,9/29/2025,9/30/2025,9/28/2026,1/31/2026,"€ 1,225.00",,Renovation,NC_0982,,"1,225",Adenda Denegada,,,,363,4,yes,Jan-26,Clara Moran,,,,Pago trimestral,0,,,0,0,,,,,,,,,,,,,,,,,,,,,,,,,,,,,,,,,,,,,,,,,,,,,,,,,,,,,,,,,,,,,,,,,,,,,,,,,,,,,,,,,,,,,,,,,,,,,,,,,,,,,,,,,,,,,,,,,,,,,,,,,,,,,,,,,
#REF!,NC_0566,,B2B,Signed,Expired,TANEBA GMBH,,,,,Studio Comfort,,1,Worker,,9/29/2025,10/31/2025,,1/31/2026,"€ 1,440.00",,Renovation,NC_0818,,"1,020",,,,,92,3,yes,Jan-26,Belen Lopez,,,,Renovación,0,,,0,0,,,,,,,,,,,,,,,,,,,,,,,,,,,,,,,,,,,,,,,,,,,,,,,,,,,,,,,,,,,,,,,,,,,,,,,,,,,,,,,,,,,,,,,,,,,,,,,,,,,,,,,,,,,,,,,,,,,,,,,,,,,,,,,,,
#REF!,NC_0573,,B2C,Signed,Expired,Luke Sebastian,Martinez,,,Rafael Grande Martinez,Studio Comfort,,1,Student,,9/30/2025,10/4/2025,6/2/2026,1/31/2026,"€ 1,020.00",R,,,,"1,020",Adenda Firmada,,,,241,4,yes,Jan-26,Clara Moran,,,,"Pago Trimestral, Paga Renta en el check-in",0,,,0,0,,,,,,,,,,,,,,,,,,,,,,,,,,,,,,,,,,,,,,,,,,,,,,,,,,,,,,,,,,,,,,,,,,,,,,,,,,,,,,,,,,,,,,,,,,,,,,,,,,,,,,,,,,,,,,,,,,,,,,,,,,,,,,,,,
#REF!,NC_0582,,B2C,Signed,Expired,Luis Eduardo,Martinez Santos,Israel,Jaramillo Rea,,2 Bed (1/2),,2,Worker,,9/30/2025,10/1/2025,,1/31/2026,"€ 1,430.00",,,,,"1,430",,,,,122,4,yes,Jan-26,Clara Moran,,,,,0,,,0,0,,,,,,,,,,,,,,,,,,,,,,,,,,,,,,,,,,,,,,,,,,,,,,,,,,,,,,,,,,,,,,,,,,,,,,,,,,,,,,,,,,,,,,,,,,,,,,,,,,,,,,,,,,,,,,,,,,,,,,,,,,,,,,,,,
#REF!,NC_0620,,B2C,Signed,Expired,Zeyad Mohamed,Hassanin,Eyad Mohamed,Hassanin,Mohamed Abdelaziz,2 Bed (1/2),,2,Student,Student,10/16/2025,10/16/2025,7/17/2026,1/31/2026,"€ 1,240.00",Y,,,,"1,240",Adenda Firmada,,,,274,4,yes,Jan-26,Clara Moran,,,,,0,,,0,0,,,,,,,,,,,,,,,,,,,,,,,,,,,,,,,,,,,,,,,,,,,,,,,,,,,,,,,,,,,,,,,,,,,,,,,,,,,,,,,,,,,,,,,,,,,,,,,,,,,,,,,,,,,,,,,,,,,,,,,,,,,,,,,,,
#REF!,NC_0651,,B2C,Signed,Expired,Nehir,Karabulut,,,,Studio Standard + Terrace,,1,Student,,10/20/2025,10/22/2025,8/22/2026,1/31/2026,€ 920.00,,,,,920,Adenda Denegada,75,,,304,3,yes,Jan-26,Clara Moran,,,,Pago trimestral,225,,,225,75,,,,,,,,,,,,,,,,,,,,,,,,,,,,,,,,,,,,,,,,,,,,,,,,,,,,,,,,,,,,,,,,,,,,,,,,,,,,,,,,,,,,,,,,,,,,,,,,,,,,,,,,,,,,,,,,,,,,,,,,,,,,,,,,,
#REF!,NC_0654,,B2B,Signed,Expired,Construccion y Rehabilitacion de Andenes S.L,,,,,Studio Comfort,,1,Worker,,10/20/2025,10/22/2025,,1/31/2026,"€ 1,020.00",,Renovation,NC_0819,,"1,020",,,,,101,3,yes,Jan-26,Belen Lopez,,,,,0,,,0,0,,,,,,,,,,,,,,,,,,,,,,,,,,,,,,,,,,,,,,,,,,,,,,,,,,,,,,,,,,,,,,,,,,,,,,,,,,,,,,,,,,,,,,,,,,,,,,,,,,,,,,,,,,,,,,,,,,,,,,,,,,,,,,,,,
#REF!,NC_0831,,B2C,Signed,Expired,Vladyslav,Popel,,,Oksana Hirvhak Popel,Studio Standard,,1,Worker,,12/12/2025,12/17/2025,9/18/2026,1/31/2026,€ 835.00,Y,,,,835,Adenda Firmada,,,,275,1,yes,Jan-26,Clara Moran,,,,,0,,,0,0,,,,,,,,,,,,,,,,,,,,,,,,,,,,,,,,,,,,,,,,,,,,,,,,,,,,,,,,,,,,,,,,,,,,,,,,,,,,,,,,,,,,,,,,,,,,,,,,,,,,,,,,,,,,,,,,,,,,,,,,,,,,,,,,,
#REF!,NC_0862,,B2B,Signed,Expired,EUROSUN SCIENCE LIMITED,,,,,Studio Standard + Terrace,,2,Worker,Worker,12/26/2025,12/31/2025,,1/31/2026,€ 665.00,,,,,"1,330",,,,,31,1,yes,Jan-26,Belen Lopez,,,,Paga depósito por stripe,0,,,0,0,,,,,,,,,,,,,,,,,,,,,,,,,,,,,,,,,,,,,,,,,,,,,,,,,,,,,,,,,,,,,,,,,,,,,,,,,,,,,,,,,,,,,,,,,,,,,,,,,,,,,,,,,,,,,,,,,,,,,,,,,,,,,,,,,
#REF!,NC_0183,,B2C,Signed,Expired,Aya,Lazzouzi,,,Nino Jacob Salomo,Studio Rooftop,,1,Worker,,,9/1/2025,,2/1/2026,"€ 1,070.00",,,,,"1,070",,,,,153,5,yes,Feb-26,Belen Lopez,,,,Anouk,0,,,0,0,,,,,,,,,,,,,,,,,,,,,,,,,,,,,,,,,,,,,,,,,,,,,,,,,,,,,,,,,,,,,,,,,,,,,,,,,,,,,,,,,,,,,,,,,,,,,,,,,,,,,,,,,,,,,,,,,,,,,,,,,,,,,,,,,
#REF!,NC_0856,,B2C,Signed,Expired,Hugo Miguel,Borges De Sousa Sequeira,,,,Studio Comfort,,1,Worker,,12/24/2025,1/1/2026,,2/1/2026,€ 615.00,,Renovation,NC_0970,,"1,245",,,,,31,1,yes,Feb-26,Belen Lopez,,,,Renovacion,0,,,0,0,,,,,,,,,,,,,,,,,,,,,,,,,,,,,,,,,,,,,,,,,,,,,,,,,,,,,,,,,,,,,,,,,,,,,,,,,,,,,,,,,,,,,,,,,,,,,,,,,,,,,,,,,,,,,,,,,,,,,,,,,,,,,,,,,
#REF!,NC_0881,,B2C,Signed,Expired,Silvio,Nieri Barillari,,,,Studio Comfort,,1,Worker,,1/2/2026,1/1/2026,,2/1/2026,€ 615.00,,Renovation,NC_0976,,"1,245",,,,,31,1,No,Feb-26,Clara Moran,,,,,0,,,0,0,,,,,,,,,,,,,,,,,,,,,,,,,,,,,,,,,,,,,,,,,,,,,,,,,,,,,,,,,,,,,,,,,,,,,,,,,,,,,,,,,,,,,,,,,,,,,,,,,,,,,,,,,,,,,,,,,,,,,,,,,,,,,,,,,
#REF!,NC_0677,,B2C,Signed,Expired,Deborah Patricia,Sanchez Torres,,,,Studio Rooftop,,1,Student,,10/30/2025,11/1/2025,,2/2/2026,"€ 1,070.00",,Renovation,NC_0916,,"1,100",,,,,93,3,yes,Feb-26,Clara Moran,,,,"Renovación, conservamos depósito anterior. Paga estancia completa",0,,,0,0,,,,,,,,,,,,,,,,,,,,,,,,,,,,,,,,,,,,,,,,,,,,,,,,,,,,,,,,,,,,,,,,,,,,,,,,,,,,,,,,,,,,,,,,,,,,,,,,,,,,,,,,,,,,,,,,,,,,,,,,,,,,,,,,,
#REF!,NC_0851,414019929324,B2C,Signed,Expired,Matias,Carrizo Barale,,,,Studio Comfort,,1,Worker,,12/24/2025,1/3/2026,,2/2/2026,€ 615.00,,Renovation,NC_0960,Renovation,"1,245",,,,,30,1,yes,Feb-26,Clara Moran,,,,,0,,,0,0,,,,,,,,,,,,,,,,,,,,,,,,,,,,,,,,,,,,,,,,,,,,,,,,,,,,,,,,,,,,,,,,,,,,,,,,,,,,,,,,,,,,,,,,,,,,,,,,,,,,,,,,,,,,,,,,,,,,,,,,,,,,,,,,,
#REF!,NC_0859,,B2C,Signed,Expired,Ziadoon Naseer Mrebee,Al-Fadhli,,,,Studio Comfort,,1,Worker,,12/24/2025,1/3/2026,,2/3/2026,€ 615.00,,Renovation,NC_0949,,"1,245",,,,,31,1,yes,Feb-26,Belen Lopez,,,,Renovacion,0,,,0,0,,,,,,,,,,,,,,,,,,,,,,,,,,,,,,,,,,,,,,,,,,,,,,,,,,,,,,,,,,,,,,,,,,,,,,,,,,,,,,,,,,,,,,,,,,,,,,,,,,,,,,,,,,,,,,,,,,,,,,,,,,,,,,,,,
#REF!,NC_0864,,B2B2C,Signed,Expired,Mohamed Taher Omer,El Musraty,,,,Studio Comfort,,1,Worker,,12/30/2025,1/3/2026,,2/3/2026,€ 615.00,,Renovation,NC_0978,,"1,245",,,,,31,1,yes,Feb-26,Belen Lopez,,,,QF,0,,,0,0,,,,,,,,,,,,,,,,,,,,,,,,,,,,,,,,,,,,,,,,,,,,,,,,,,,,,,,,,,,,,,,,,,,,,,,,,,,,,,,,,,,,,,,,,,,,,,,,,,,,,,,,,,,,,,,,,,,,,,,,,,,,,,,,,//
#REF!,NC_0882,,B2C,Signed,Expired,Miguel Angel,Jimenez Alba,,,,Studio Comfort,,1,Worker,,1/2/2026,1/4/2026,,2/3/2026,€ 615.00,,,,,"1,245",,,,,30,1,yes,Feb-26,Clara Moran,,,,,0,,,0,0,,,,,,,,,,,,,,,,,,,,,,,,,,,,,,,,,,,,,,,,,,,,,,,,,,,,,,,,,,,,,,,,,,,,,,,,,,,,,,,,,,,,,,,,,,,,,,,,,,,,,,,,,,,,,,,,,,,,,,,,,,,,,,,,,
#REF!,NC_0696,,B2C,Signed,Expired,Anartz,San Juan Zulueta,,,,Studio Standard,,1,Worker,,10/31/2025,11/3/2025,,2/4/2026,€ 880.00,,Renovation,NC_0985,,955,,,,,93,3,yes,Feb-26,Clara Moran,,,,Renovacion/se reutiliza depósito anterior,0,,,0,0,,,,,,,,,,,,,,,,,,,,,,,,,,,,,,,,,,,,,,,,,,,,,,,,,,,,,,,,,,,,,,,,,,,,,,,,,,,,,,,,,,,,,,,,,,,,,,,,,,,,,,,,,,,,,,,,,,,,,,,,,,,,,,,,,
#REF!,NC_0842,,B2C,Signed,Expired,Pedro Pablo,Vilchez Carrasquero,Aurora Sarai,Fuentes Camacho,,Studio Comfort,,2,Worker,Worker,12/29/2025,1/4/2026,,2/4/2026,€ 665.00,,,,,"1,345",,,,,31,1,yes,Feb-26,Clara Moran,,,,Paga renta en check in,0,,,0,0,,,,,,,,,,,,,,,,,,,,,,,,,,,,,,,,,,,,,,,,,,,,,,,,,,,,,,,,,,,,,,,,,,,,,,,,,,,,,,,,,,,,,,,,,,,,,,,,,,,,,,,,,,,,,,,,,,,,,,,,,,,,,,,,,
#REF!,NC_0884,,B2C,Signed,Expired,Elizabeth Michelle,Hickson Azocar,,,,Studio Comfort,,1,Worker,,1/2/2026,1/5/2026,,2/4/2026,€ 635.00,,,,,"1,270",,,,,30,1,yes,Feb-26,Belen Lopez,,,,,0,,,0,0,,,,,,,,,,,,,,,,,,,,,,,,,,,,,,,,,,,,,,,,,,,,,,,,,,,,,,,,,,,,,,,,,,,,,,,,,,,,,,,,,,,,,,,,,,,,,,,,,,,,,,,,,,,,,,,,,,,,,,,,,,,,,,,,,
#REF!,NC_0600,,B2C,Signed,Expired,Joaquin,Lopez Visiedo,,,,Studio Comfort,,1,Worker,,10/3/2025,10/5/2025,,2/6/2026,"€ 1,020.00",,Renovation,NC_0873,,"1,020",,,,,124,4,yes,Feb-26,Clara Moran,,,,,0,,,0,0,,,,,,,,,,,,,,,,,,,,,,,,,,,,,,,,,,,,,,,,,,,,,,,,,,,,,,,,,,,,,,,,,,,,,,,,,,,,,,,,,,,,,,,,,,,,,,,,,,,,,,,,,,,,,,,,,,,,,,,,,,,,,,,,,
#REF!,NC_0684,,B2C,Signed,Expired,Katia Elena,Perez Costa,Fernando,Cabillon Belmonte,,2 Bed (1/2),,2,Worker,Worker,10/28/2025,1/7/2026,,2/7/2026,€ 772.50,,,,,"1,545",,,,,31,1,yes,Feb-26,Clara Moran,,,,,0,,,0,0,,,,,,,,,,,,,,,,,,,,,,,,,,,,,,,,,,,,,,,,,,,,,,,,,,,,,,,,,,,,,,,,,,,,,,,,,,,,,,,,,,,,,,,,,,,,,,,,,,,,,,,,,,,,,,,,,,,,,,,,,,,,,,,,,
#REF!,NC_0088,,B2C,Signed,Expired,Gloria,Viel,,,,Studio Standard + Terrace,,1,Worker,,,5/8/2025,,2/8/2026,€ 895.00,,Renovation,NC_0822,,895,,,,,276,9,yes,Feb-26,Clara Moran,,,,,0,,,0,0,,,,,,,,,,,,,,,,,,,,,,,,,,,,,,,,,,,,,,,,,,,,,,,,,,,,,,,,,,,,,,,,,,,,,,,,,,,,,,,,,,,,,,,,,,,,,,,,,,,,,,,,,,,,,,,,,,,,,,,,,,,,,,,,,
#REF!,NC_0889,,B2C,Signed,Expired,Fisnik,Spahija,,,,Studio Standard + Terrace,,1,Student,,1/7/2026,1/10/2026,,2/10/2026,€ 635.00,,Renovation,NC_1008,,"1,270",,,,,31,1,yes,Feb-26,Clara Moran,,,,,0,,,0,0,,,,,,,,,,,,,,,,,,,,,,,,,,,,,,,,,,,,,,,,,,,,,,,,,,,,,,,,,,,,,,,,,,,,,,,,,,,,,,,,,,,,,,,,,,,,,,,,,,,,,,,,,,,,,,,,,,,,,,,,,,,,,,,,,
#REF!,NC_0900,,B2C,Signed,Expired,Angel,Resino Serrano,,,,2 Bed (1/2),,1,Worker,,1/12/2026,1/14/2026,,2/14/2026,€ 762.50,,Renovation,NC_0999,Renovation,"1,545",,,,,31,1,yes,Feb-26,Clara Moran,,,,,0,,,0,0,,,,,,,,,,,,,,,,,,,,,,,,,,,,,,,,,,,,,,,,,,,,,,,,,,,,,,,,,,,,,,,,,,,,,,,,,,,,,,,,,,,,,,,,,,,,,,,,,,,,,,,,,,,,,,,,,,,,,,,,,,,,,,,,,
#REF!,NC_0683,,B2C,Signed,Expired,Franziska,Schradi,,,,Studio Rooftop,,1,Worker,,11/12/2025,1/4/2026,5/31/2026,2/15/2026,"€ 1,100.00",,Renovation,NC_1033,,"1,100",Adenda Firmada,,,,147,1,yes,Feb-26,Clara Moran,,,,Semi-Direct Booking,0,,,0,0,,,,,,,,,,,,,,,,,,,,,,,,,,,,,,,,,,,,,,,,,,,,,,,,,,,,,,,,,,,,,,,,,,,,,,,,,,,,,,,,,,,,,,,,,,,,,,,,,,,,,,,,,,,,,,,,,,,,,,,,,,,,,,,,,/
#REF!,NC_0774,,B2C,Signed,Expired,Santiago Fidel,Ariño Lopez,,,,Studio Comfort,,1,Worker,,11/21/2025,1/15/2026,,2/15/2026,"€ 1,005.00",,Renovation,NC_0918,,"1,245",,,,,31,1,yes,Feb-26,Jaime Orna,,,,Renovacion,0,,,0,0,,,,,,,,,,,,,,,,,,,,,,,,,,,,,,,,,,,,,,,,,,,,,,,,,,,,,,,,,,,,,,,,,,,,,,,,,,,,,,,,,,,,,,,,,,,,,,,,,,,,,,,,,,,,,,,,,,,,,,,,,,,,,,,,,
#REF!,NC_0885,,B2C,Signed,Expired,Jorge Antonio,Urosa Sanchez,,,,Studio Comfort,,1,Worker,,1/5/2026,1/8/2026,,2/15/2026,€ 635.00,,Renovation,NC_1009,,"1,270",,,,,38,1,yes,Feb-26,Clara Moran,,,,,0,,,0,0,,,,,,,,,,,,,,,,,,,,,,,,,,,,,,,,,,,,,,,,,,,,,,,,,,,,,,,,,,,,,,,,,,,,,,,,,,,,,,,,,,,,,,,,,,,,,,,,,,,,,,,,,,,,,,,,,,,,,,,,,,,,,,,,,
#REF!,NC_0542,,B2B,Signed,Expired,Integracion Agencia Viajes SA,,,,,Studio Comfort,,1,Worker,,9/23/2025,9/28/2025,,2/20/2026,"€ 1,005.00",,,,,"1,005",,,,,145,5,yes,Feb-26,Jaime Orna,,,,,0,,,0,0,,,,,,,,,,,,,,,,,,,,,,,,,,,,,,,,,,,,,,,,,,,,,,,,,,,,,,,,,,,,,,,,,,,,,,,,,,,,,,,,,,,,,,,,,,,,,,,,,,,,,,,,,,,,,,,,,,,,,,,,,,,,,,,,,
#REF!,NC_0543,,B2B,Signed,Expired,Integracion Agencia Viajes SA,,,,,Studio Comfort,,1,Worker,,9/23/2025,9/28/2025,,2/20/2026,"€ 1,005.00",,,,,"1,005",,,,,145,5,yes,Feb-26,Jaime Orna,,,,,0,,,0,0,,,,,,,,,,,,,,,,,,,,,,,,,,,,,,,,,,,,,,,,,,,,,,,,,,,,,,,,,,,,,,,,,,,,,,,,,,,,,,,,,,,,,,,,,,,,,,,,,,,,,,,,,,,,,,,,,,,,,,,,,,,,,,,,,
#REF!,NC_0544,,B2B,Signed,Expired,Integracion Agencia Viajes SA,,,,,Studio Comfort,,1,Worker,,9/23/2025,9/28/2025,,2/20/2026,"€ 1,005.00",,,,,"1,005",,,,,145,5,yes,Feb-26,Jaime Orna,,,,,0,,,0,0,,,,,,,,,,,,,,,,,,,,,,,,,,,,,,,,,,,,,,,,,,,,,,,,,,,,,,,,,,,,,,,,,,,,,,,,,,,,,,,,,,,,,,,,,,,,,,,,,,,,,,,,,,,,,,,,,,,,,,,,,,,,,,,,,
#REF!,NC_0545,,B2B,Signed,Expired,Integracion Agencia Viajes SA,,,,,Studio Comfort,,1,Worker,,9/23/2025,9/28/2025,,2/20/2026,"€ 1,005.00",,,,,"1,005",,,,,145,5,yes,Feb-26,Jaime Orna,,,,,0,,,0,0,,,,,,,,,,,,,,,,,,,,,,,,,,,,,,,,,,,,,,,,,,,,,,,,,,,,,,,,,,,,,,,,,,,,,,,,,,,,,,,,,,,,,,,,,,,,,,,,,,,,,,,,,,,,,,,,,,,,,,,,,,,,,,,,,
#REF!,NC_0546,,B2B,Signed,Expired,Integracion Agencia Viajes SA,,,,,Studio Comfort,,1,Worker,,9/23/2025,9/28/2025,,2/20/2026,"€ 1,005.00",,,,,"1,005",,,,,145,5,yes,Feb-26,Jaime Orna,,,,,0,,,0,0,,,,,,,,,,,,,,,,,,,,,,,,,,,,,,,,,,,,,,,,,,,,,,,,,,,,,,,,,,,,,,,,,,,,,,,,,,,,,,,,,,,,,,,,,,,,,,,,,,,,,,,,,,,,,,,,,,,,,,,,,,,,,,,,,
#REF!,NC_0547,,B2B,Signed,Expired,Integracion Agencia Viajes SA,,,,,Studio Comfort,,1,Worker,,9/23/2025,9/28/2025,,2/20/2026,"€ 1,005.00",,,,,"1,005",,,,,145,5,yes,Feb-26,Jaime Orna,,,,,0,,,0,0,,,,,,,,,,,,,,,,,,,,,,,,,,,,,,,,,,,,,,,,,,,,,,,,,,,,,,,,,,,,,,,,,,,,,,,,,,,,,,,,,,,,,,,,,,,,,,,,,,,,,,,,,,,,,,,,,,,,,,,,,,,,,,,,,
#REF!,NC_0548,,B2B,Signed,Expired,Integracion Agencia Viajes SA,,,,,Studio Comfort,,1,Worker,,9/23/2025,9/28/2025,,2/20/2026,"€ 1,005.00",,,,,"1,005",,,,,145,5,yes,Feb-26,Jaime Orna,,,,,0,,,0,0,,,,,,,,,,,,,,,,,,,,,,,,,,,,,,,,,,,,,,,,,,,,,,,,,,,,,,,,,,,,,,,,,,,,,,,,,,,,,,,,,,,,,,,,,,,,,,,,,,,,,,,,,,,,,,,,,,,,,,,,,,,,,,,,,
#REF!,NC_0549,,B2B,Signed,Expired,Integracion Agencia Viajes SA,,,,,Studio Comfort,,1,Worker,,9/23/2025,9/28/2025,,2/20/2026,"€ 1,005.00",,,,,"1,005",,,,,145,5,yes,Feb-26,Jaime Orna,,,,,0,,,0,0,,,,,,,,,,,,,,,,,,,,,,,,,,,,,,,,,,,,,,,,,,,,,,,,,,,,,,,,,,,,,,,,,,,,,,,,,,,,,,,,,,,,,,,,,,,,,,,,,,,,,,,,,,,,,,,,,,,,,,,,,,,,,,,,,
#REF!,NC_0550,,B2B,Signed,Expired,Integracion Agencia Viajes SA,,,,,Studio Comfort,,1,Worker,,9/23/2025,9/28/2025,,2/20/2026,"€ 1,005.00",,,,,"1,005",,,,,145,5,yes,Feb-26,Jaime Orna,,,,,0,,,0,0,,,,,,,,,,,,,,,,,,,,,,,,,,,,,,,,,,,,,,,,,,,,,,,,,,,,,,,,,,,,,,,,,,,,,,,,,,,,,,,,,,,,,,,,,,,,,,,,,,,,,,,,,,,,,,,,,,,,,,,,,,,,,,,,,
#REF!,NC_0551,,B2B,Signed,Expired,Integracion Agencia Viajes SA,,,,,Studio Comfort,,1,Worker,,9/23/2025,9/28/2025,,2/20/2026,"€ 1,005.00",,,,,"1,005",,,,,145,5,yes,Feb-26,Jaime Orna,,,,,0,,,0,0,,,,,,,,,,,,,,,,,,,,,,,,,,,,,,,,,,,,,,,,,,,,,,,,,,,,,,,,,,,,,,,,,,,,,,,,,,,,,,,,,,,,,,,,,,,,,,,,,,,,,,,,,,,,,,,,,,,,,,,,,,,,,,,,,
#REF!,NC_0552,,B2B,Signed,Expired,Integracion Agencia Viajes SA,,,,,Studio Comfort,,1,Worker,,9/23/2025,9/28/2025,,2/20/2026,"€ 1,005.00",,,,,"1,005",,,,,145,5,yes,Feb-26,Jaime Orna,,,,,0,,,0,0,,,,,,,,,,,,,,,,,,,,,,,,,,,,,,,,,,,,,,,,,,,,,,,,,,,,,,,,,,,,,,,,,,,,,,,,,,,,,,,,,,,,,,,,,,,,,,,,,,,,,,,,,,,,,,,,,,,,,,,,,,,,,,,,,
#REF!,NC_0553,,B2B,Signed,Expired,Integracion Agencia Viajes SA,,,,,Studio Comfort,,1,Worker,,9/23/2025,9/28/2025,,2/20/2026,"€ 1,005.00",,,,,"1,005",,,,,145,5,yes,Feb-26,Jaime Orna,,,,,0,,,0,0,,,,,,,,,,,,,,,,,,,,,,,,,,,,,,,,,,,,,,,,,,,,,,,,,,,,,,,,,,,,,,,,,,,,,,,,,,,,,,,,,,,,,,,,,,,,,,,,,,,,,,,,,,,,,,,,,,,,,,,,,,,,,,,,,
#REF!,NC_0111,,B2C,Signed,Expired,Pablo,Castro Navarro,,,Manuel Castro Sánchez,Studio Comfort,,1,Worker,,,5/17/2025,,2/22/2026,€ 865.00,,,,,865,,,,,281,9,yes,Feb-26,Clara Moran,,,,,0,,,0,0,,,,,,,,,,,,,,,,,,,,,,,,,,,,,,,,,,,,,,,,,,,,,,,,,,,,,,,,,,,,,,,,,,,,,,,,,,,,,,,,,,,,,,,,,,,,,,,,,,,,,,,,,,,,,,,,,,,,,,,,,,,,,,,,,
#REF!,NC_0913,,B2C,Signed,Expired,Millicent Lucrecia,Ramirez Fontanals,,,,Studio Standard + Terrace,,1,Worker,,1/12/2026,1/18/2026,,2/22/2026,€ 622.50,,,,,"1,245",,,,,35,1,yes,Feb-26,Clara Moran,,,,,0,,,0,0,,,,,,,,,,,,,,,,,,,,,,,,,,,,,,,,,,,,,,,,,,,,,,,,,,,,,,,,,,,,,,,,,,,,,,,,,,,,,,,,,,,,,,,,,,,,,,,,,,,,,,,,,,,,,,,,,,,,,,,,,,,,,,,,,
#REF!,NC_0934,,B2C,Signed,Expired,Cosimo,Fontana,,,,Studio Comfort,,1,Student,,1/20/2026,1/22/2026,,2/22/2026,"€ 1,005.00",,,,,"1,270",,,,,31,1,yes,Feb-26,Clara Moran,,,,,0,,,0,0,,,,,,,,,,,,,,,,,,,,,,,,,,,,,,,,,,,,,,,,,,,,,,,,,,,,,,,,,,,,,,,,,,,,,,,,,,,,,,,,,,,,,,,,,,,,,,,,,,,,,,,,,,,,,,,,,,,,,,,,,,,,,,,,,//
#REF!,NC_0854,,B2C,Signed,Expired,Fernando,Pading Iglesias,,,,Studio Comfort,,1,Worker,,12/23/2025,1/25/2026,,2/24/2026,€ 615.00,,Renovation,NC_0937,,"1,245",,,,,30,1,yes,Feb-26,Belen Lopez,,,,Renovación,0,,,0,0,,,,,,,,,,,,,,,,,,,,,,,,,,,,,,,,,,,,,,,,,,,,,,,,,,,,,,,,,,,,,,,,,,,,,,,,,,,,,,,,,,,,,,,,,,,,,,,,,,,,,,,,,,,,,,,,,,,,,,,,,,,,,,,,,
#REF!,NC_0945,,B2C,Signed,Expired,Maria Luisa,de la Fuente Gonzalez,Lidia Maria,Ceceda de la Fuente,,2 Bed (1/2),,2,Worker,Student,1/26/2026,1/24/2026,,2/24/2026,€ 745.00,,Renovation,NC_1034,,"1,555",,,,,31,1,No,Feb-26,Clara Moran,,,,Renovacion,0,,,0,0,,,,,,,,,,,,,,,,,,,,,,,,,,,,,,,,,,,,,,,,,,,,,,,,,,,,,,,,,,,,,,,,,,,,,,,,,,,,,,,,,,,,,,,,,,,,,,,,,,,,,,,,,,,,,,,,,,,,,,,,,,,,,,,,,
#REF!,NC_0113,,B2C,Signed,Expired,Jose Ivan,Heredia Perez,Luz Angela,Barrios Arroyave,,Studio Rooftop,,2,Worker,Worker,,5/26/2025,,2/26/2026,"€ 1,020.00",,Renovation,NC_1048,,"1,020",,,,,276,9,yes,Feb-26,Clara Moran,,,,,0,,,0,0,,,,,,,,,,,,,,,,,,,,,,,,,,,,,,,,,,,,,,,,,,,,,,,,,,,,,,,,,,,,,,,,,,,,,,,,,,,,,,,,,,,,,,,,,,,,,,,,,,,,,,,,,,,,,,,,,,,,,,,,,,,,,,,,,
#REF!,NC_0175,,B2C,Signed,Expired,Paulo Hernrique,Pinheiro Vieira,,,,Studio Comfort,,1,Worker,,,6/16/2025,6/14/2026,2/28/2026,€ 865.00,Y,,,,865,Adenda Firmada,,,1-Dec,363,8,yes,Feb-26,Belen Lopez,,,,,0,865,,"320,790,440.00","40,098,805.00",,,,,,,,,,,,,,,,,,,,,,,,,,,,,,,,,,,,,,,,,,,,,,,,,,,,,,,,,,,,,,,,,,,,,,,,,,,,,,,,,,,,,,,,,,,,,,,,,,,,,,,,,,,,,,,,,,,,,,,,,,,,,,,,,
#REF!,NC_0214,,B2B,Signed,Expired,Eco Inversiones ALRA,,,,,Studio Comfort,,1,Worker,,,9/1/2025,5/31/2026,2/28/2026,€ 875.00,,,,,875,Adenda Denegada,,,,272,6,yes,Feb-26,Jaime Orna,,,Trimestral,Pago de 3 meses en 3 meses,0,,,0,0,,,,,,,,,,,,,,,,,,,,,,,,,,,,,,,,,,,,,,,,,,,,,,,,,,,,,,,,,,,,,,,,,,,,,,,,,,,,,,,,,,,,,,,,,,,,,,,,,,,,,,,,,,,,,,,,,,,,,,,,,,,,,,,,,
#REF!,NC_0376,,B2C,Signed,Expired,Sali,Awni Iter,Silai,Sarway,,2 Bed (1/2) + Terrace,,2,,,,8/14/2025,5/15/2026,2/28/2026,"€ 1,285.00",R,,,,"1,285",Adenda Firmada,,,,274,6,yes,Feb-26,Clara Moran,,,,Pago por trimestres,0,,,0,0,,,,,,,,,,,,,,,,,,,,,,,,,,,,,,,,,,,,,,,,,,,,,,,,,,,,,,,,,,,,,,,,,,,,,,,,,,,,,,,,,,,,,,,,,,,,,,,,,,,,,,,,,,,,,,,,,,,,,,,,,,,,,,,,,
#REF!,NC_0435,,B2C,Signed,Expired,Shanya,Simmons,,,,Studio Comfort,,1,Student,,9/3/2025,8/30/2025,,2/28/2026,"€ 1,005.00",,Renovation,NC_0946,,"1,005",,,,,182,6,No,Feb-26,Clara Moran,,,,Pago trimestral,0,,,0,0,,,,,,,,,,,,,,,,,,,,,,,,,,,,,,,,,,,,,,,,,,,,,,,,,,,,,,,,,,,,,,,,,,,,,,,,,,,,,,,,,,,,,,,,,,,,,,,,,,,,,,,,,,,,,,,,,,,,,,,,,,,,,,,,,
#REF!,NC_0733,,B2C,Signed,Expired,Omar,Cande Guzman,,,,Studio Standard,,1,Worker,,11/11/2025,11/13/2025,5/13/2026,2/28/2026,€ 955.00,R,,,,955,Adenda Denegada,,,,181,4,yes,Feb-26,Clara Moran,,,,Pago Trimestral,0,,,0,0,,,,,,,,,,,,,,,,,,,,,,,,,,,,,,,,,,,,,,,,,,,,,,,,,,,,,,,,,,,,,,,,,,,,,,,,,,,,,,,,,,,,,,,,,,,,,,,,,,,,,,,,,,,,,,,,,,,,,,,,,,,,,,,,,
#REF!,NC_0819,,B2B,Signed,Expired,Construccion y Rehabilitacion de Andenes S.L,,,,,Studio Comfort,,1,Worker,,12/26/2025,1/31/2026,,2/28/2026,"€ 1,020.00",,,,,"1,245",,,,,28,1,yes,Feb-26,Belen Lopez,,,,Renovación,0,,,0,0,,,,,,,,,,,,,,,,,,,,,,,,,,,,,,,,,,,,,,,,,,,,,,,,,,,,,,,,,,,,,,,,,,,,,,,,,,,,,,,,,,,,,,,,,,,,,,,,,,,,,,,,,,,,,,,,,,,,,,,,,,,,,,,,,
#REF!,NC_0825,,B2C,Signed,Expired,Pedram,Mehdipour,Zoha,Aliasghar,,2 Bed (1/2),,2,Worker,,12/9/2025,12/13/2025,11/30/2026,2/28/2026,"€ 1,240.00",R,,,,"1,240",Adenda Denegada,,,,352,3,yes,Feb-26,Belen Lopez,,,,Pago trimestral - paga deposito por la web,0,,,0,0,,,,,,,,,,,,,,,,,,,,,,,,,,,,,,,,,,,,,,,,,,,,,,,,,,,,,,,,,,,,,,,,,,,,,,,,,,,,,,,,,,,,,,,,,,,,,,,,,,,,,,,,,,,,,,,,,,,,,,,,,,,,,,,,,
#REF!,NC_0892,,B2C,Signed,Expired,Joselyn Lizbeth,Armijos Guaman,Bartosz Hubert,Wojcik,,Studio Rooftop,,2,Worker,Worker,1/27/2026,1/28/2026,,2/28/2026,"€ 1,170.00",,,,,"1,435",,,,,31,1,yes,Feb-26,Belen Lopez,,,,"Renovación, conservamos depósito de la primera reserva",0,,,0,0,,,,,,,,,,,,,,,,,,,,,,,,,,,,,,,,,,,,,,,,,,,,,,,,,,,,,,,,,,,,,,,,,,,,,,,,,,,,,,,,,,,,,,,,,,,,,,,,,,,,,,,,,,,,,,,,,,,,,,,,,,,,,,,,,
#REF!,NC_0893,,B2C,Signed,Expired,Kristen Melody,Giesbrecht,,,,Studio Comfort,,1,Student,,1/8/2026,1/10/2026,7/5/2026,2/28/2026,"€ 1,005.00",,,,,"1,030",Adenda Firmada,,,0.05,176,2,yes,Feb-26,Belen Lopez,,Promo Renovacion 5% Descuento,,Renovación,0,"1,030 €",,103,51.5,,,,,,,,,,,,,,,,,,,,,,,,,,,,,,,,,,,,,,,,,,,,,,,,,,,,,,,,,,,,,,,,,,,,,,,,,,,,,,,,,,,,,,,,,,,,,,,,,,,,,,,,,,,,,,,,,,,,,,,,,,,,,,,,,
#REF!,NC_0910,,B2C,Signed,Expired,Karen Stefani,Dominguez Enrique,,,,2 Bed (1/2) + Terrace,,1,Student,,1/12/2026,1/14/2026,12/31/2026,2/28/2026,"€ 1,320.00",,,,,"1,320",Adenda Firmada,,,,351,1,yes,Feb-26,Clara Moran,,,,Pago trimestral,0,,,0,0,,,,,,,,,,,,,,,,,,,,,,,,,,,,,,,,,,,,,,,,,,,,,,,,,,,,,,,,,,,,,,,,,,,,,,,,,,,,,,,,,,,,,,,,,,,,,,,,,,,,,,,,,,,,,,,,,,,,,,,,,,,,,,,,,
#REF!,NC_0917,,B2B,Signed,Expired,Qerqus Senda Berria SL,,,,,Studio Comfort,,1,Worker,,1/14/2026,1/19/2026,10/20/2026,2/28/2026,€ 950.00,,,,,980,Adenda Firmada,,,,274,1,yes,Feb-26,Clara Moran,,,,el precio lleva incluidas 2 limpiezas extras al mes (30 €),0,,,0,0,,,,,,,,,,,,,,,,,,,,,,,,,,,,,,,,,,,,,,,,,,,,,,,,,,,,,,,,,,,,,,,,,,,,,,,,,,,,,,,,,,,,,,,,,,,,,,,,,,,,,,,,,,,,,,,,,,,,,,,,,,,,,,,,,
#REF!,NC_0969,,B2C,Signed,Expired,Natalia,Dieguez Bayon,,,,Studio Comfort,,1,Worker,,1/30/2026,1/31/2026,,2/28/2026,€ 635.00,,Renovation,NC_1044,,"1,270",,,,,28,1,yes,Feb-26,Clara Moran,,,,,0,,,0,0,,,,,,,,,,,,,,,,,,,,,,,,,,,,,,,,,,,,,,,,,,,,,,,,,,,,,,,,,,,,,,,,,,,,,,,,,,,,,,,,,,,,,,,,,,,,,,,,,,,,,,,,,,,,,,,,,,,,,,,,,,,,,,,,,
#REF!,NC_0971,,B2C,Signed,Expired,Francisco,Almazan Guisado,,,,Studio Standard + Terrace,,1,Worker,,1/29/2026,1/31/2026,,2/28/2026,€ 615.00,,Renovation,NC_1058,,"1,270",,,,,28,1,yes,Feb-26,Clara Moran,,,,,0,,,0,0,,,,,,,,,,,,,,,,,,,,,,,,,,,,,,,,,,,,,,,,,,,,,,,,,,,,,,,,,,,,,,,,,,,,,,,,,,,,,,,,,,,,,,,,,,,,,,,,,,,,,,,,,,,,,,,,,,,,,,,,,,,,,,,,,
#REF!,NC_0976,,B2C,Signed,Expired,Silvio,Nieri Barillari,,,,Studio Comfort,,1,Worker,,1/29/2026,2/1/2026,,2/28/2026,€ 615.00,,Renovation,NC_1095,,"1,270",,,,,27,1,yes,Feb-26,Clara Moran,,,,Renovación,0,,,0,0,,,,,,,,,,,,,,,,,,,,,,,,,,,,,,,,,,,,,,,,,,,,,,,,,,,,,,,,,,,,,,,,,,,,,,,,,,,,,,,,,,,,,,,,,,,,,,,,,,,,,,,,,,,,,,,,,,,,,,,,,,,,,,,,,
#REF!,NC_0906,,B2C,Signed,Expired,Ramona,Cortini,,,,Studio Rooftop,,1,Worker,,1/8/2026,1/11/2026,,3/1/2026,€ 605.00,,,,,"1,335",,,,,49,2,yes,Mar-26,Belen Lopez,,,,,0,,,0,0,,,,,,,,,,,,,,,,,,,,,,,,,,,,,,,,,,,,,,,,,,,,,,,,,,,,,,,,,,,,,,,,,,,,,,,,,,,,,,,,,,,,,,,,,,,,,,,,,,,,,,,,,,,,,,,,,,,,,,,,,,,,,,,,,
#REF!,NC_0924,,B2B,Signed,Expired,Smart Iberica de Impulso Empresarial SCA,,,,,Studio Comfort,,1,Worker,,1/19/2026,1/31/2026,,3/1/2026,€ 558.50,,,,,"1,117",,,,,29,1,yes,Mar-26,Jaime Orna,,,,Cambio de fecha 31 de Enero,0,,,0,0,,,,,,,,,,,,,,,,,,,,,,,,,,,,,,,,,,,,,,,,,,,,,,,,,,,,,,,,,,,,,,,,,,,,,,,,,,,,,,,,,,,,,,,,,,,,,,,,,,,,,,,,,,,,,,,,,,,,,,,,,,,,,,,,,
#REF!,NC_0925,,B2B,Signed,Expired,Smart Iberica de Impulso Empresarial SCA,,,,,Studio Comfort,,1,Worker,,1/19/2026,1/31/2026,,3/1/2026,€ 558.50,,,,,"1,117",,,,,29,1,yes,Mar-26,Jaime Orna,,,,Cambio de fecha 31 de Enero,0,,,0,0,,,,,,,,,,,,,,,,,,,,,,,,,,,,,,,,,,,,,,,,,,,,,,,,,,,,,,,,,,,,,,,,,,,,,,,,,,,,,,,,,,,,,,,,,,,,,,,,,,,,,,,,,,,,,,,,,,,,,,,,,,,,,,,,,
#REF!,NC_0926,,B2B,Signed,Expired,Smart Iberica de Impulso Empresarial SCA,,,,,Studio Comfort,,1,Worker,,1/19/2026,1/31/2026,,3/1/2026,€ 558.50,,,,,"1,117",,,,,29,1,yes,Mar-26,Jaime Orna,,,,Cambio de fecha 31 de Enero,0,,,0,0,,,,,,,,,,,,,,,,,,,,,,,,,,,,,,,,,,,,,,,,,,,,,,,,,,,,,,,,,,,,,,,,,,,,,,,,,,,,,,,,,,,,,,,,,,,,,,,,,,,,,,,,,,,,,,,,,,,,,,,,,,,,,,,,,
#REF!,NC_0927,,B2B,Signed,Expired,Smart Iberica de Impulso Empresarial SCA,,,,,Studio Comfort,,1,Worker,,1/19/2026,1/31/2026,,3/1/2026,€ 558.50,,,,,"1,117",,,,,29,1,yes,Mar-26,Jaime Orna,,,,Cambio de fecha 31 de Enero,0,,,0,0,,,,,,,,,,,,,,,,,,,,,,,,,,,,,,,,,,,,,,,,,,,,,,,,,,,,,,,,,,,,,,,,,,,,,,,,,,,,,,,,,,,,,,,,,,,,,,,,,,,,,,,,,,,,,,,,,,,,,,,,,,,,,,,,,
#REF!,NC_0928,,B2B,Signed,Expired,Smart Iberica de Impulso Empresarial SCA,,,,,Studio Comfort,,1,Worker,,1/19/2026,1/31/2026,,3/1/2026,€ 558.50,,,,,"1,117",,,,,29,1,yes,Mar-26,Jaime Orna,,,,Cambio de fecha 31 de Enero,0,,,0,0,,,,,,,,,,,,,,,,,,,,,,,,,,,,,,,,,,,,,,,,,,,,,,,,,,,,,,,,,,,,,,,,,,,,,,,,,,,,,,,,,,,,,,,,,,,,,,,,,,,,,,,,,,,,,,,,,,,,,,,,,,,,,,,,,
#REF!,NC_0970,,B2C,Signed,Expired,Hugo Miguel,Borges De Sousa Sequeira,,,,Studio Comfort,,1,Worker,,1/30/2026,2/1/2026,,3/1/2026,€ 615.00,,,,,"1,270",,,,,28,1,yes,Mar-26,Belen Lopez,,,,Renovacion,0,,,0,0,,,,,,,,,,,,,,,,,,,,,,,,,,,,,,,,,,,,,,,,,,,,,,,,,,,,,,,,,,,,,,,,,,,,,,,,,,,,,,,,,,,,,,,,,,,,,,,,,,,,,,,,,,,,,,,,,,,,,,,,,,,,,,,,,
#REF!,NC_0063,,B2C,Signed,Expired,Ana Silvia,Peña de Lira,,,Gabriela Belén Toledo Orquera,Studio Standard,,1,Student,,,6/1/2025,,3/2/2026,€ 765.00,,Renovation,NC_0817,,765,,,,,274,9,yes,Mar-26,Belen Lopez,,,,,0,,,0,0,,,,,,,,,,,,,,,,,,,,,,,,,,,,,,,,,,,,,,,,,,,,,,,,,,,,,,,,,,,,,,,,,,,,,,,,,,,,,,,,,,,,,,,,,,,,,,,,,,,,,,,,,,,,,,,,,,,,,,,,,,,,,,,,,
#REF!,NC_0722,,B2B,Signed,Expired,Nova Urbella S.L,,,,,2 Bed (1/2),,2,Worker,Worker,11/27/2025,11/30/2025,,3/2/2026,€ 753.00,,Renovation,NC_0993,,"1,430",,,,,92,3,yes,Mar-26,Clara Moran,,,,Renovación,0,,,0,0,,,,,,,,,,,,,,,,,,,,,,,,,,,,,,,,,,,,,,,,,,,,,,,,,,,,,,,,,,,,,,,,,,,,,,,,,,,,,,,,,,,,,,,,,,,,,,,,,,,,,,,,,,,,,,,,,,,,,,,,,,,,,,,,,
#REF!,NC_0916,,B2C,Signed,Expired,Deborah Patricia,Sanchez Torres,,,,Studio Rooftop,,1,Student,,1/22/2026,2/2/2026,,3/2/2026,€ 985.00,,Renovation,NC_1041,,"1,350",,,ssssss,,28,1,yes,Mar-26,Clara Moran,,,,Renovaciónn / pàga ampliación en Recepción el 22/1,0,,,0,0,,,,,,,,,,,,,,,,,,,,,,,,,,,,,,,,,,,,,,,,,,,,,,,,,,,,,,,,,,,,,,,,,,,,,,,,,,,,,,,,,,,,,,,,,,,,,,,,,,,,,,,,,,,,,,,,,,,,,,,,,,,,,,,,,
#REF!,NC_0538,,B2C,Signed,Expired,Francisco,Martinez Garcia,,,,Studio Comfort,,1,Worker,,9/22/2025,11/3/2025,,3/3/2026,"€ 1,020.00",,Renovation,NC_0988,,"1,020",,,,,120,4,yes,Mar-26,Belen Lopez,,,,,0,,,0,0,,,,,,,,,,,,,,,,,,,,,,,,,,,,,,,,,,,,,,,,,,,,,,,,,,,,,,,,,,,,,,,,,,,,,,,,,,,,,,,,,,,,,,,,,,,,,,,,,,,,,,,,,,,,,,,,,,,,,,,,,,,,,,,,,
#REF!,NC_0949,,B2C,Signed,Expired,Ziadoon Naseer Mrebee,Al-Fadhli,,,,Studio Comfort,,1,Worker,,1/28/2026,2/3/2026,,3/3/2026,€ 615.00,,Renovation,NC_1067,,"1,270",,,,,28,1,yes,Mar-26,Belen Lopez,,,,Renovacion,0,,,0,0,,,,,,,,,,,,,,,,,,,,,,,,,,,,,,,,,,,,,,,,,,,,,,,,,,,,,,,,,,,,,,,,,,,,,,,,,,,,,,,,,,,,,,,,,,,,,,,,,,,,,,,,,,,,,,,,,,,,,,,,,,,,,,,,,
#REF!,NC_0978,,B2B2C,Signed,Expired,Mohamed Taher Omer,El Musraty,,,,Studio Comfort,,1,Worker,Student,2/2/2026,2/3/2026,,3/3/2026,€ 615.00,,,,,"1,270",,,,,28,1,yes,Mar-26,Belen Lopez,,,,QF Renovacion,0,,,0,0,,,,,,,,,,,,,,,,,,,,,,,,,,,,,,,,,,,,,,,,,,,,,,,,,,,,,,,,,,,,,,,,,,,,,,,,,,,,,,,,,,,,,,,,,,,,,,,,,,,,,,,,,,,,,,,,,,,,,,,,,,,,,,,,,
#REF!,NC_0977,,B2C,Signed,Expired,Elizabeth Michelle,Hickson Azocar,,,,Studio Comfort,,1,Worker,,1/30/2026,2/4/2026,,3/4/2026,€ 635.00,,,,,"1,270",,,,,28,1,yes,Mar-26,Belen Lopez,,,,,0,,,0,0,,,,,,,,,,,,,,,,,,,,,,,,,,,,,,,,,,,,,,,,,,,,,,,,,,,,,,,,,,,,,,,,,,,,,,,,,,,,,,,,,,,,,,,,,,,,,,,,,,,,,,,,,,,,,,,,,,,,,,,,,,,,,,,,,
#REF!,NC_0876,,B2C,Signed,Expired,Gil Diomar,de Freitas,Rosa Maria,Vieira Abreu,,Studio Comfort,,2,Worker,Worker,12/30/2025,1/5/2026,,3/5/2026,"€ 1,345.00",,,,,"1,345",,,,,59,2,yes,Mar-26,Clara Moran,,,,Pagan estancia por adelantado,0,,,0,0,,,,,,,,,,,,,,,,,,,,,,,,,,,,,,,,,,,,,,,,,,,,,,,,,,,,,,,,,,,,,,,,,,,,,,,,,,,,,,,,,,,,,,,,,,,,,,,,,,,,,,,,,,,,,,,,,,,,,,,,,,,,,,,,,//
#REF!,NC_0725,,B2C,Signed,Expired,Felipe,Gallon Ocampo,,,,Studio Comfort,,1,Worker,,11/11/2025,1/6/2026,,3/6/2026,€ 622.50,,Renovation,NC_0961,,"1,245",,,,,59,2,yes,Mar-26,Clara Moran,,,,Pago de la estancia por adelantado,0,,,0,0,,,,,,,,,,,,,,,,,,,,,,,,,,,,,,,,,,,,,,,,,,,,,,,,,,,,,,,,,,,,,,,,,,,,,,,,,,,,,,,,,,,,,,,,,,,,,,,,,,,,,,,,,,,,,,,,,,,,,,,,,,,,,,,,,
#REF!,NC_0806,,B2C,Signed,Expired,Vidal,Mateos Salas,Eusebia,Rivero Vicente,,Studio Comfort,,2,Worker,Worker,12/1/2025,12/5/2025,,3/6/2026,€ 665.00,,Renovation,NC_1070,,"1,120",,,,,91,3,yes,Mar-26,Clara Moran,,,,Renovación,0,,,0,0,,,,,,,,,,,,,,,,,,,,,,,,,,,,,,,,,,,,,,,,,,,,,,,,,,,,,,,,,,,,,,,,,,,,,,,,,,,,,,,,,,,,,,,,,,,,,,,,,,,,,,,,,,,,,,,,,,,,,,,,,,,,,,,,,//
#REF!,NC_1001,,B2B,Signed,Expired,AGENCIA DE VIVIENDA SOCIAL DE LA COMUNIDAD DE MADRID,,,,,Studio Comfort,,2,Worker,Student,2/5/2026,2/6/2026,,3/6/2026,€ 685.00,,Renovation,NC_1114,Renovation,"1,370",,,,,28,1,yes,Mar-26,Belen Lopez,,,,,0,,,0,0,,,,,,,,,,,,,,,,,,,,,,,,,,,,,,,,,,,,,,,,,,,,,,,,,,,,,,,,,,,,,,,,,,,,,,,,,,,,,,,,,,,,,,,,,,,,,,,,,,,,,,,,,,,,,,,,,,,,,,,,,,,,,,,,,
#REF!,NC_1002,,B2B,Signed,Expired,AGENCIA DE VIVIENDA SOCIAL DE LA COMUNIDAD DE MADRID,,,,,Studio Comfort,,2,Worker,Student,2/5/2026,2/6/2026,,3/6/2026,€ 685.00,,Renovation,NC_1115,Renovation,"1,370",,,,,28,1,yes,Mar-26,Belen Lopez,,,,,0,,,0,0,,,,,,,,,,,,,,,,,,,,,,,,,,,,,,,,,,,,,,,,,,,,,,,,,,,,,,,,,,,,,,,,,,,,,,,,,,,,,,,,,,,,,,,,,,,,,,,,,,,,,,,,,,,,,,,,,,,,,,,,,,,,,,,,,
#REF!,NC_0675,,B2C,Signed,Expired,Victoriano,Paez Vernalte,,,,Studio Comfort,,1,Worker,,10/27/2025,11/1/2025,,3/7/2026,"€ 1,020.00",,,,,"1,020",,,,,126,4,yes,Mar-26,Clara Moran,,,,,0,,,0,0,,,,,,,,,,,,,,,,,,,,,,,,,,,,,,,,,,,,,,,,,,,,,,,,,,,,,,,,,,,,,,,,,,,,,,,,,,,,,,,,,,,,,,,,,,,,,,,,,,,,,,,,,,,,,,,,,,,,,,,,,,,,,,,,,
#REF!,NC_1005,,B2C,Signed,Expired,Rodrigo Antonio,Suarez Putzeys,,,,Studio Comfort,,1,Worker,,2/5/2026,2/7/2026,,3/7/2026,€ 635.00,,,,,"1,270",,,,,28,1,yes,Mar-26,Belen Lopez,,,,,0,,,0,0,,,,,,,,,,,,,,,,,,,,,,,,,,,,,,,,,,,,,,,,,,,,,,,,,,,,,,,,,,,,,,,,,,,,,,,,,,,,,,,,,,,,,,,,,,,,,,,,,,,,,,,,,,,,,,,,,,,,,,,,,,,,,,,,,
#REF!,NC_0703,,B2B2C,Signed,Expired,Valentin,Martinez Muriana,,,,Studio Comfort,,1,Worker,,10/31/2025,1/11/2026,,3/10/2026,€ 622.50,,,,,"1,245",,,,,58,2,yes,Mar-26,Clara Moran,,,,Policía/Paga por adelantado,0,,,0,0,,,,,,,,,,,,,,,,,,,,,,,,,,,,,,,,,,,,,,,,,,,,,,,,,,,,,,,,,,,,,,,,,,,,,,,,,,,,,,,,,,,,,,,,,,,,,,,,,,,,,,,,,,,,,,,,,,,,,,,,,,,,,,,,,
#REF!,NC_0739,,B2B2C,Signed,Expired,Jose Manuel,Ferrero Ramos,,,,Studio Comfort,,1,Worker,,11/17/2025,1/11/2026,,3/10/2026,€ 622.50,,,,,"1,245",,,,,58,2,yes,Mar-26,Clara Moran,,,,POLICIA,0,,,0,0,,,,,,,,,,,,,,,,,,,,,,,,,,,,,,,,,,,,,,,,,,,,,,,,,,,,,,,,,,,,,,,,,,,,,,,,,,,,,,,,,,,,,,,,,,,,,,,,,,,,,,,,,,,,,,,,,,,,,,,,,,,,,,,,,
#REF!,NC_0741,,B2B2C,Signed,Expired,Emilio,Latorre Santolaria,,,,Studio Comfort,,1,Worker,,11/21/2025,1/11/2026,,3/10/2026,€ 622.50,,,,,"1,245",,,,,58,2,yes,Mar-26,Clara Moran,,,,POLICIA,0,,,#VALUE!,#VALUE!,,,,,,,,,,,,,,,,,,,,,,,,,,,,,,,,,,,,,,,,,,,,,,,,,,,,,,,,,,,,,,,,,,,,,,,,,,,,,,,,,,,,,,,,,,,,,,,,,,,,,,,,,,,,,,,,,,,,,,,,,,,,,,,,,
#REF!,NC_1008,,B2C,Signed,Expired,Fisnik,Spahija,,,,Studio Standard + Terrace,,1,Student,,2/9/2026,2/10/2026,,3/10/2026,€ 635.00,,,,,"1,270",,,,,28,1,yes,Mar-26,Clara Moran,,,,Renovacion,0,,,0,0,,,,,,,,,,,,,,,,,,,,,,,,,,,,,,,,,,,,,,,,,,,,,,,,,,,,,,,,,,,,,,,,,,,,,,,,,,,,,,,,,,,,,,,,,,,,,,,,,,,,,,,,,,,,,,,,,,,,,,,,,,,,,,,,,
#REF!,NC_0642,,B2B2C,Signed,Expired,Aaron,Gonzalez Sanchez,,,,Studio Comfort,,1,Worker,,10/17/2025,1/11/2026,,3/11/2026,€ 615.00,,,,,"1,230",,,,,59,2,yes,Mar-26,Clara Moran,,,,Direct Booking - entra con tarifas 2025 - POLICIA,0,,,0,0,,,,,,,,,,,,,,,,,,,,,,,,,,,,,,,,,,,,,,,,,,,,,,,,,,,,,,,,,,,,,,,,,,,,,,,,,,,,,,,,,,,,,,,,,,,,,,,,,,,,,,,,,,,,,,,,,,,,,,,,,,,,,,,,,
#REF!,NC_0659,,B2B2C,Signed,Expired,Jose Miguel,Rodriguez Reina,,,,Studio Standard + Terrace,,1,Worker,,10/21/2025,1/11/2026,,3/11/2026,€ 665.00,,,,,"1,330",,,,,59,2,yes,Mar-26,Belen Lopez,,,,Direct Booking - Policia,0,,,0,0,,,,,,,,,,,,,,,,,,,,,,,,,,,,,,,,,,,,,,,,,,,,,,,,,,,,,,,,,,,,,,,,,,,,,,,,,,,,,,,,,,,,,,,,,,,,,,,,,,,,,,,,,,,,,,,,,,,,,,,,,,,,,,,,,
#REF!,NC_0694,,B2B2C,Signed,Expired,Miguel Angel,Rodriguez Amigo,,,,Studio Comfort,,1,Worker,,10/28/2025,1/11/2026,,3/11/2026,€ 622.50,,,,,"1,245",,,,,59,2,yes,Mar-26,Clara Moran,,,,POLICIA,0,,,0,0,,,,,,,,,,,,,,,,,,,,,,,,,,,,,,,,,,,,,,,,,,,,,,,,,,,,,,,,,,,,,,,,,,,,,,,,,,,,,,,,,,,,,,,,,,,,,,,,,,,,,,,,,,,,,,,,,,,,,,,,,,,,,,,,,
#REF!,NC_0671,,B2B2C,Signed,Expired,Francisco Javier,Juarez Martin,,,,Studio Comfort,,1,Worker,,10/23/2025,1/11/2026,,3/13/2026,€ 615.00,,,,,"1,230",,,,,61,2,yes,Mar-26,Clara Moran,,,,Direct Booking - Policia,0,,,0,0,,,,,,,,,,,,,,,,,,,,,,,,,,,,,,,,,,,,,,,,,,,,,,,,,,,,,,,,,,,,,,,,,,,,,,,,,,,,,,,,,,,,,,,,,,,,,,,,,,,,,,,,,,,,,,,,,,,,,,,,,,,,,,,,,
#REF!,NC_0999,,B2C,Signed,Expired,Angel,Resino Serrano,,,,2 Bed (1/2),,1,Worker,,2/9/2026,2/14/2026,,3/14/2026,€ 762.50,,Renovation,NC_1103,Renovation,"1,545",,,,,28,1,yes,Mar-26,Clara Moran,,,,Renovación,0,,,0,0,,,,,,,,,,,,,,,,,,,,,,,,,,,,,,,,,,,,,,,,,,,,,,,,,,,,,,,,,,,,,,,,,,,,,,,,,,,,,,,,,,,,,,,,,,,,,,,,,,,,,,,,,,,,,,,,,,,,,,,,,,,,,,,,,
#REF!,NC_1009,,B2C,Signed,Expired,Jorge Antonio,Urosa Sanchez,,,,Studio Comfort,,1,Worker,,2/12/2026,2/15/2026,,3/14/2026,€ 635.00,,Renovation,NC_1113,,"1,270",,,,,27,1,yes,Mar-26,Clara Moran,,,,Renovacion,0,,,0,0,,,,,,,,,,,,,,,,,,,,,,,,,,,,,,,,,,,,,,,,,,,,,,,,,,,,,,,,,,,,,,,,,,,,,,,,,,,,,,,,,,,,,,,,,,,,,,,,,,,,,,,,,,,,,,,,,,,,,,,,,,,,,,,,,
#REF!,NC_1029,,B2C,Signed,Expired,Marina,Estudillo Arce,,,,Studio Comfort,,1,Student,,2/12/2026,2/15/2026,,3/20/2026,€ 635.00,,,,,"1,270",,,,,33,1,yes,Mar-26,Belen Lopez,,,,Direct booking,0,,,0,0,,,,,,,,,,,,,,,,,,,,,,,,,,,,,,,,,,,,,,,,,,,,,,,,,,,,,,,,,,,,,,,,,,,,,,,,,,,,,,,,,,,,,,,,,,,,,,,,,,,,,,,,,,,,,,,,,,,,,,,,,,,,,,,,,
#REF!,NC_0082,,B2C,Signed,Expired,Cinthia,Gonzalez Morales,,,Nalda Orfilia Morales Vasquez,Studio Standard + Terrace,,1,Student,,,4/22/2025,,3/22/2026,€ 885.00,,Renovation,NC_1026,,885,,,,1-Nov,334,11,yes,Mar-26,Clara Moran,,,,,0,885,,"450,993,345.00","40,999,395.00",,,,,,,,,,,,,,,,,,,,,,,,,,,,,,,,,,,,,,,,,,,,,,,,,,,,,,,,,,,,,,,,,,,,,,,,,,,,,,,,,,,,,,,,,,,,,,,,,,,,,,,,,,,,,,,,,,,,,,,,,,,,,,,,,
#REF!,NC_0761,,B2C,Signed,Expired,Jorge,Gallego Perez,,,,Studio Rooftop,,1,Worker,,11/19/2025,12/21/2025,,3/22/2026,"€ 1,060.00",,Renovation,NC_0984,,"1,100",,,,,91,3,yes,Mar-26,Belen Lopez,,,,Renovacion,0,,,0,0,,,,,,,,,,,,,,,,,,,,,,,,,,,,,,,,,,,,,,,,,,,,,,,,,,,,,,,,,,,,,,,,,,,,,,,,,,,,,,,,,,,,,,,,,,,,,,,,,,,,,,,,,,,,,,,,,,,,,,,,,,,,,,,,,
#REF!,NC_0004,,B2C,Signed,Expired,Luca,Feitosa Junqueira,,,Luziana Feitosa Junqueira,Studio Comfort,,1,Student,,,4/24/2025,,3/24/2026,€ 845.00,,Renovation,NC_1175,,845,,,,1-Nov,334,11,yes,Mar-26,Clara Moran,,,,,0,845,,"430,609,465.00","39,146,315.00",,,,,,,,,,,,,,,,,,,,,,,,,,,,,,,,,,,,,,,,,,,,,,,,,,,,,,,,,,,,,,,,,,,,,,,,,,,,,,,,,,,,,,,,,,,,,,,,,,,,,,,,,,,,,,,,,,,,,,,,,,,,,,,,,
#REF!,NC_1034,,B2C,Signed,Expired,Maria Luisa,de la Fuente Gonzalez,Lidia Maria,Ceceda de la Fuente,,2 Bed (1/2),,2,Worker,Student,2/18/2026,2/24/2026,,3/24/2026,€ 745.00,,Renovation,NC_1189,,"1,555",,,,,28,1,yes,Mar-26,Clara Moran,,,,Renovacion,0,,,0,0,,,,,,,,,,,,,,,,,,,,,,,,,,,,,,,,,,,,,,,,,,,,,,,,,,,,,,,,,,,,,,,,,,,,,,,,,,,,,,,,,,,,,,,,,,,,,,,,,,,,,,,,,,,,,,,,,,,,,,,,,,,,,,,,,
#REF!,NC_1039,,B2C,Signed,Expired,Shepherd,Chitiyo,,,,Studio Comfort,,1,Worker,,2/16/2026,2/25/2026,,3/25/2026,€ 635.00,,Renovation,NC_1129,,"1,270",,,,,28,1,yes,Mar-26,Jaime Orna,,,,,,,,,,,,,,,,,,,,,,,,,,,,,,,,,,,,,,,,,,,,,,,,,,,,,,,,,,,,,,,,,,,,,,,,,,,,,,,,,,,,,,,,,,,,,,,,,,,,,,,,,,,,,,,,,,,,,,,,,,,,,,,,,,,,,,,,,,
#REF!,NC_0830,,B2C,Signed,Expired,Antonio,Garcia Gonzalez,,,,Studio Comfort,,1,Student,,12/11/2025,12/20/2025,,3/26/2026,"€ 1,020.00",,,,,"1,020",,,,,96,3,yes,Mar-26,Belen Lopez,,,,,0,,,0,0,,,,,,,,,,,,,,,,,,,,,,,,,,,,,,,,,,,,,,,,,,,,,,,,,,,,,,,,,,,,,,,,,,,,,,,,,,,,,,,,,,,,,,,,,,,,,,,,,,,,,,,,,,,,,,,,,,,,,,,,,,,,,,,,,
#REF!,NC_0530,,B2C,Signed,Expired,Alessandro,De Angelis,Jenifer,Mercado,Claudio de Angelis,2 Bed (1/2) + Terrace,,2,Student,Student,9/19/2025,9/30/2025,,3/27/2026,"€ 1,475.00",,Renovation,NC_1111,,"1,475",,,,,178,6,yes,Mar-26,Clara Moran,,,,,0,,,0,0,,,,,,,,,,,,,,,,,,,,,,,,,,,,,,,,,,,,,,,,,,,,,,,,,,,,,,,,,,,,,,,,,,,,,,,,,,,,,,,,,,,,,,,,,,,,,,,,,,,,,,,,,,,,,,,,,,,,,,,,,,,,,,,,,
#REF!,NC_0488,,B2C,Signed,Expired,Ruben,Hornillos,,,,Studio Comfort,,1,Worker,,9/9/2025,9/13/2025,9/11/2026,3/28/2026,€ 905.00,R,,,,905,Adenda Firmada,83,,,363,6,yes,Mar-26,Clara Moran,,,,,498,,,498,83,,,,,,,,,,,,,,,,,,,,,,,,,,,,,,,,,,,,,,,,,,,,,,,,,,,,,,,,,,,,,,,,,,,,,,,,,,,,,,,,,,,,,,,,,,,,,,,,,,,,,,,,,,,,,,,,,,,,,,,,,,,,,,,,,
#REF!,NC_1095,,B2C,Signed,Expired,Silvio,Nieri Barillari,,,,Studio Comfort,,1,Worker,,3/2/2026,2/28/2026,,3/28/2026,€ 615.00,,Renovation,NC_1167,,"1,270",,,,,28,1,No,Mar-26,Clara Moran,,,,Renovación,0,,,0,0,,,,,,,,,,,,,,,,,,,,,,,,,,,,,,,,,,,,,,,,,,,,,,,,,,,,,,,,,,,,,,,,,,,,,,,,,,,,,,,,,,,,,,,,,,,,,,,,,,,,,,,,,,,,,,,,,,,,,,,,,,,,,,,,,
#REF!,NC_1046,,B2C,Signed,Expired,Javier,Blanco Martinez,,,,Studio Comfort,,1,Worker,,2/17/2026,2/27/2026,,3/29/2026,€ 635.00,,Renovation,NC_1193,,"1,270",,,,,30,1,yes,Mar-26,Belen Lopez,,,,,0,,,0,0,,,,,,,,,,,,,,,,,,,,,,,,,,,,,,,,,,,,,,,,,,,,,,,,,,,,,,,,,,,,,,,,,,,,,,,,,,,,,,,,,,,,,,,,,,,,,,,,,,,,,,,,,,,,,,,,,,,,,,,,,,,,,,,,,
#REF!,NC_0092,,B2C,Signed,Expired,Sebastian Benjamin,Klaus,,,,Studio Standard + Terrace,,1,Student,,,4/30/2025,,3/30/2026,€ 885.00,,,,,885,,,,1-Nov,334,11,yes,Mar-26,Belen Lopez,,,,,0,885,,"450,993,345.00","40,999,395.00",,,,,,,,,,,,,,,,,,,,,,,,,,,,,,,,,,,,,,,,,,,,,,,,,,,,,,,,,,,,,,,,,,,,,,,,,,,,,,,,,,,,,,,,,,,,,,,,,,,,,,,,,,,,,,,,,,,,,,,,,,,,,,,,,
#REF!,NC_0896,,B2C,Signed,Expired,Kristijan,Hasnek,,,,Studio Standard + Terrace,,1,Worker,,1/8/2026,1/11/2026,,3/30/2026,€ 635.00,,Renovation,NC_1213,,"1,270",,,,,78,3,yes,Mar-26,Belen Lopez,,,,deposito por stripe,0,,,0,0,,,,,,,,,,,,,,,,,,,,,,,,,,,,,,,,,,,,,,,,,,,,,,,,,,,,,,,,,,,,,,,,,,,,,,,,,,,,,,,,,,,,,,,,,,,,,,,,,,,,,,,,,,,,,,,,,,,,,,,,,,,,,,,,,
#REF!,NC_0523,,B2C,Signed,Expired,Stefano,Restuccia,,,Rhandy Piñero,Studio Comfort,,1,Worker,,9/24/2025,9/30/2025,,3/31/2026,"€ 1,005.00",,Renovation,NC_1074,,"1,005",,,,,182,6,yes,Mar-26,Clara Moran,,,,,0,,,0,0,,,,,,,,,,,,,,,,,,,,,,,,,,,,,,,,,,,,,,,,,,,,,,,,,,,,,,,,,,,,,,,,,,,,,,,,,,,,,,,,,,,,,,,,,,,,,,,,,,,,,,,,,,,,,,,,,,,,,,,,,,,,,,,,,
#REF!,NC_0572,,B2C,Signed,Expired,Bryan,Borsten,Maryory,Medina,,Studio Comfort,,2,Worker,Worker,9/27/2025,10/1/2025,,3/31/2026,"€ 1,020.00",,,,,"1,120",,,,,181,6,yes,Mar-26,Clara Moran,,,,Pago Trimestral,0,,,0,0,,,,,,,,,,,,,,,,,,,,,,,,,,,,,,,,,,,,,,,,,,,,,,,,,,,,,,,,,,,,,,,,,,,,,,,,,,,,,,,,,,,,,,,,,,,,,,,,,,,,,,,,,,,,,,,,,,,,,,,,,,,,,,,,,
#REF!,NC_0792,,B2C,Signed,Expired,Jacopo,Moccia,,,,Studio Rooftop,,1,Worker,,11/27/2025,2/8/2026,8/8/2026,3/31/2026,"€ 1,250.00",,Renovation,NC_1094,,"1,110",Adenda Firmada,,,,181,2,yes,Mar-26,Belen Lopez,,,,Renovacion,0,,,0,0,,,,,,,,,,,,,,,,,,,,,,,,,,,,,,,,,,,,,,,,,,,,,,,,,,,,,,,,,,,,,,,,,,,,,,,,,,,,,,,,,,,,,,,,,,,,,,,,,,,,,,,,,,,,,,,,,,,,,,,,,,,,,,,,,
#REF!,NC_0814,,B2C,Signed,Expired,Karla Patricia,Tornero Ureta,Emily Mª Luisa,Motta Pazos,,2 Bed (2/2),,2,Student,Student,12/4/2025,12/31/2025,11/30/2026,3/31/2026,"€ 1,325.00",R,,,,"1,325",Burofax Enviado,75,,,334,3,yes,Mar-26,Clara Moran,,Promo Long Stay 11 meses,,Pago Trimestral,225,,,225,75,,,,,,,,,,,,,,,,,,,,,,,,,,,,,,,,,,,,,,,,,,,,,,,,,,,,,,,,,,,,,,,,,,,,,,,,,,,,,,,,,,,,,,,,,,,,,,,,,,,,,,,,,,,,,,,,,,,,,,,,,,,,,,,,,
#REF!,NC_0879,,B2C,Signed,Expired,Nataliya,Avramenko,Tymur,Borovskyi,,2 Bed (1/2),,2,Worker,Worker,12/31/2025,1/2/2026,10/2/2026,3/31/2026,"€ 1,260.00",Y,,,,"1,260",Adenda Firmada,,,,273,3,yes,Mar-26,Belen Lopez,,,,Pago trimestral,0,,,0,0,,,,,,,,,,,,,,,,,,,,,,,,,,,,,,,,,,,,,,,,,,,,,,,,,,,,,,,,,,,,,,,,,,,,,,,,,,,,,,,,,,,,,,,,,,,,,,,,,,,,,,,,,,,,,,,,,,,,,,,,,,,,,,,,,
#REF!,NC_0911,,B2C,Signed,Expired,Vicente,Murcia Rocamora,,,,Studio Standard + Terrace,,1,Student,,1/12/2026,3/1/2026,,3/31/2026,€ 622.50,,,,,"1,245",,,,,30,1,yes,Mar-26,Clara Moran,,,,Pago trimestral,0,,,0,0,,,,,,,,,,,,,,,,,,,,,,,,,,,,,,,,,,,,,,,,,,,,,,,,,,,,,,,,,,,,,,,,,,,,,,,,,,,,,,,,,,,,,,,,,,,,,,,,,,,,,,,,,,,,,,,,,,,,,,,,,,,,,,,,,
#REF!,NC_0996,,B2B,Signed,Expired,CaraNorte Ingenieros SL,,,,,Studio Comfort,,1,Worker,,2/5/2026,2/9/2026,,3/31/2026,€ 635.00,,,,,"1,270",,,,,50,2,yes,Mar-26,Clara Moran,,,,,0,,,0,0,,,,,,,,,,,,,,,,,,,,,,,,,,,,,,,,,,,,,,,,,,,,,,,,,,,,,,,,,,,,,,,,,,,,,,,,,,,,,,,,,,,,,,,,,,,,,,,,,,,,,,,,,,,,,,,,,,,,,,,,,,,,,,,,,
#REF!,NC_0997,,B2B,Signed,Expired,CaraNorte Ingenieros SL,,,,,Studio Comfort,,1,Worker,,2/5/2026,2/9/2026,,3/31/2026,€ 635.00,,,,,"1,270",,,,,50,2,yes,Mar-26,Clara Moran,,,,,0,,,0,0,,,,,,,,,,,,,,,,,,,,,,,,,,,,,,,,,,,,,,,,,,,,,,,,,,,,,,,,,,,,,,,,,,,,,,,,,,,,,,,,,,,,,,,,,,,,,,,,,,,,,,,,,,,,,,,,,,,,,,,,,,,,,,,,,
#REF!,NC_0998,,B2B,Signed,Expired,CaraNorte Ingenieros SL,,,,,Studio Comfort,,1,Worker,,2/5/2026,2/9/2026,,3/31/2026,€ 635.00,,,,,"1,270",,,,,50,2,yes,Mar-26,Clara Moran,,,,,0,,,0,0,,,,,,,,,,,,,,,,,,,,,,,,,,,,,,,,,,,,,,,,,,,,,,,,,,,,,,,,,,,,,,,,,,,,,,,,,,,,,,,,,,,,,,,,,,,,,,,,,,,,,,,,,,,,,,,,,,,,,,,,,,,,,,,,,
#REF!,NC_1044,,B2C,Signed,Expired,Natalia,Dieguez Bayon,,,,Studio Comfort,,1,Worker,,2/19/2026,2/28/2026,,3/31/2026,€ 635.00,,Renovation,NC_1174,,"1,270",,,,,31,1,yes,Mar-26,Clara Moran,,,,Renovación,0,,,0,0,,,,,,,,,,,,,,,,,,,,,,,,,,,,,,,,,,,,,,,,,,,,,,,,,,,,,,,,,,,,,,,,,,,,,,,,,,,,,,,,,,,,,,,,,,,,,,,,,,,,,,,,,,,,,,,,,,,,,,,,,,,,,,,,,
#REF!,NC_1050,,B2B,Signed,Expired,CaraNorte Ingenieros SL,,,,,Studio Comfort,,1,Worker,,2/19/2026,2/25/2026,,3/31/2026,€ 635.00,,,,,"1,270",,,,,34,1,yes,Mar-26,Clara Moran,,,,,0,,,0,0,,,,,,,,,,,,,,,,,,,,,,,,,,,,,,,,,,,,,,,,,,,,,,,,,,,,,,,,,,,,,,,,,,,,,,,,,,,,,,,,,,,,,,,,,,,,,,,,,,,,,,,,,,,,,,,,,,,,,,,,,,,,,,,,,
#REF!,NC_1051,,B2B,Signed,Expired,CaraNorte Ingenieros SL,,,,,Studio Comfort,,1,Worker,,2/19/2026,2/25/2026,,3/31/2026,€ 635.00,,,,,"1,270",,,,,34,1,yes,Mar-26,Clara Moran,,,,,0,,,0,0,,,,,,,,,,,,,,,,,,,,,,,,,,,,,,,,,,,,,,,,,,,,,,,,,,,,,,,,,,,,,,,,,,,,,,,,,,,,,,,,,,,,,,,,,,,,,,,,,,,,,,,,,,,,,,,,,,,,,,,,,,,,,,,,,
#REF!,NC_1052,,B2B,Signed,Expired,CaraNorte Ingenieros SL,,,,,Studio Comfort,,1,Worker,,2/19/2026,2/25/2026,,3/31/2026,€ 635.00,,,,,"1,270",,,,,34,1,yes,Mar-26,Clara Moran,,,,,0,,,0,0,,,,,,,,,,,,,,,,,,,,,,,,,,,,,,,,,,,,,,,,,,,,,,,,,,,,,,,,,,,,,,,,,,,,,,,,,,,,,,,,,,,,,,,,,,,,,,,,,,,,,,,,,,,,,,,,,,,,,,,,,,,,,,,,,
#REF!,NC_0370,,B2C,Signed,Expired,Xandra,Bermejo Carril,Alejandro,Morales Mengual,,Studio Rooftop,,2,Worker,Worker,,8/13/2025,8/11/2026,4/1/2026,"€ 1,070.00",,,,,"1,070",Adenda Firmada,,,1-Dec,363,8,yes,Apr-26,Belen Lopez,,,,,0,1070,,"396,815,920.00","49,601,990.00",,,,,,,,,,,,,,,,,,,,,,,,,,,,,,,,,,,,,,,,,,,,,,,,,,,,,,,,,,,,,,,,,,,,,,,,,,,,,,,,,,,,,,,,,,,,,,,,,,,,,,,,,,,,,,,,,,,,,,,,,,,,,,,,,
#REF!,NC_0568,,B2C,Signed,Expired,Arianna,Arru,,,Alberto Antonio Mario Arru,Studio Standard,,1,Student,,9/29/2025,10/1/2025,,4/1/2026,€ 955.00,,,,,955,,,,,182,6,yes,Apr-26,Belen Lopez,,,,,0,,,0,0,,,,,,,,,,,,,,,,,,,,,,,,,,,,,,,,,,,,,,,,,,,,,,,,,,,,,,,,,,,,,,,,,,,,,,,,,,,,,,,,,,,,,,,,,,,,,,,,,,,,,,,,,,,,,,,,,,,,,,,,,,,,,,,,,
#REF!,NC_1088,,B2C,Signed,Expired,Dimas Bolivar,Tualombo Fernandez,Jonathan Salva,Paillacho Corredores,,Studio Comfort,,2,Worker,Worker,2/27/2026,3/1/2026,,4/1/2026,€ 635.00,Y,,,,"1,370",,,,,31,1,yes,Apr-26,Clara Moran,,Pago por adelantado,,Paga renta en recepción,0,,,0,0,,,,,,,,,,,,,,,,,,,,,,,,,,,,,,,,,,,,,,,,,,,,,,,,,,,,,,,,,,,,,,,,,,,,,,,,,,,,,,,,,,,,,,,,,,,,,,,,,,,,,,,,,,,,,,,,,,,,,,,,,,,,,,,,,
#REF!,NC_0014,,B2C,Signed,Expired,Ricardo,Ruedas,,,,Studio Standard,,1,Student,,,5/2/2025,,4/2/2026,€ 765.00,,,,,765,,,,1-Nov,335,11,yes,Apr-26,Jaime Orna,,,,Paga 6 + 5,0,765,,"389,841,705.00","35,440,155.00",,,,,,,,,,,,,,,,,,,,,,,,,,,,,,,,,,,,,,,,,,,,,,,,,,,,,,,,,,,,,,,,,,,,,,,,,,,,,,,,,,,,,,,,,,,,,,,,,,,,,,,,,,,,,,,,,,,,,,,,,,,,,,,,,
#REF!,NC_1041,,B2C,Signed,Expired,Deborah Patricia,Sanchez Torres,,,,Studio Rooftop,,1,Student,,2/19/2026,3/2/2026,,4/2/2026,€ 985.00,,Renovation,NC_1180,,"1,350",,,ssssss,,31,1,yes,Apr-26,Clara Moran,,,,Renovación/ pàga ampliación en Recepción,0,,,0,0,,,,,,,,,,,,,,,,,,,,,,,,,,,,,,,,,,,,,,,,,,,,,,,,,,,,,,,,,,,,,,,,,,,,,,,,,,,,,,,,,,,,,,,,,,,,,,,,,,,,,,,,,,,,,,,,,,,,,,,,,,,,,,,,,
#REF!,NC_1067,,B2C,Signed,Expired,Ziadoon Naseer Mrebee,Al-Fadhli,,,,Studio Comfort,,1,Worker,,2/24/2026,3/3/2026,,4/2/2026,€ 615.00,,Renovation,NC_1197,,"1,270",,,,,30,1,yes,Apr-26,Belen Lopez,,,,Renovacion,0,,,0,0,,,,,,,,,,,,,,,,,,,,,,,,,,,,,,,,,,,,,,,,,,,,,,,,,,,,,,,,,,,,,,,,,,,,,,,,,,,,,,,,,,,,,,,,,,,,,,,,,,,,,,,,,,,,,,,,,,,,,,,,,,,,,,,,,
#REF!,NC_1083,,B2B,Signed,Expired,CaraNorte Ingenieros SL,,,,,Studio Comfort,,1,Worker,,2/27/2026,3/2/2026,,4/2/2026,€ 635.00,,,,,"1,270",,,,,31,1,yes,Apr-26,Clara Moran,,,,,0,,,0,0,,,,,,,,,,,,,,,,,,,,,,,,,,,,,,,,,,,,,,,,,,,,,,,,,,,,,,,,,,,,,,,,,,,,,,,,,,,,,,,,,,,,,,,,,,,,,,,,,,,,,,,,,,,,,,,,,,,,,,,,,,,,,,,,,
#REF!,NC_0961,,B2C,Signed,Expired,Felipe,Gallon Ocampo,,,,Studio Comfort,,1,Worker,,1/28/2026,3/3/2026,,4/3/2026,€ 622.50,,Renovation,NC_1186,,"1,270",,,,,31,1,yes,Apr-26,Clara Moran,,,,Renovación,0,,,0,0,,,,,,,,,,,,,,,,,,,,,,,,,,,,,,,,,,,,,,,,,,,,,,,,,,,,,,,,,,,,,,,,,,,,,,,,,,,,,,,,,,,,,,,,,,,,,,,,,,,,,,,,,,,,,,,,,,,,,,,,,,,,,,,,,
#REF!,NC_0993,,B2B,Signed,Expired,Nova Urbella S.L,,,,,2 Bed (1/2),,2,Worker,Worker,2/23/2026,3/2/2026,,4/4/2026,€ 753.00,,Renovation,NC_1109,,"1,555",,,,,33,1,yes,Apr-26,Clara Moran,,,,Renovación,0,,,0,0,,,,,,,,,,,,,,,,,,,,,,,,,,,,,,,,,,,,,,,,,,,,,,,,,,,,,,,,,,,,,,,,,,,,,,,,,,,,,,,,,,,,,,,,,,,,,,,,,,,,,,,,,,,,,,,,,,,,,,,,,,,,,,,,,
#REF!,NC_1092,,B2C,Signed,Expired,Luke,Doughty,,,,Studio Comfort,,1,Worker,,2/28/2026,3/5/2026,,4/4/2026,€ 635.00,,,,,"1,270",,,,,30,1,yes,Apr-26,Jaime Orna,,,,Direct Booking,,,,,,,,,,,,,,,,,,,,,,,,,,,,,,,,,,,,,,,,,,,,,,,,,,,,,,,,,,,,,,,,,,,,,,,,,,,,,,,,,,,,,,,,,,,,,,,,,,,,,,,,,,,,,,,,,,,,,,,,,,,,,,,,,,,,,,
#REF!,NC_0504,,B2C,Signed,Expired,Giuliana Nicole,Pinzon Pesantez,Vany Romina,Sanchez Briones,,2 Bed (1/2),,2,Worker,Worker,9/11/2025,10/5/2025,,4/5/2026,"€ 1,430.00",,Renovation,NC_1231,,"1,430",,,,,182,6,yes,Apr-26,Belen Lopez,,,,pago por trimestres,0,,,0,0,,,,,,,,,,,,,,,,,,,,,,,,,,,,,,,,,,,,,,,,,,,,,,,,,,,,,,,,,,,,,,,,,,,,,,,,,,,,,,,,,,,,,,,,,,,,,,,,,,,,,,,,,,,,,,,,,,,,,,,,,,,,,,,,,
#REF!,NC_0873,,B2C,Signed,Expired,Joaquin,Lopez Visiedo,,,,Studio Comfort,,1,Worker,,12/31/2025,2/6/2026,,4/6/2026,"€ 1,020.00",,,,,"1,245",,,,,59,2,yes,Apr-26,Clara Moran,,,,Renovacion,0,,,0,0,,,,,,,,,,,,,,,,,,,,,,,,,,,,,,,,,,,,,,,,,,,,,,,,,,,,,,,,,,,,,,,,,,,,,,,,,,,,,,,,,,,,,,,,,,,,,,,,,,,,,,,,,,,,,,,,,,,,,,,,,,,,,,,,,
#REF!,NC_1114,,B2B,Signed,Expired,AGENCIA DE VIVIENDA SOCIAL DE LA COMUNIDAD DE MADRID,,,,,Studio Comfort,,2,Worker,Student,3/5/2026,3/6/2026,,4/6/2026,€ 685.00,,Renovation,NC_1238,Renovation,"1,370",,,,,31,1,yes,Apr-26,Belen Lopez,,,,Renovacion,0,,,0,0,,,,,,,,,,,,,,,,,,,,,,,,,,,,,,,,,,,,,,,,,,,,,,,,,,,,,,,,,,,,,,,,,,,,,,,,,,,,,,,,,,,,,,,,,,,,,,,,,,,,,,,,,,,,,,,,,,,,,,,,,,,,,,,,,
#REF!,NC_1115,,B2B,Signed,Expired,AGENCIA DE VIVIENDA SOCIAL DE LA COMUNIDAD DE MADRID,,,,,Studio Comfort,,2,Worker,Student,3/5/2026,3/6/2026,,4/6/2026,€ 685.00,,Renovation,NC_1239,Renovation,"1,370",,,,,31,1,yes,Apr-26,Belen Lopez,,,,Renovacion,0,,,0,0,,,,,,,,,,,,,,,,,,,,,,,,,,,,,,,,,,,,,,,,,,,,,,,,,,,,,,,,,,,,,,,,,,,,,,,,,,,,,,,,,,,,,,,,,,,,,,,,,,,,,,,,,,,,,,,,,,,,,,,,,,,,,,,,,
#REF!,NC_0883,,B2B,Signed,Expired,Windsor Real Estate LLC,,,,,2 Bed (1/2),,2,Worker,Worker,1/5/2026,1/6/2026,,4/7/2026,"€ 1,520.00",,,,,"1,540",,,,,91,3,yes,Apr-26,Clara Moran,,,,Pagan estancia por adelantado,0,,,0,0,,,,,,,,,,,,,,,,,,,,,,,,,,,,,,,,,,,,,,,,,,,,,,,,,,,,,,,,,,,,,,,,,,,,,,,,,,,,,,,,,,,,,,,,,,,,,,,,,,,,,,,,,,,,,,,,,,,,,,,,,,,,,,,,,
#REF!,NC_0877,,B2C,Signed,Expired,Jose Antonio,Cañizares Arcos,,,,Studio Comfort,,1,Worker,,12/30/2025,1/7/2026,,4/8/2026,€ 995.00,,,,,"1,030",,,,,91,3,yes,Apr-26,Clara Moran,,,,"Renovación, depósito reserva anterior. Paga estancia completa por adelantado",0,,,0,0,,,,,,,,,,,,,,,,,,,,,,,,,,,,,,,,,,,,,,,,,,,,,,,,,,,,,,,,,,,,,,,,,,,,,,,,,,,,,,,,,,,,,,,,,,,,,,,,,,,,,,,,,,,,,,,,,,,,,,,,,,,,,,,,,
#REF!,NC_0870,,B2C,Signed,Expired,Rebeca,Pascual Encinas,,,,Studio Comfort,,1,Worker,,12/30/2025,1/9/2026,,4/10/2026,€ 615.00,,Renovation,NC_1163,,"1,030",,,,0.05,91,3,yes,Apr-26,Clara Moran,,Promo Renovacion 5% Descuento,,Renovación,0,"1,030 €",,154.5,51.5,,,,,,,,,,,,,,,,,,,,,,,,,,,,,,,,,,,,,,,,,,,,,,,,,,,,,,,,,,,,,,,,,,,,,,,,,,,,,,,,,,,,,,,,,,,,,,,,,,,,,,,,,,,,,,,,,,,,,,,,,,,,,,,,,
#REF!,NC_0268,,B2C,Signed,Expired,Maria Fernanda,Iñigo Herrera,Alan Isaac,Romero Navarro Vieyra,,Studio Rooftop,,2,Worker,Worker,,7/11/2025,,4/11/2026,"€ 1,020.00",,Renovation,NC_1054,,"1,020",,,,,274,9,yes,Apr-26,Clara Moran,Pago trimestral,,,,0,,,0,0,,,,,,,,,,,,,,,,,,,,,,,,,,,,,,,,,,,,,,,,,,,,,,,,,,,,,,,,,,,,,,,,,,,,,,,,,,,,,,,,,,,,,,,,,,,,,,,,,,,,,,,,,,,,,,,,,,,,,,,,,,,,,,,,,
#REF!,NC_1014,,B2B,Signed,Expired,Integra Ascensores SL,,,,,Studio Comfort,,1,Worker,,2/11/2026,2/16/2026,,4/11/2026,€ 635.00,,,,,"1,270",,,,,54,2,yes,Apr-26,Jaime Orna,,,,,0,,,0,0,,,,,,,,,,,,,,,,,,,,,,,,,,,,,,,,,,,,,,,,,,,,,,,,,,,,,,,,,,,,,,,,,,,,,,,,,,,,,,,,,,,,,,,,,,,,,,,,,,,,,,,,,,,,,,,,,,,,,,,,,,,,,,,,,
#REF!,NC_1015,,B2B,Signed,Expired,Integra Ascensores SL,,,,,Studio Comfort,,1,Worker,,2/11/2026,2/16/2026,,4/11/2026,€ 635.00,,,,,"1,270",,,,,54,2,yes,Apr-26,Jaime Orna,,,,,0,,,0,0,,,,,,,,,,,,,,,,,,,,,,,,,,,,,,,,,,,,,,,,,,,,,,,,,,,,,,,,,,,,,,,,,,,,,,,,,,,,,,,,,,,,,,,,,,,,,,,,,,,,,,,,,,,,,,,,,,,,,,,,,,,,,,,,,
#REF!,NC_1016,,B2B,Signed,Expired,Integra Ascensores SL,,,,,Studio Comfort,,1,Worker,,2/11/2026,2/16/2026,,4/11/2026,€ 635.00,,,,,"1,270",,,,,54,2,yes,Apr-26,Jaime Orna,,,,,0,,,0,0,,,,,,,,,,,,,,,,,,,,,,,,,,,,,,,,,,,,,,,,,,,,,,,,,,,,,,,,,,,,,,,,,,,,,,,,,,,,,,,,,,,,,,,,,,,,,,,,,,,,,,,,,,,,,,,,,,,,,,,,,,,,,,,,,
#REF!,NC_1017,,B2B,Signed,Expired,Integra Ascensores SL,,,,,Studio Comfort,,1,Worker,,2/11/2026,2/16/2026,,4/11/2026,€ 635.00,,,,,"1,270",,,,,54,2,yes,Apr-26,Jaime Orna,,,,,0,,,0,0,,,,,,,,,,,,,,,,,,,,,,,,,,,,,,,,,,,,,,,,,,,,,,,,,,,,,,,,,,,,,,,,,,,,,,,,,,,,,,,,,,,,,,,,,,,,,,,,,,,,,,,,,,,,,,,,,,,,,,,,,,,,,,,,,
#REF!,NC_1018,,B2B,Signed,Expired,Integra Ascensores SL,,,,,Studio Comfort,,1,Worker,,2/11/2026,2/16/2026,,4/11/2026,€ 635.00,,,,,"1,270",,,,,54,2,yes,Apr-26,Jaime Orna,,,,,0,,,0,0,,,,,,,,,,,,,,,,,,,,,,,,,,,,,,,,,,,,,,,,,,,,,,,,,,,,,,,,,,,,,,,,,,,,,,,,,,,,,,,,,,,,,,,,,,,,,,,,,,,,,,,,,,,,,,,,,,,,,,,,,,,,,,,,,
#REF!,NC_1019,,B2B,Signed,Expired,Integra Ascensores SL,,,,,Studio Comfort,,1,Worker,,2/11/2026,2/16/2026,,4/11/2026,€ 635.00,,,,,"1,270",,,,,54,2,yes,Apr-26,Jaime Orna,,,,,0,,,0,0,,,,,,,,,,,,,,,,,,,,,,,,,,,,,,,,,,,,,,,,,,,,,,,,,,,,,,,,,,,,,,,,,,,,,,,,,,,,,,,,,,,,,,,,,,,,,,,,,,,,,,,,,,,,,,,,,,,,,,,,,,,,,,,,,
#REF!,NC_1020,,B2B,Signed,Expired,Integra Ascensores SL,,,,,Studio Comfort,,1,Worker,,2/11/2026,2/16/2026,,4/11/2026,€ 635.00,,,,,"1,270",,,,,54,2,yes,Apr-26,Jaime Orna,,,,,0,,,0,0,,,,,,,,,,,,,,,,,,,,,,,,,,,,,,,,,,,,,,,,,,,,,,,,,,,,,,,,,,,,,,,,,,,,,,,,,,,,,,,,,,,,,,,,,,,,,,,,,,,,,,,,,,,,,,,,,,,,,,,,,,,,,,,,,
#REF!,NC_1125,,B2C,Signed,Expired,Jakhongir,Urokov,,,,Studio Standard + Terrace,,1,Worker,,3/9/2026,3/13/2026,,4/12/2026,"€ 1,090.00",,,,,"1,270",,,,,30,1,yes,Apr-26,Belen Lopez,,,,,,,,,,,,,,,,,,,,,,,,,,,,,,,,,,,,,,,,,,,,,,,,,,,,,,,,,,,,,,,,,,,,,,,,,,,,,,,,,,,,,,,,,,,,,,,,,,,,,,,,,,,,,,,,,,,,,,,,,,,,,,,,,,,,,,,,,,
#REF!,NC_1148,,B2B,Signed,Expired,Global Relax SL,,,,,Studio Standard + Terrace,,1,Worker,,3/12/2026,3/14/2026,,4/13/2026,€ 635.00,,Renovation,NC_1354,,"1,270",,,,,30,1,yes,Apr-26,Belen Lopez,,,,,0,,,0,0,,,,,,,,,,,,,,,,,,,,,,,,,,,,,,,,,,,,,,,,,,,,,,,,,,,,,,,,,,,,,,,,,,,,,,,,,,,,,,,,,,,,,,,,,,,,,,,,,,,,,,,,,,,,,,,,,,,,,,,,,,,,,,,,,
#REF!,NC_1108,,B2B2C,Signed,Expired,Lucas Ramalho,Maira de Souza Maciel Borges,,,,Studio Standard + Terrace,,2,Worker,Worker,3/3/2026,3/6/2026,,4/15/2026,€ 0.00,,Renovation,NC_1287,Renovation,"1,270",,,,,40,1,yes,Apr-26,Clara Moran,,,,RESERVA DE AIRBNB,0,,,0,0,,,,,,,,,,,,,,,,,,,,,,,,,,,,,,,,,,,,,,,,,,,,,,,,,,,,,,,,,,,,,,,,,,,,,,,,,,,,,,,,,,,,,,,,,,,,,,,,,,,,,,,,,,,,,,,,,,,,,,,,,,,,,,,,,
#REF!,NC_1152,,B2B,Signed,Expired,CaraNorte Ingenieros SL,,,,,Studio Comfort,,1,Worker,,3/16/2026,3/16/2026,,4/15/2026,€ 635.00,,,,,"1,270",,,,,30,1,yes,Apr-26,Clara Moran,,,,2 limpiezas extra,0,,,0,0,,,,,,,,,,,,,,,,,,,,,,,,,,,,,,,,,,,,,,,,,,,,,,,,,,,,,,,,,,,,,,,,,,,,,,,,,,,,,,,,,,,,,,,,,,,,,,,,,,,,,,,,,,,,,,,,,,,,,,,,,,,,,,,,,
#REF!,NC_1153,,B2B,Signed,Expired,CaraNorte Ingenieros SL,,,,,Studio Comfort,,1,Worker,,3/16/2026,3/16/2026,,4/15/2026,€ 635.00,,,,,"1,270",,,,,30,1,yes,Apr-26,Clara Moran,,,,2 limpiezas extra,0,,,0,0,,,,,,,,,,,,,,,,,,,,,,,,,,,,,,,,,,,,,,,,,,,,,,,,,,,,,,,,,,,,,,,,,,,,,,,,,,,,,,,,,,,,,,,,,,,,,,,,,,,,,,,,,,,,,,,,,,,,,,,,,,,,,,,,,
#REF!,NC_0867,,B2C,Signed,Expired,Jose Luis,Peruyero Estevez,,,,Studio Comfort,,1,Worker,,1/7/2026,1/15/2026,,4/16/2026,"€ 1,030.00",,Renovation,NC_1097,,"1,030",,,,,91,3,yes,Apr-26,Clara Moran,,,,,0,,,0,0,,,,,,,,,,,,,,,,,,,,,,,,,,,,,,,,,,,,,,,,,,,,,,,,,,,,,,,,,,,,,,,,,,,,,,,,,,,,,,,,,,,,,,,,,,,,,,,,,,,,,,,,,,,,,,,,,,,,,,,,,,,,,,,,,
#REF!,NC_0909,,B2C,Signed,Expired,Gema,Caceres Molina,,,,Studio Comfort,,1,Worker,,1/12/2026,1/16/2026,,4/17/2026,"€ 1,030.00",,Renovation,NC_1132,,"1,030",,,,,91,3,yes,Apr-26,Clara Moran,,,,,0,,,0,0,,,,,,,,,,,,,,,,,,,,,,,,,,,,,,,,,,,,,,,,,,,,,,,,,,,,,,,,,,,,,,,,,,,,,,,,,,,,,,,,,,,,,,,,,,,,,,,,,,,,,,,,,,,,,,,,,,,,,,,,,,,,,,,,,
#REF!,NC_1151,,B2C,Signed,Expired,Maria Beatriz,Villalba Casola,,,,Studio Standard + Terrace,,1,Worker,,3/15/2026,3/18/2026,,4/17/2026,€ 635.00,,Renovation,NC_1196,,"1,270",,,,,30,1,yes,Apr-26,Clara Moran,,,,,,,,,,,,,,,,,,,,,,,,,,,,,,,,,,,,,,,,,,,,,,,,,,,,,,,,,,,,,,,,,,,,,,,,,,,,,,,,,,,,,,,,,,,,,,,,,,,,,,,,,,,,,,,,,,,,,,,,,,,,,,,,,,,,,,,,,,
#REF!,NC_1160,,B2C,Signed,Expired,Yamila Rosa,Bodello,,,,Studio Comfort,,1,Worker,,3/17/2026,3/19/2026,,4/18/2026,€ 635.00,,Renovation,NC_1285,,"1,370",,,,,30,1,yes,Apr-26,Clara Moran,,,,,0,,,0,0,,,,,,,,,,,,,,,,,,,,,,,,,,,,,,,,,,,,,,,,,,,,,,,,,,,,,,,,,,,,,,,,,,,,,,,,,,,,,,,,,,,,,,,,,,,,,,,,,,,,,,,,,,,,,,,,,,,,,,,,,,,,,,,,,//
#REF!,NC_0888,,B2C,Signed,Expired,Abdelhak,Messifi,,,Mohamed Messifi/Faiza Fekih,Studio Comfort,,1,Student,,1/7/2026,1/10/2026,,4/19/2026,"€ 1,030.00",,,,,"1,030",,,,,99,3,yes,Apr-26,Belen Lopez,,,,,0,,,0,0,,,,,,,,,,,,,,,,,,,,,,,,,,,,,,,,,,,,,,,,,,,,,,,,,,,,,,,,,,,,,,,,,,,,,,,,,,,,,,,,,,,,,,,,,,,,,,,,,,,,,,,,,,,,,,,,,,,,,,,,,,,,,,,,,
#REF!,NC_0026,,B2C,Signed,Expired,Gabriel,Dan,,,,Studio Rooftop,,1,Worker,,,4/22/2025,,4/20/2026,€ 910.00,,Renovation,NC_0908,,910,,,,1-Dec,363,12,yes,Apr-26,Clara Moran,,,,,0,910,,"506,218,440.00","42,184,870.00",,,,,,,,,,,,,,,,,,,,,,,,,,,,,,,,,,,,,,,,,,,,,,,,,,,,,,,,,,,,,,,,,,,,,,,,,,,,,,,,,,,,,,,,,,,,,,,,,,,,,,,,,,,,,,,,,,,,,,,,,,,,,,,,,
#REF!,NC_0039,,B2C,Signed,Expired,Jacinto Manuel,García Torres,,,,Studio Standard,,1,Worker,,,4/22/2025,,4/20/2026,€ 755.00,,Renovation,NC_1260,,755,,,,1-Dec,363,12,yes,Apr-26,Clara Moran,,,,,0,755,,"419,994,420.00","34,999,535.00",,,,,,,,,,,,,,,,,,,,,,,,,,,,,,,,,,,,,,,,,,,,,,,,,,,,,,,,,,,,,,,,,,,,,,,,,,,,,,,,,,,,,,,,,,,,,,,,,,,,,,,,,,,,,,,,,,,,,,,,,,,,,,,,,
#REF!,NC_0062,,B2C,Signed,Expired,Alba,Poza Palacios,,,,Studio Standard,,1,Worker,,,4/22/2025,,4/20/2026,€ 755.00,,Renovation,NC_1027,,755,,,,1-Dec,363,12,yes,Apr-26,Clara Moran,,,,,0,755,,"419,994,420.00","34,999,535.00",,,,,,,,,,,,,,,,,,,,,,,,,,,,,,,,,,,,,,,,,,,,,,,,,,,,,,,,,,,,,,,,,,,,,,,,,,,,,,,,,,,,,,,,,,,,,,,,,,,,,,,,,,,,,,,,,,,,,,,,,,,,,,,,,
#REF!,NC_0080,,B2C,Signed,Expired,Daniel,Casas Rivera,,,,Studio Standard,,1,Worker,,,4/22/2025,,4/20/2026,€ 755.00,R,,,,755,,,,1-Dec,363,12,yes,Apr-26,Belen Lopez,,,,,0,755,,"419,994,420.00","34,999,535.00",,,,,,,,,,,,,,,,,,,,,,,,,,,,,,,,,,,,,,,,,,,,,,,,,,,,,,,,,,,,,,,,,,,,,,,,,,,,,,,,,,,,,,,,,,,,,,,,,,,,,,,,,,,,,,,,,,,,,,,,,,,,,,,,,
#REF!,NC_0171,,B2C,Signed,Expired,Paloma,Kishimoto,Priscila,Kishimoto,,2 Bed (1/2),,2,Worker,Worker,,6/10/2025,,4/20/2026,"€ 1,215.00",,Renovation,NC_1263,,"1,215",,77,,,314,10,yes,Apr-26,Clara Moran,,,,UPSELLING de la NC_0037,768.1,,,768.1,76.81,,,,,,,,,,,,,,,,,,,,,,,,,,,,,,,,,,,,,,,,,,,,,,,,,,,,,,,,,,,,,,,,,,,,,,,,,,,,,,,,,,,,,,,,,,,,,,,,,,,,,,,,,,,,,,,,,,,,,,,,,,,,,,,,,
#REF!,NC_0871,,B2C,Signed,Expired,Achraf,Nasar Moaimouni,,,,Studio Standard + Terrace,,1,Student,,12/30/2025,1/19/2026,,4/20/2026,"€ 1,005.00",,Renovation,NC_1143,,"1,030",,,,,91,3,yes,Apr-26,Belen Lopez,,,,,0,,,0,0,,,,,,,,,,,,,,,,,,,,,,,,,,,,,,,,,,,,,,,,,,,,,,,,,,,,,,,,,,,,,,,,,,,,,,,,,,,,,,,,,,,,,,,,,,,,,,,,,,,,,,,,,,,,,,,,,,,,,,,,,,,,,,,,,
#REF!,NC_0008,,B2C,Signed,Expired,Ignacio,Moliner,,,,Studio Standard,,1,Worker,,,4/22/2025,,4/21/2026,€ 755.00,,Renovation,NC_0891,,755,,,,1-Dec,364,12,yes,Apr-26,Jaime Orna,,,,,0,755,,"419,994,420.00","34,999,535.00",,,,,,,,,,,,,,,,,,,,,,,,,,,,,,,,,,,,,,,,,,,,,,,,,,,,,,,,,,,,,,,,,,,,,,,,,,,,,,,,,,,,,,,,,,,,,,,,,,,,,,,,,,,,,,,,,,,,,,,,,,,,,,,,,
#REF!,NC_0069,,B2C,Signed,Expired,Diana-Mihaela,Man,,,,Studio Standard,,1,Worker,,,4/22/2025,,4/21/2026,€ 755.00,,Renovation,NC_1145,,755,,,,1-Dec,364,12,yes,Apr-26,Belen Lopez,,,,,0,755,,"419,994,420.00","34,999,535.00",,,,,,,,,,,,,,,,,,,,,,,,,,,,,,,,,,,,,,,,,,,,,,,,,,,,,,,,,,,,,,,,,,,,,,,,,,,,,,,,,,,,,,,,,,,,,,,,,,,,,,,,,,,,,,,,,,,,,,,,,,,,,,,,,
#REF!,NC_0173,,B2C,Signed,Expired,Patricia,Peinado Recio,Alex Sebastián,Mejía Jimenez,,Studio Comfort,,2,Worker,Worker,,7/1/2025,,4/21/2026,€ 965.00,,Renovation,NC_1025,,965,,96,,1-Dec,294,10,yes,Apr-26,Belen Lopez,,,,"UPSELLING de la NC_0055 & Promoción de mes de carencia, para ubicarlo Columna T",956.25,965,,"447,346,006.25","44,734,600.63",,,,,,,,,,,,,,,,,,,,,,,,,,,,,,,,,,,,,,,,,,,,,,,,,,,,,,,,,,,,,,,,,,,,,,,,,,,,,,,,,,,,,,,,,,,,,,,,,,,,,,,,,,,,,,,,,,,,,,,,,,,,,,,,,
#REF!,NC_0636,,B2C,Signed,Expired,Louis Victor Eloy,Duffau,,,Mathieu Jean Louis Marie Duffau,Studio Comfort,,1,Student,,10/16/2025,10/22/2025,,4/22/2026,"€ 1,020.00",,,,,"1,020",,,,,182,6,yes,Apr-26,Belen Lopez,,,,,0,,,0,0,,,,,,,,,,,,,,,,,,,,,,,,,,,,,,,,,,,,,,,,,,,,,,,,,,,,,,,,,,,,,,,,,,,,,,,,,,,,,,,,,,,,,,,,,,,,,,,,,,,,,,,,,,,,,,,,,,,,,,,,,,,,,,,,,
#REF!,NC_1122,,B2B2C,Signed,Expired,Jessica,Ribeiro Ferrera,Felipe Augusto,Scarafir,,Studio Standard + Terrace,,2,Worker,Worker,3/9/2026,3/14/2026,,4/22/2026,€ 0.00,,,,,"1,270",,,,,39,1,yes,Apr-26,Clara Moran,,,,AIRBNB,0,,,0,0,,,,,,,,,,,,,,,,,,,,,,,,,,,,,,,,,,,,,,,,,,,,,,,,,,,,,,,,,,,,,,,,,,,,,,,,,,,,,,,,,,,,,,,,,,,,,,,,,,,,,,,,,,,,,,,,,,,,,,,,,,,,,,,,,
#REF!,NC_0071,,B2C,Signed,Expired,Andres Armando,De Francisco Duarte,,,,Studio Standard + Terrace,,1,Worker,,,4/24/2025,,4/23/2026,€ 885.00,,Renovation,NC_1064,,885,,,,1-Dec,364,12,yes,Apr-26,Belen Lopez,,,,,0,885,,"492,311,340.00","41,025,945.00",,,,,,,,,,,,,,,,,,,,,,,,,,,,,,,,,,,,,,,,,,,,,,,,,,,,,,,,,,,,,,,,,,,,,,,,,,,,,,,,,,,,,,,,,,,,,,,,,,,,,,,,,,,,,,,,,,,,,,,,,,,,,,,,,
#REF!,NC_0074,,B2C,Signed,Expired,Caroline,Da Silva Pereira,Adriano Esteban,Cuevas Medina,,Studio Comfort,,2,Worker,Worker,,4/25/2025,,4/23/2026,€ 845.00,,Renovation,NC_1139,,845,,,,1-Dec,363,12,yes,Apr-26,Belen Lopez,,,,2 persona GRATIS en confort,0,845,,"470,059,980.00","39,171,665.00",,,,,,,,,,,,,,,,,,,,,,,,,,,,,,,,,,,,,,,,,,,,,,,,,,,,,,,,,,,,,,,,,,,,,,,,,,,,,,,,,,,,,,,,,,,,,,,,,,,,,,,,,,,,,,,,,,,,,,,,,,,,,,,,,
#REF!,NC_0112,,B2C,Signed,Expired,Jesus Alejandro,Zambrano Contreras,,,Daniel Alex Pridon,Studio Comfort,,1,Student,,,5/24/2025,,4/24/2026,€ 865.00,,Renovation,NC_1178,,865,,,,1-Nov,335,11,yes,Apr-26,Belen Lopez,,,,,0,865,,"440,801,405.00","40,072,855.00",,,,,,,,,,,,,,,,,,,,,,,,,,,,,,,,,,,,,,,,,,,,,,,,,,,,,,,,,,,,,,,,,,,,,,,,,,,,,,,,,,,,,,,,,,,,,,,,,,,,,,,,,,,,,,,,,,,,,,,,,,,,,,,,,
#REF!,NC_1189,,B2C,Signed,Expired,Maria Luisa,de la Fuente Gonzalez,Lidia Maria,Ceceda de la Fuente,,2 Bed (1/2),,2,Worker,Student,3/25/2026,3/24/2026,,4/24/2026,€ 745.00,R,Renovation,NC_1320,,"1,555",,,,,31,1,No,Apr-26,Clara Moran,,,,Renovacion,0,,,0,0,,,,,,,,,,,,,,,,,,,,,,,,,,,,,,,,,,,,,,,,,,,,,,,,,,,,,,,,,,,,,,,,,,,,,,,,,,,,,,,,,,,,,,,,,,,,,,,,,,,,,,,,,,,,,,,,,,,,,,,,,,,,,,,,,
#REF!,NC_0938,,B2C,Signed,Expired,Francisco Javier,Gonzalez Marquez,Montserrat,Grandio Trigo,,2 Bed (1/2),,2,Worker,Worker,1/21/2026,1/24/2026,,4/25/2026,"€ 1,440.00",,Renovation,NC_1134,,"1,440",,,,,91,3,yes,Apr-26,Belen Lopez,,,,Paga la estancia por adelantado,0,,,0,0,,,,,,,,,,,,,,,,,,,,,,,,,,,,,,,,,,,,,,,,,,,,,,,,,,,,,,,,,,,,,,,,,,,,,,,,,,,,,,,,,,,,,,,,,,,,,,,,,,,,,,,,,,,,,,,,,,,,,,,,,,,,,,,,,//
#REF!,NC_1129,,B2C,Signed,Expired,Shepherd,Chitiyo,,,,Studio Comfort,,1,Worker,,3/11/2026,3/25/2026,,4/25/2026,€ 635.00,,Renovation,NC_1324,,"1,270",,,,,31,1,yes,Apr-26,Clara Moran,,,,Renovacion,,,,,,,,,,,,,,,,,,,,,,,,,,,,,,,,,,,,,,,,,,,,,,,,,,,,,,,,,,,,,,,,,,,,,,,,,,,,,,,,,,,,,,,,,,,,,,,,,,,,,,,,,,,,,,,,,,,,,,,,,,,,,,,,,,,,,,
#REF!,NC_0051,,B2C,Signed,Expired,Gabriel,Reyes Moreta,,,,Studio Standard,,1,Worker,,,4/28/2025,,4/27/2026,€ 755.00,,Renovation,NC_1277,,755,,,,1-Dec,364,12,yes,Apr-26,Clara Moran,,,,,0,755,,"419,994,420.00","34,999,535.00",,,,,,,,,,,,,,,,,,,,,,,,,,,,,,,,,,,,,,,,,,,,,,,,,,,,,,,,,,,,,,,,,,,,,,,,,,,,,,,,,,,,,,,,,,,,,,,,,,,,,,,,,,,,,,,,,,,,,,,,,,,,,,,,,
#REF!,NC_0072,,B2C,Signed,Expired,Chiara,Lerda,,,,Studio Standard,,1,Worker,,,4/30/2025,,4/28/2026,€ 755.00,,Renovation,NC_1201,,755,,,,1-Dec,363,12,yes,Apr-26,Clara Moran,,,,,0,755,,"419,994,420.00","34,999,535.00",,,,,,,,,,,,,,,,,,,,,,,,,,,,,,,,,,,,,,,,,,,,,,,,,,,,,,,,,,,,,,,,,,,,,,,,,,,,,,,,,,,,,,,,,,,,,,,,,,,,,,,,,,,,,,,,,,,,,,,,,,,,,,,,,
#REF!,NC_0288,,B2C,Signed,Expired,Delia-Ioana,Onciu,,,,Studio Rooftop,,1,Worker,,,7/27/2025,,4/28/2026,€ 960.00,,Renovation,NC_0839,,960,,,,,275,9,yes,Apr-26,Belen Lopez,,,,,0,,,0,0,,,,,,,,,,,,,,,,,,,,,,,,,,,,,,,,,,,,,,,,,,,,,,,,,,,,,,,,,,,,,,,,,,,,,,,,,,,,,,,,,,,,,,,,,,,,,,,,,,,,,,,,,,,,,,,,,,,,,,,,,,,,,,,,,
#REF!,NC_0045,,B2C,Signed,Expired,Jesus,Gonzalez Jimenez,,,Sara Gonzalez Sánchez,Studio Standard,,1,Worker,,,4/30/2025,,4/29/2026,€ 755.00,,Renovation,NC_0880,,755,,,,1-Dec,364,12,yes,Apr-26,Clara Moran,,,,,0,755,,"419,994,420.00","34,999,535.00",,,,,,,,,,,,,,,,,,,,,,,,,,,,,,,,,,,,,,,,,,,,,,,,,,,,,,,,,,,,,,,,,,,,,,,,,,,,,,,,,,,,,,,,,,,,,,,,,,,,,,,,,,,,,,,,,,,,,,,,,,,,,,,,,
#REF!,NC_0047,,B2C,Signed,Expired,Miryam Natasha,Sevastianuk,,,,Studio Standard + Terrace,,1,Worker,,,5/1/2025,,4/29/2026,€ 895.00,,,,,895,,,,1-Dec,363,12,yes,Apr-26,Jaime Orna,,,,,0,895,,"497,874,180.00","41,489,515.00",,,,,,,,,,,,,,,,,,,,,,,,,,,,,,,,,,,,,,,,,,,,,,,,,,,,,,,,,,,,,,,,,,,,,,,,,,,,,,,,,,,,,,,,,,,,,,,,,,,,,,,,,,,,,,,,,,,,,,,,,,,,,,,,,
#REF!,NC_0075,,B2C,Signed,Expired,John Jairo,Ramirez Foronda,Yelitza,Vanegas Florez,,Studio Rooftop,,2,Worker,Worker,,4/30/2025,,4/29/2026,€ 906.00,,Renovation,NC_0919,,910,,4,,1-Dec,364,12,yes,Apr-26,Clara Moran,,,,CLIENTE DE MOMENTUM - 2 persona GRATIS & 1er mes GRATIS + 4€ regalo en renta + parking gratuito,48,910,,"506,218,488.00","42,184,874.00",,,,,,,,,,,,,,,,,,,,,,,,,,,,,,,,,,,,,,,,,,,,,,,,,,,,,,,,,,,,,,,,,,,,,,,,,,,,,,,,,,,,,,,,,,,,,,,,,,,,,,,,,,,,,,,,,,,,,,,,,,,,,,,,,
#REF!,NC_0093,,B2B,Signed,Expired,Ricardo y Borja Gomez S.L.,,,,,Studio Standard + Terrace,,1,Worker,,,5/1/2025,,4/29/2026,€ 895.00,,Renovation,NC_1262,,895,,,,1-Dec,363,12,yes,Apr-26,Clara Moran,,,,,0,895,,"497,874,180.00","41,489,515.00",,,,,,,,,,,,,,,,,,,,,,,,,,,,,,,,,,,,,,,,,,,,,,,,,,,,,,,,,,,,,,,,,,,,,,,,,,,,,,,,,,,,,,,,,,,,,,,,,,,,,,,,,,,,,,,,,,,,,,,,,,,,,,,,,
#REF!,NC_0390,,B2C,Signed,Expired,Tanmay Tejaswi,,,,,Studio Standard,,1,Student,,,10/1/2025,9/30/2026,4/30/2026,"€ 1,055.00",R,,,,775,Adenda Denegada,,,,364,7,yes,Apr-26,Clara Moran,,COMBO/ESTUDIANTE,,Paga por trimestres,0,,,0,0,,,,,,,,,,,,,,,,,,,,,,,,,,,,,,,,,,,,,,,,,,,,,,,,,,,,,,,,,,,,,,,,,,,,,,,,,,,,,,,,,,,,,,,,,,,,,,,,,,,,,,,,,,,,,,,,,,,,,,,,,,,,,,,,,
#REF!,NC_0467,,B2C,Signed,Expired,Ayoub,Chaabani El Bachiri,,,Latifa El Bachiri Aboutaleb/Hassan Chaabani Aadmi,Studio Rooftop,,1,Student,,9/3/2025,9/3/2025,9/1/2026,4/30/2026,€ 970.00,R,,,,970,Adenda Enviada,,,,363,8,yes,Apr-26,Belen Lopez,,,,,0,,,0,0,,,,,,,,,,,,,,,,,,,,,,,,,,,,,,,,,,,,,,,,,,,,,,,,,,,,,,,,,,,,,,,,,,,,,,,,,,,,,,,,,,,,,,,,,,,,,,,,,,,,,,,,,,,,,,,,,,,,,,,,,,,,,,,,,
#REF!,NC_0660,,B2C,Signed,Expired,Lucas Arian,Rosso Pfeifer,,,,Studio Standard,,1,Worker,,10/23/2025,10/28/2025,7/29/2026,4/30/2026,€ 835.00,,,,,835,Adenda Firmada,,,,274,6,yes,Apr-26,Clara Moran,,,,,0,,,0,0,,,,,,,,,,,,,,,,,,,,,,,,,,,,,,,,,,,,,,,,,,,,,,,,,,,,,,,,,,,,,,,,,,,,,,,,,,,,,,,,,,,,,,,,,,,,,,,,,,,,,,,,,,,,,,,,,,,,,,,,,,,,,,,,,
#REF!,NC_0701,,B2C,Signed,Expired,Yolanda,Villasante Undagoitia,,,,Studio Comfort,,1,Worker,,10/30/2025,1/7/2026,,4/30/2026,"€ 1,030.00",,,,,"1,030",,,,,113,4,yes,Apr-26,Clara Moran,,,,Paga la estancia por adelantado,0,,,0,0,,,,,,,,,,,,,,,,,,,,,,,,,,,,,,,,,,,,,,,,,,,,,,,,,,,,,,,,,,,,,,,,,,,,,,,,,,,,,,,,,,,,,,,,,,,,,,,,,,,,,,,,,,,,,,,,,,,,,,,,,,,,,,,,,
#REF!,NC_0818,,B2B,Signed,Expired,TANEBA GMBH,,,,,Studio Comfort,,1,Worker,,12/5/2025,1/31/2026,,4/30/2026,"€ 1,440.00",,,,,"1,030",,,,,89,3,yes,Apr-26,Belen Lopez,,,,Renovación,0,,,0,0,,,,,,,,,,,,,,,,,,,,,,,,,,,,,,,,,,,,,,,,,,,,,,,,,,,,,,,,,,,,,,,,,,,,,,,,,,,,,,,,,,,,,,,,,,,,,,,,,,,,,,,,,,,,,,,,,,,,,,,,,,,,,,,,,
#REF!,NC_0929,,B2C,Signed,Expired,Kevin Andres,Perez Correa,Pawl,Perez Sanchez,,Studio Comfort,,2,Worker,Student,1/15/2026,1/17/2026,10/18/2026,4/30/2026,€ 950.00,Y,,,,950,Adenda Firmada,,,,274,3,yes,Apr-26,Belen Lopez,,2ª Persona Gratis,,,0,,,0,0,,,,,,,,,,,,,,,,,,,,,,,,,,,,,,,,,,,,,,,,,,,,,,,,,,,,,,,,,,,,,,,,,,,,,,,,,,,,,,,,,,,,,,,,,,,,,,,,,,,,,,,,,,,,,,,,,,,,,,,,,,,,,,,,,
#REF!,NC_0941,,B2C,Signed,Expired,Angel Carlos,Villarias Road-Night,,,,Studio Comfort,,1,Worker,,1/21/2026,1/22/2026,,4/30/2026,"€ 1,090.00",,,,,"1,090",,,,,98,3,yes,Apr-26,Clara Moran,,,,,0,,,0,0,,,,,,,,,,,,,,,,,,,,,,,,,,,,,,,,,,,,,,,,,,,,,,,,,,,,,,,,,,,,,,,,,,,,,,,,,,,,,,,,,,,,,,,,,,,,,,,,,,,,,,,,,,,,,,,,,,,,,,,,,,,,,,,,,
#REF!,NC_0964,,B2B,Signed,Expired,Doppelmayr Iberica SAU,,,,,Studio Comfort,,1,Worker,,2/3/2026,2/8/2026,,4/30/2026,€ 635.00,,,,,"1,270",,,,,81,3,yes,Apr-26,Clara Moran,,,,,0,,,0,0,,,,,,,,,,,,,,,,,,,,,,,,,,,,,,,,,,,,,,,,,,,,,,,,,,,,,,,,,,,,,,,,,,,,,,,,,,,,,,,,,,,,,,,,,,,,,,,,,,,,,,,,,,,,,,,,,,,,,,,,,,,,,,,,,
#REF!,NC_1064,,B2C,Signed,Expired,Andres Armando,De Francisco Duarte,,,,Studio Standard + Terrace,,1,Worker,,2/23/2026,4/23/2026,1/24/2027,4/30/2026,€ 885.00,R,,,,955,Adenda Firmada,,,0.1,276,0,yes,Apr-26,Belen Lopez,,Promo 10% Descuento Renovación,,Renovacion,0,955,,0,95.5,,,,,,,,,,,,,,,,,,,,,,,,,,,,,,,,,,,,,,,,,,,,,,,,,,,,,,,,,,,,,,,,,,,,,,,,,,,,,,,,,,,,,,,,,,,,,,,,,,,,,,,,,,,,,,,,,,,,,,,,,,,,,,,,,
#REF!,NC_1103,,B2C,Signed,Expired,Angel,Resino Serrano,,,,2 Bed (1/2),,1,Worker,,3/4/2026,3/14/2026,,4/30/2026,€ 762.50,,Renovation,NC_1329,,"1,545",,,,,47,2,yes,Apr-26,Clara Moran,,,,Renovación,0,,,0,0,,,,,,,,,,,,,,,,,,,,,,,,,,,,,,,,,,,,,,,,,,,,,,,,,,,,,,,,,,,,,,,,,,,,,,,,,,,,,,,,,,,,,,,,,,,,,,,,,,,,,,,,,,,,,,,,,,,,,,,,,,,,,,,,,//
#REF!,NC_1104,,B2B2C,Signed,Expired,Luisa,Grohs,Valerio,Muniz Carnevalli Junior,,Studio Standard + Terrace,,2,Worker,Worker,3/3/2026,3/16/2026,,4/30/2026,€ 0.00,,,,Renovation,"1,270",,,,,45,1,yes,Apr-26,Clara Moran,,,,RESERVA DE AIRBNB,0,,,0,0,,,,,,,,,,,,,,,,,,,,,,,,,,,,,,,,,,,,,,,,,,,,,,,,,,,,,,,,,,,,,,,,,,,,,,,,,,,,,,,,,,,,,,,,,,,,,,,,,,,,,,,,,,,,,,,,,,,,,,,,,,,,,,,,,//
#REF!,NC_1174,,B2C,Signed,Expired,Natalia,Dieguez Bayon,,,,Studio Comfort,,1,Worker,,3/23/2026,3/31/2026,,4/30/2026,€ 635.00,,,,,"1,270",,,,,30,1,yes,Apr-26,Clara Moran,,,,Renovación,0,,,0,0,,,,,,,,,,,,,,,,,,,,,,,,,,,,,,,,,,,,,,,,,,,,,,,,,,,,,,,,,,,,,,,,,,,,,,,,,,,,,,,,,,,,,,,,,,,,,,,,,,,,,,,,,,,,,,,,,,,,,,,,,,,,,,,,,
#REF!,NC_1182,,B2C,Signed,Expired,Carlos Eduardo,Jaramillo Sotomayor,,,,Studio Comfort,,1,Worker,,3/19/2026,3/22/2026,6/23/2026,4/30/2026,"€ 1,090.00",R,,,,"1,090",Adenda Firmada,,,,93,1,yes,Apr-26,Clara Moran,,Parking gratis,,,0,,,0,0,,,,,,,,,,,,,,,,,,,,,,,,,,,,,,,,,,,,,,,,,,,,,,,,,,,,,,,,,,,,,,,,,,,,,,,,,,,,,,,,,,,,,,,,,,,,,,,,,,,,,,,,,,,,,,,,,,,,,,,,,,,,,,,,,
#REF!,NC_1211,,B2C,Signed,Expired,Giacomo,Martin,Pauline,Liu,,Studio Comfort,,1,Worker,Worker,3/26/2026,3/28/2026,,4/30/2026,€ 685.00,,Renovation,NC_1331,,"1,370",,,,0.05,33,1,yes,Apr-26,Clara Moran,,Promo 5% + PC,,Contrata pensión completa,,,,68.5,68.5,,,,,,,,,,,,,,,,,,,,,,,,,,,,,,,,,,,,,,,,,,,,,,,,,,,,,,,,,,,,,,,,,,,,,,,,,,,,,,,,,,,,,,,,,,,,,,,,,,,,,,,,,,,,,,,,,,,,,,,,,,,,,,,,,
#REF!,NC_1213,,B2C,Signed,Expired,Kristijan,Hasnek,,,,Studio Standard + Terrace,,1,Worker,,3/27/2026,3/31/2026,,4/30/2026,€ 635.00,,,,,"1,270",,,,,30,1,yes,Apr-26,Belen Lopez,,,,Renovacion,0,,,0,0,,,,,,,,,,,,,,,,,,,,,,,,,,,,,,,,,,,,,,,,,,,,,,,,,,,,,,,,,,,,,,,,,,,,,,,,,,,,,,,,,,,,,,,,,,,,,,,,,,,,,,,,,,,,,,,,,,,,,,,,,,,,,,,,,
#REF!,NC_0146,,B2C,Signed,Expired,Leticia,Fonseca Lobato,,,,Studio Comfort,,1,Worker,,,5/31/2025,,5/1/2026,€ 865.00,,Renovation,NC_1177,,865,,,,1-Nov,335,11,yes,May-26,Belen Lopez,,,Trimestral,,0,865,,"440,801,405.00","40,072,855.00",,,,,,,,,,,,,,,,,,,,,,,,,,,,,,,,,,,,,,,,,,,,,,,,,,,,,,,,,,,,,,,,,,,,,,,,,,,,,,,,,,,,,,,,,,,,,,,,,,,,,,,,,,,,,,,,,,,,,,,,,,,,,,,,,
#REF!,NC_0623,,B2C,Signed,Expired,Veronika,Kotetishvili,,,,Studio Standard,,1,Worker,,10/19/2025,11/1/2025,,5/1/2026,€ 955.00,,,,,955,,,,,181,6,yes,May-26,Clara Moran,,,,,0,,,0,0,,,,,,,,,,,,,,,,,,,,,,,,,,,,,,,,,,,,,,,,,,,,,,,,,,,,,,,,,,,,,,,,,,,,,,,,,,,,,,,,,,,,,,,,,,,,,,,,,,,,,,,,,,,,,,,,,,,,,,,,,,,,,,,,,
#REF!,NC_0915,,B2C,Signed,Expired,Adir,Alves Dos Santos,Kellin Maria,Da Silva Dos Santos,,Studio Standard + Terrace,,2,Worker,Worker,1/19/2026,1/31/2026,,5/1/2026,"€ 1,105.00",R,,,,"1,190",,,,,90,3,yes,May-26,Clara Moran,,,,Pago trimestral,0,,,0,0,,,,,,,,,,,,,,,,,,,,,,,,,,,,,,,,,,,,,,,,,,,,,,,,,,,,,,,,,,,,,,,,,,,,,,,,,,,,,,,,,,,,,,,,,,,,,,,,,,,,,,,,,,,,,,,,,,,,,,,,,,,,,,,,,
#REF!,NC_0962,,B2C,Signed,Expired,Meiby,Díaz Castellanos,,,,Studio Standard + Terrace,,1,Worker,,1/29/2026,1/30/2026,,5/1/2026,"€ 1,090.00",,Renovation,NC_1296,,"1,090",,,,,91,3,yes,May-26,Clara Moran,,2ª Persona Gratis,,Renovación,0,,,0,0,,,,,,,,,,,,,,,,,,,,,,,,,,,,,,,,,,,,,,,,,,,,,,,,,,,,,,,,,,,,,,,,,,,,,,,,,,,,,,,,,,,,,,,,,,,,,,,,,,,,,,,,,,,,,,,,,,,,,,,,,,,,,,,,,
#REF!,NC_1146,,B2B,Signed,Expired,MISTER PROD SL,,,,,Studio Comfort,,1,Worker,,3/14/2026,3/16/2026,,5/1/2026,€ 635.00,,,,,"1,270",,,,,46,2,yes,May-26,Jaime Orna,,,,,0,,,0,0,,,,,,,,,,,,,,,,,,,,,,,,,,,,,,,,,,,,,,,,,,,,,,,,,,,,,,,,,,,,,,,,,,,,,,,,,,,,,,,,,,,,,,,,,,,,,,,,,,,,,,,,,,,,,,,,,,,,,,,,,,,,,,,,,
#REF!,NC_1154,,B2C,Signed,Expired,Romelian,Nedelcu Minzu,,,,Studio Standard + Terrace,,1,Worker,,3/16/2026,3/18/2026,,5/1/2026,€ 635.00,,,,,"1,370",,,,,44,1,yes,May-26,Clara Moran,,,,,0,,,0,0,,,,,,,,,,,,,,,,,,,,,,,,,,,,,,,,,,,,,,,,,,,,,,,,,,,,,,,,,,,,,,,,,,,,,,,,,,,,,,,,,,,,,,,,,,,,,,,,,,,,,,,,,,,,,,,,,,,,,,,,,,,,,,,,,
#REF!,NC_1167,,B2C,Signed,Expired,Silvio,Nieri Barillari,,,,Studio Comfort,,1,Worker,,3/26/2026,3/28/2026,,5/1/2026,€ 615.00,,,,,"1,270",,,,,34,1,yes,May-26,Clara Moran,,,,Renovación,0,,,0,0,,,,,,,,,,,,,,,,,,,,,,,,,,,,,,,,,,,,,,,,,,,,,,,,,,,,,,,,,,,,,,,,,,,,,,,,,,,,,,,,,,,,,,,,,,,,,,,,,,,,,,,,,,,,,,,,,,,,,,,,,,,,,,,,,//
#REF!,NC_0705,,B2C,Signed,Expired,Alma Magdalena,Edelstein,,,Martin Nicolas Feinsilber Mendez,Studio Standard + Terrace,,1,Worker,,10/31/2025,11/2/2025,,5/2/2026,"€ 1,020.00",R,,,,"1,020",,,,,181,6,yes,May-26,Belen Lopez,,,,,0,,,0,0,,,,,,,,,,,,,,,,,,,,,,,,,,,,,,,,,,,,,,,,,,,,,,,,,,,,,,,,,,,,,,,,,,,,,,,,,,,,,,,,,,,,,,,,,,,,,,,,,,,,,,,,,,,,,,,,,,,,,,,,,,,,,,,,,
#REF!,NC_1180,,B2C,Signed,Expired,Deborah Patricia,Sanchez Torres,,,,Studio Rooftop,,1,Student,,3/23/2026,4/2/2026,,5/2/2026,€ 985.00,,Renovation,NC_1747,,"1,360",,,ssssss,,30,1,yes,May-26,Jaime Orna,,,,Renovación/ pàga ampliación en Recepción,0,,,0,0,,,,,,,,,,,,,,,,,,,,,,,,,,,,,,,,,,,,,,,,,,,,,,,,,,,,,,,,,,,,,,,,,,,,,,,,,,,,,,,,,,,,,,,,,,,,,,,,,,,,,,,,,,,,,,,,,,,,,,,,,,,,,,,,,//
#REF!,NC_0988,,B2C,Signed,Expired,Francisco,Martinez Garcia,,,,Studio Comfort,,1,Worker,,2/4/2026,3/3/2026,,5/3/2026,"€ 1,020.00",,Renovation,NC_1240,,"1,270",,,,,61,2,yes,May-26,Belen Lopez,,,,Renovacion,0,,,0,0,,,,,,,,,,,,,,,,,,,,,,,,,,,,,,,,,,,,,,,,,,,,,,,,,,,,,,,,,,,,,,,,,,,,,,,,,,,,,,,,,,,,,,,,,,,,,,,,,,,,,,,,,,,,,,,,,,,,,,,,,,,,,,,,,//
#REF!,NC_1128,,B2B,Signed,Expired,Nautalia Viajes SL,,,,,Studio Comfort,,1,Worker,,3/13/2026,4/3/2026,,5/3/2026,"€ 1,095.00",,Renovation,NC_1303,,"1,280",,,,,30,1,yes,May-26,Jaime Orna,,,,,,,,,,,,,,,,,,,,,,,,,,,,,,,,,,,,,,,,,,,,,,,,,,,,,,,,,,,,,,,,,,,,,,,,,,,,,,,,,,,,,,,,,,,,,,,,,,,,,,,,,,,,,,,,,,,,,,,,,,,,,,,,,,,,,,,,,,//
#REF!,NC_0095,,B2C,Signed,Expired,Detelina,Valerieva,,,,Studio Comfort,,1,Worker,,,5/5/2025,,5/4/2026,€ 865.00,,,,,865,,,,1-Dec,364,12,yes,May-26,Clara Moran,,,,,0,865,,"481,185,660.00","40,098,805.00",,,,,,,,,,,,,,,,,,,,,,,,,,,,,,,,,,,,,,,,,,,,,,,,,,,,,,,,,,,,,,,,,,,,,,,,,,,,,,,,,,,,,,,,,,,,,,,,,,,,,,,,,,,,,,,,,,,,,,,,,,,,,,,,,
#REF!,NC_0474,,B2C,Signed,Expired,Andres María,Nieto Quiñones,,,,Studio Standard + Terrace,,1,Worker,,9/3/2025,9/4/2025,,5/4/2026,"€ 1,005.00",,Renovation,NC_1225,,"1,005",,,,,242,8,yes,May-26,Belen Lopez,,,,,0,,,0,0,,,,,,,,,,,,,,,,,,,,,,,,,,,,,,,,,,,,,,,,,,,,,,,,,,,,,,,,,,,,,,,,,,,,,,,,,,,,,,,,,,,,,,,,,,,,,,,,,,,,,,,,,,,,,,,,,,,,,,,,,,,,,,,,,
#REF!,NC_0939,,B2C,Signed,Expired,Abdulla Abdulaziz Abdulla Ibrahim,Alabdulla,,,,Studio Comfort,,1,Worker,,1/20/2026,2/1/2026,,5/5/2026,"€ 1,090.00",,Renovation,NC_1259,,"1,090",,,,,93,3,yes,May-26,Clara Moran,,,,Paga la estancia por adelantado,0,,,0,0,,,,,,,,,,,,,,,,,,,,,,,,,,,,,,,,,,,,,,,,,,,,,,,,,,,,,,,,,,,,,,,,,,,,,,,,,,,,,,,,,,,,,,,,,,,,,,,,,,,,,,,,,,,,,,,,,,,,,,,,,,,,,,,,,
#REF!,NC_1186,,B2C,Signed,Expired,Felipe,Gallon Ocampo,,,,Studio Comfort,,1,Worker,,3/19/2026,4/5/2026,,5/5/2026,€ 622.50,,Renovation,NC_1325,,"1,280",,,,,30,1,yes,May-26,Clara Moran,,,,Renovación,0,,,0,0,,,,,,,,,,,,,,,,,,,,,,,,,,,,,,,,,,,,,,,,,,,,,,,,,,,,,,,,,,,,,,,,,,,,,,,,,,,,,,,,,,,,,,,,,,,,,,,,,,,,,,,,,,,,,,,,,,,,,,,,,,,,,,,,,
#REF!,NC_1231,,B2C,Signed,Expired,Giuliana Nicole,Pinzon Pesantez,Vany Romina,Sanchez Briones,,2 Bed (1/2),,2,Worker,Worker,4/1/2026,4/5/2026,,5/5/2026,"€ 1,430.00",,Renovation,NC_1268,,"1,565",,,,,30,1,yes,May-26,Belen Lopez,,,,Renovacion - pago por trimestres,0,,,0,0,,,,,,,,,,,,,,,,,,,,,,,,,,,,,,,,,,,,,,,,,,,,,,,,,,,,,,,,,,,,,,,,,,,,,,,,,,,,,,,,,,,,,,,,,,,,,,,,,,,,,,,,,,,,,,,,,,,,,,,,,,,,,,,,,
#REF!,NC_0100,,B2C,Signed,Expired,Jose Joaquin,Garcia Sanchez,,,,Studio Comfort,,1,Worker,,,5/7/2025,,5/6/2026,€ 865.00,,Renovation,NC_1292,,865,,,,1-Dec,364,12,yes,May-26,Clara Moran,,,,clausula cuatrecasas,0,865,,"481,185,660.00","40,098,805.00",,,,,,,,,,,,,,,,,,,,,,,,,,,,,,,,,,,,,,,,,,,,,,,,,,,,,,,,,,,,,,,,,,,,,,,,,,,,,,,,,,,,,,,,,,,,,,,,,,,,,,,,,,,,,,,,,,,,,,,,,,,,,,,,,
#REF!,NC_0158,,B2C,Signed,Expired,Nicolas,Blandon Solarte,,,Julie Viviana Solarte Soto,Studio Comfort,,1,Student,,,6/6/2025,,5/6/2026,€ 865.00,,Renovation,NC_1226,,865,,,,1-Nov,334,11,yes,May-26,Jaime Orna,,,,"Promoción Estudiante 10 + 1 , Coge Media Pensión 330€",0,865,,"440,801,405.00","40,072,855.00",,,,,,,,,,,,,,,,,,,,,,,,,,,,,,,,,,,,,,,,,,,,,,,,,,,,,,,,,,,,,,,,,,,,,,,,,,,,,,,,,,,,,,,,,,,,,,,,,,,,,,,,,,,,,,,,,,,,,,,,,,,,,,,,,
#REF!,NC_0342,,B2C,Signed,Expired,Diego Andres,Carmona Lopez,,,,Studio Standard,,1,Student,,,8/5/2025,,5/6/2026,€ 820.00,,Renovation,NC_1356,,820,,,,,274,9,yes,May-26,Clara Moran,,,,Pago trimestral,0,,,0,0,,,,,,,,,,,,,,,,,,,,,,,,,,,,,,,,,,,,,,,,,,,,,,,,,,,,,,,,,,,,,,,,,,,,,,,,,,,,,,,,,,,,,,,,,,,,,,,,,,,,,,,,,,,,,,,,,,,,,,,,,,,,,,,,,
#REF!,NC_0714,,B2C,Signed,Expired,Amir,Mouigha,,,,Studio Rooftop,,1,Worker,,11/4/2025,11/5/2025,,5/6/2026,"€ 1,100.00",,,,,"1,100",,,,,182,6,yes,May-26,Clara Moran,,,,Pagos trimestrales. Renovacion,0,,,0,0,,,,,,,,,,,,,,,,,,,,,,,,,,,,,,,,,,,,,,,,,,,,,,,,,,,,,,,,,,,,,,,,,,,,,,,,,,,,,,,,,,,,,,,,,,,,,,,,,,,,,,,,,,,,,,,,,,,,,,,,,,,,,,,,,//
#REF!,NC_1238,,B2B,Signed,Expired,AGENCIA DE VIVIENDA SOCIAL DE LA COMUNIDAD DE MADRID,,,,,Studio Comfort,,2,Worker,Student,4/6/2026,4/6/2026,,5/6/2026,€ 685.00,,Renovation,NC_1333,Renovation,"1,380",,,,,30,1,yes,May-26,Belen Lopez,,,,Renovacion,0,,,0,0,,,,,,,,,,,,,,,,,,,,,,,,,,,,,,,,,,,,,,,,,,,,,,,,,,,,,,,,,,,,,,,,,,,,,,,,,,,,,,,,,,,,,,,,,,,,,,,,,,,,,,,,,,,,,,,,,,,,,,,,,,,,,,,,,
#REF!,NC_1239,,B2B,Signed,Expired,AGENCIA DE VIVIENDA SOCIAL DE LA COMUNIDAD DE MADRID,,,,,Studio Comfort,,2,Worker,Student,4/6/2026,4/6/2026,,5/6/2026,€ 685.00,,Renovation,NC_1334,Renovation,"1,380",,,,,30,1,yes,May-26,Belen Lopez,,,,Renovacion,0,,,0,0,,,,,,,,,,,,,,,,,,,,,,,,,,,,,,,,,,,,,,,,,,,,,,,,,,,,,,,,,,,,,,,,,,,,,,,,,,,,,,,,,,,,,,,,,,,,,,,,,,,,,,,,,,,,,,,,,,,,,,,,,,,,,,,,,
#REF!,NC_0664,,B2C,Signed,Expired,Jairo Andres,Altahona Arce,Maria Alejandra,Ramirez Suarez,,2 Bed (1/2),,2,Student,Student,10/22/2025,10/26/2025,8/27/2026,5/7/2026,"€ 1,240.00",Y,,,,"1,240",Adenda Firmada,,,,305,6,yes,May-26,Clara Moran,,,,Pago trimestral,0,,,0,0,,,,,,,,,,,,,,,,,,,,,,,,,,,,,,,,,,,,,,,,,,,,,,,,,,,,,,,,,,,,,,,,,,,,,,,,,,,,,,,,,,,,,,,,,,,,,,,,,,,,,,,,,,,,,,,,,,,,,,,,,,,,,,,,,
#REF!,NC_0721,,B2C,Signed,Expired,Neha Serena,Veera,,,,Studio Standard,,1,Student,,11/5/2025,11/7/2025,,5/7/2026,€ 955.00,R,Renovation,NC_1364,,955,,,,,181,6,yes,May-26,Clara Moran,,,,Reserva de Amber Student/pagos trimestrales,0,,,0,0,,,,,,,,,,,,,,,,,,,,,,,,,,,,,,,,,,,,,,,,,,,,,,,,,,,,,,,,,,,,,,,,,,,,,,,,,,,,,,,,,,,,,,,,,,,,,,,,,,,,,,,,,,,,,,,,,,,,,,,,,,,,,,,,,
#REF!,NC_0802,,B2C,Signed,Expired,Meritxell Alexandra,Provenza Garcia,,,,Studio Comfort,,1,Worker,,12/1/2025,12/3/2025,12/1/2026,5/7/2026,€ 920.00,R,,,,920,Adenda Firmada,83,,,363,5,yes,May-26,Clara Moran,,,,,415,,,415,83,,,,,,,,,,,,,,,,,,,,,,,,,,,,,,,,,,,,,,,,,,,,,,,,,,,,,,,,,,,,,,,,,,,,,,,,,,,,,,,,,,,,,,,,,,,,,,,,,,,,,,,,,,,,,,,,,,,,,,,,,,,,,,,,,//
#REF!,NC_1215,,B2B,Signed,Expired,LOVE FOOD TRUCK SL,,,,,Studio Comfort,,1,Worker,,3/27/2026,4/7/2026,,5/7/2026,€ 640.00,,,,,"1,280",,,,,30,1,yes,May-26,Jaime Orna,,,,,,,,,,,,,,,,,,,,,,,,,,,,,,,,,,,,,,,,,,,,,,,,,,,,,,,,,,,,,,,,,,,,,,,,,,,,,,,,,,,,,,,,,,,,,,,,,,,,,,,,,,,,,,,,,,,,,,,,,,,,,,,,,,,,,,,,,,
#REF!,NC_1216,,B2B,Signed,Expired,LOVE FOOD TRUCK SL,,,,,Studio Comfort,,1,Worker,,3/27/2026,4/7/2026,,5/7/2026,€ 640.00,,,,,"1,280",,,,,30,1,yes,May-26,Jaime Orna,,,,,,,,,,,,,,,,,,,,,,,,,,,,,,,,,,,,,,,,,,,,,,,,,,,,,,,,,,,,,,,,,,,,,,,,,,,,,,,,,,,,,,,,,,,,,,,,,,,,,,,,,,,,,,,,,,,,,,,,,,,,,,,,,,,,,,,,,,
#REF!,NC_1217,,B2B,Signed,Expired,LOVE FOOD TRUCK SL,,,,,Studio Comfort,,1,Worker,,3/27/2026,4/7/2026,,5/7/2026,€ 640.00,,,,,"1,280",,,,,30,1,yes,May-26,Jaime Orna,,,,,,,,,,,,,,,,,,,,,,,,,,,,,,,,,,,,,,,,,,,,,,,,,,,,,,,,,,,,,,,,,,,,,,,,,,,,,,,,,,,,,,,,,,,,,,,,,,,,,,,,,,,,,,,,,,,,,,,,,,,,,,,,,,,,,,,,,,
#REF!,NC_1218,,B2B,Signed,Expired,LOVE FOOD TRUCK SL,,,,,Studio Comfort,,1,Worker,,3/27/2026,4/7/2026,,5/7/2026,€ 640.00,,,,,"1,280",,,,,30,1,yes,May-26,Jaime Orna,,,,,,,,,,,,,,,,,,,,,,,,,,,,,,,,,,,,,,,,,,,,,,,,,,,,,,,,,,,,,,,,,,,,,,,,,,,,,,,,,,,,,,,,,,,,,,,,,,,,,,,,,,,,,,,,,,,,,,,,,,,,,,,,,,,,,,,,,,
#REF!,NC_1219,,B2B,Signed,Expired,LOVE FOOD TRUCK SL,,,,,Studio Comfort,,1,Worker,,3/27/2026,4/7/2026,,5/7/2026,€ 640.00,,,,,"1,280",,,,,30,1,yes,May-26,Jaime Orna,,,,,,,,,,,,,,,,,,,,,,,,,,,,,,,,,,,,,,,,,,,,,,,,,,,,,,,,,,,,,,,,,,,,,,,,,,,,,,,,,,,,,,,,,,,,,,,,,,,,,,,,,,,,,,,,,,,,,,,,,,,,,,,,,,,,,,,,,,
#REF!,NC_1220,,B2B,Signed,Expired,LOVE FOOD TRUCK SL,,,,,2 Bed (1/2),,2,Worker,Worker,3/27/2026,4/7/2026,,5/7/2026,€ 782.50,,,,,"1,565",,,,,30,1,yes,May-26,Jaime Orna,,,,,,,,,,,,,,,,,,,,,,,,,,,,,,,,,,,,,,,,,,,,,,,,,,,,,,,,,,,,,,,,,,,,,,,,,,,,,,,,,,,,,,,,,,,,,,,,,,,,,,,,,,,,,,,,,,,,,,,,,,,,,,,,,,,,,,,,,,
#REF!,NC_1221,,B2B,Signed,Expired,LOVE FOOD TRUCK SL,,,,,2 Bed (1/2) + Terrace,,2,Worker,Worker,3/27/2026,4/7/2026,,5/7/2026,€ 845.00,,,,,"1,690",,,,,30,1,yes,May-26,Jaime Orna,,,,,,,,,,,,,,,,,,,,,,,,,,,,,,,,,,,,,,,,,,,,,,,,,,,,,,,,,,,,,,,,,,,,,,,,,,,,,,,,,,,,,,,,,,,,,,,,,,,,,,,,,,,,,,,,,,,,,,,,,,,,,,,,,,,,,,,,,,
#REF!,NC_0373,,B2C,Signed,Expired,Erbin,Del Risco Rodriguez,Olga,Torriente Chaple,,2 Bed (1/2),,2,Student,Student,,8/7/2025,,5/8/2026,"€ 1,215.00",,Renovation,NC_0991,,"1,215",,,,,274,9,yes,May-26,Clara Moran,,,,Pago trimestral,0,,,0,0,,,,,,,,,,,,,,,,,,,,,,,,,,,,,,,,,,,,,,,,,,,,,,,,,,,,,,,,,,,,,,,,,,,,,,,,,,,,,,,,,,,,,,,,,,,,,,,,,,,,,,,,,,,,,,,,,,,,,,,,,,,,,,,,,
#REF!,NC_0732,,B2B2C,Signed,Expired,Antonio,Serrano Daroca,,,,Studio Comfort,,1,Worker,,11/11/2025,3/9/2026,,5/8/2026,€ 622.50,,,,,"1,245",,,,,60,2,yes,May-26,Jaime Orna,,,,Direct Booking. Policia,0,,,0,0,,,,,,,,,,,,,,,,,,,,,,,,,,,,,,,,,,,,,,,,,,,,,,,,,,,,,,,,,,,,,,,,,,,,,,,,,,,,,,,,,,,,,,,,,,,,,,,,,,,,,,,,,,,,,,,,,,,,,,,,,,,,,,,,,
#REF!,NC_0735,,B2B2C,Signed,Expired,Maria Carmen,Peña Guinaliu,,,,Studio Comfort,,1,Worker,,11/12/2025,3/11/2026,,5/8/2026,€ 622.50,,,,,"1,245",,,,,58,2,yes,May-26,Clara Moran,,,,POLICIA/paga deposito,0,,,0,0,,,,,,,,,,,,,,,,,,,,,,,,,,,,,,,,,,,,,,,,,,,,,,,,,,,,,,,,,,,,,,,,,,,,,,,,,,,,,,,,,,,,,,,,,,,,,,,,,,,,,,,,,,,,,,,,,,,,,,,,,,,,,,,,,
#REF!,NC_0737,,B2B2C,Signed,Expired,Manuel,Marquez Venegas,Antonio,Luna Garcia,,2 Bed (2/2),,2,Worker,Worker,11/14/2025,3/10/2026,,5/8/2026,€ 822.50,,,,,"1,645",,,,,59,2,yes,May-26,Clara Moran,,,,POLICIA/paga deposito,0,,,0,0,,,,,,,,,,,,,,,,,,,,,,,,,,,,,,,,,,,,,,,,,,,,,,,,,,,,,,,,,,,,,,,,,,,,,,,,,,,,,,,,,,,,,,,,,,,,,,,,,,,,,,,,,,,,,,,,,,,,,,,,,,,,,,,,,
#REF!,NC_0745,,B2B2C,Signed,Expired,Pablo,Gonzalez Gomez,Ernesto Tigaday,Alvarez Hernandez,,2 Bed (2/2),,2,Worker,Worker,11/17/2025,3/10/2026,,5/8/2026,€ 822.50,,,,,"1,645",,,,,59,2,yes,May-26,Jaime Orna,,,,POLICIA/paga deposito,0,,,0,0,,,,,,,,,,,,,,,,,,,,,,,,,,,,,,,,,,,,,,,,,,,,,,,,,,,,,,,,,,,,,,,,,,,,,,,,,,,,,,,,,,,,,,,,,,,,,,,,,,,,,,,,,,,,,,,,,,,,,,,,,,,,,,,,,
#REF!,NC_0746,,B2B2C,Signed,Expired,Eulogio,Muñoz Garcia,,,,Studio Comfort,,1,Worker,,11/17/2025,3/8/2026,,5/8/2026,€ 622.50,,,,,"1,245",,,,,61,2,yes,May-26,Jaime Orna,,,,POLICIA/paga deposito,0,,,0,0,,,,,,,,,,,,,,,,,,,,,,,,,,,,,,,,,,,,,,,,,,,,,,,,,,,,,,,,,,,,,,,,,,,,,,,,,,,,,,,,,,,,,,,,,,,,,,,,,,,,,,,,,,,,,,,,,,,,,,,,,,,,,,,,,
#REF!,NC_0747,,B2B2C,Signed,Expired,Jose Luis,Dominguez Martinez,,,,Studio Comfort,,1,Worker,,11/18/2025,3/8/2026,,5/8/2026,€ 622.50,,,,,"1,245",,,,,61,2,yes,May-26,Clara Moran,,,,POLICIA/paga deposito,0,,,#VALUE!,#VALUE!,,,,,,,,,,,,,,,,,,,,,,,,,,,,,,,,,,,,,,,,,,,,,,,,,,,,,,,,,,,,,,,,,,,,,,,,,,,,,,,,,,,,,,,,,,,,,,,,,,,,,,,,,,,,,,,,,,,,,,,,,,,,,,,,,
#REF!,NC_0748,,B2B2C,Signed,Expired,Ismael,Caño Fernandez,,,,Studio Comfort,,1,Worker,,11/18/2025,3/11/2026,,5/8/2026,€ 622.50,,,,,"1,245",,,,,58,2,yes,May-26,Clara Moran,,,,POLICIA/paga deposito,0,,,#VALUE!,#VALUE!,,,,,,,,,,,,,,,,,,,,,,,,,,,,,,,,,,,,,,,,,,,,,,,,,,,,,,,,,,,,,,,,,,,,,,,,,,,,,,,,,,,,,,,,,,,,,,,,,,,,,,,,,,,,,,,,,,,,,,,,,,,,,,,,,
#REF!,NC_0749,,B2B2C,Signed,Expired,Orentino,Outumuro Fernandez,Iago,Hernandez Pereira,,2 Bed (1/2),,2,Worker,Worker,11/18/2025,3/10/2026,,5/8/2026,€ 722.50,,,,,"1,545",,,,,59,2,yes,May-26,Clara Moran,,,,POLICIA/paga deposito,0,,,#VALUE!,#VALUE!,,,,,,,,,,,,,,,,,,,,,,,,,,,,,,,,,,,,,,,,,,,,,,,,,,,,,,,,,,,,,,,,,,,,,,,,,,,,,,,,,,,,,,,,,,,,,,,,,,,,,,,,,,,,,,,,,,,,,,,,,,,,,,,,,
#REF!,NC_0750,,B2B2C,Signed,Expired,Jesus,Rodriguez Alemparte,Jorge,Arias Rodriguez,,2 Bed (1/2),,2,Worker,Worker,11/18/2025,3/10/2026,,5/8/2026,€ 772.50,,,,,"1,545",,,,,59,2,yes,May-26,Clara Moran,,,,POLICIA/paga deposito,0,,,#VALUE!,#VALUE!,,,,,,,,,,,,,,,,,,,,,,,,,,,,,,,,,,,,,,,,,,,,,,,,,,,,,,,,,,,,,,,,,,,,,,,,,,,,,,,,,,,,,,,,,,,,,,,,,,,,,,,,,,,,,,,,,,,,,,,,,,,,,,,,,
#REF!,NC_0751,,B2B2C,Signed,Expired,Santiago,Franco Rivera,Esteban,Dapena Morgade,,2 Bed (1/2) + terrace,,2,Worker,Worker,11/17/2025,3/8/2026,,5/8/2026,€ 822.50,,,,,"1,645",,,,,61,2,yes,May-26,Jaime Orna,,,,POLICIA/paga deposito,0,,,0,0,,,,,,,,,,,,,,,,,,,,,,,,,,,,,,,,,,,,,,,,,,,,,,,,,,,,,,,,,,,,,,,,,,,,,,,,,,,,,,,,,,,,,,,,,,,,,,,,,,,,,,,,,,,,,,,,,,,,,,,,,,,,,,,,,
#REF!,NC_0752,,B2B2C,Signed,Expired,Jose Luis,Rey Fernandez,,,,Studio Standard + Terrace,,1,Worker,,11/18/2025,3/10/2026,,5/8/2026,€ 622.50,,,,,"1,245",,,,,59,2,yes,May-26,Clara Moran,,,,POLICIA/paga deposito,0,,,0,0,,,,,,,,,,,,,,,,,,,,,,,,,,,,,,,,,,,,,,,,,,,,,,,,,,,,,,,,,,,,,,,,,,,,,,,,,,,,,,,,,,,,,,,,,,,,,,,,,,,,,,,,,,,,,,,,,,,,,,,,,,,,,,,,,
#REF!,NC_0753,,B2B2C,Signed,Expired,Consolacion,Leal Tejada,,,,Studio Comfort,,1,Worker,,11/18/2025,3/10/2026,,5/8/2026,€ 622.50,,,,,"1,245",,,,,59,2,yes,May-26,Belen Lopez,,,,POLICIA/paga deposito,0,,,0,0,,,,,,,,,,,,,,,,,,,,,,,,,,,,,,,,,,,,,,,,,,,,,,,,,,,,,,,,,,,,,,,,,,,,,,,,,,,,,,,,,,,,,,,,,,,,,,,,,,,,,,,,,,,,,,,,,,,,,,,,,,,,,,,,,
#REF!,NC_0754,,B2B2C,Signed,Expired,Sergio,Garcia Martinez,Susana,Vicente Arias,,2 Bed (1/2),,2,Worker,Worker,11/18/2025,3/11/2026,,5/8/2026,€ 722.50,,,,,"1,545",,,,,58,2,yes,May-26,Jaime Orna,,,,POLICIA/paga deposito,0,,,0,0,,,,,,,,,,,,,,,,,,,,,,,,,,,,,,,,,,,,,,,,,,,,,,,,,,,,,,,,,,,,,,,,,,,,,,,,,,,,,,,,,,,,,,,,,,,,,,,,,,,,,,,,,,,,,,,,,,,,,,,,,,,,,,,,,
#REF!,NC_0756,,B2B2C,Signed,Expired,Raul,Mochales Lavega,,,,Studio Comfort,,1,Worker,,11/18/2025,3/10/2026,,5/8/2026,€ 622.50,,,,,"1,245",,,,,59,2,yes,May-26,Belen Lopez,,,,POLICIA/paga deposito,0,,,0,0,,,,,,,,,,,,,,,,,,,,,,,,,,,,,,,,,,,,,,,,,,,,,,,,,,,,,,,,,,,,,,,,,,,,,,,,,,,,,,,,,,,,,,,,,,,,,,,,,,,,,,,,,,,,,,,,,,,,,,,,,,,,,,,,,
#REF!,NC_0757,,B2B2C,Signed,Expired,Alejandro,Casas Dominguez,,,,Studio Standard + Terrace,,1,Worker,,11/18/2025,3/10/2026,,5/8/2026,€ 622.50,,,,,"1,245",,,,,59,2,yes,May-26,Clara Moran,,,,POLICIA/paga deposito,0,,,0,0,,,,,,,,,,,,,,,,,,,,,,,,,,,,,,,,,,,,,,,,,,,,,,,,,,,,,,,,,,,,,,,,,,,,,,,,,,,,,,,,,,,,,,,,,,,,,,,,,,,,,,,,,,,,,,,,,,,,,,,,,,,,,,,,,
#REF!,NC_0763,,B2B2C,Signed,Expired,Juan Carlos,Gutierrez Sañudo,,,,Studio Comfort,,1,Worker,,11/20/2025,3/8/2026,,5/8/2026,€ 622.50,,,,,"1,245",,,,,61,2,yes,May-26,Clara Moran,,,,POLICIA/paga deposito,0,,,0,0,,,,,,,,,,,,,,,,,,,,,,,,,,,,,,,,,,,,,,,,,,,,,,,,,,,,,,,,,,,,,,,,,,,,,,,,,,,,,,,,,,,,,,,,,,,,,,,,,,,,,,,,,,,,,,,,,,,,,,,,,,,,,,,,,
#REF!,NC_0764,,B2B2C,Signed,Expired,Maria Elena,Bartolome Ruiz,,,,Studio Comfort,,1,Worker,,11/20/2025,3/10/2026,,5/8/2026,€ 622.50,,,,,"1,245",,,,,59,2,yes,May-26,Clara Moran,,,,POLICIA/paga deposito,0,,,0,0,,,,,,,,,,,,,,,,,,,,,,,,,,,,,,,,,,,,,,,,,,,,,,,,,,,,,,,,,,,,,,,,,,,,,,,,,,,,,,,,,,,,,,,,,,,,,,,,,,,,,,,,,,,,,,,,,,,,,,,,,,,,,,,,,
#REF!,NC_0771,,B2B2C,Signed,Expired,Jose,Martinez Ros,,,,Studio Standard + Terrace,,1,Worker,,11/24/2025,3/10/2026,,5/8/2026,€ 622.50,,,,,"1,245",,,,,59,2,yes,May-26,Clara Moran,,,,POLICIA/paga deposito,0,,,0,0,,,,,,,,,,,,,,,,,,,,,,,,,,,,,,,,,,,,,,,,,,,,,,,,,,,,,,,,,,,,,,,,,,,,,,,,,,,,,,,,,,,,,,,,,,,,,,,,,,,,,,,,,,,,,,,,,,,,,,,,,,,,,,,,,
#REF!,NC_0776,,B2B2C,Signed,Expired,Vicente Alejandro,Calvete Aznar,Hugo,Gonzalez Soto,,2 Bed (1/2),,2,Worker,Worker,11/24/2025,3/10/2026,,5/8/2026,€ 722.50,,,,,"1,545",,,,,59,2,yes,May-26,Clara Moran,,,,POLICIA/paga deposito,0,,,0,0,,,,,,,,,,,,,,,,,,,,,,,,,,,,,,,,,,,,,,,,,,,,,,,,,,,,,,,,,,,,,,,,,,,,,,,,,,,,,,,,,,,,,,,,,,,,,,,,,,,,,,,,,,,,,,,,,,,,,,,,,,,,,,,,,
#REF!,NC_0777,,B2B2C,Signed,Expired,,Mohand Ahmed,,,,Studio Comfort,,1,Worker,,11/25/2025,3/10/2026,,5/8/2026,€ 622.50,,,,,"1,245",,,,,59,2,yes,May-26,Belen Lopez,,,,POLICIA/paga deposito,0,,,0,0,,,,,,,,,,,,,,,,,,,,,,,,,,,,,,,,,,,,,,,,,,,,,,,,,,,,,,,,,,,,,,,,,,,,,,,,,,,,,,,,,,,,,,,,,,,,,,,,,,,,,,,,,,,,,,,,,,,,,,,,,,,,,,,,,
#REF!,NC_0782,,B2B2C,Signed,Expired,Fabian,Serrano Garcia,,,,Studio Comfort,,1,Worker,,11/24/2025,3/10/2026,,5/8/2026,€ 622.50,,,,,"1,245",,,,,59,2,yes,May-26,Belen Lopez,,,,POLICIA/paga deposito,0,,,0,0,,,,,,,,,,,,,,,,,,,,,,,,,,,,,,,,,,,,,,,,,,,,,,,,,,,,,,,,,,,,,,,,,,,,,,,,,,,,,,,,,,,,,,,,,,,,,,,,,,,,,,,,,,,,,,,,,,,,,,,,,,,,,,,,,
#REF!,NC_0788,,B2B2C,Signed,Expired,Sara,Aranda Echeverria,,,,Studio Comfort,,1,Worker,,11/27/2025,3/11/2026,,5/8/2026,€ 622.50,,,,,"1,245",,,,,58,2,yes,May-26,Clara Moran,,,,POLICIA/paga deposito,0,,,0,0,,,,,,,,,,,,,,,,,,,,,,,,,,,,,,,,,,,,,,,,,,,,,,,,,,,,,,,,,,,,,,,,,,,,,,,,,,,,,,,,,,,,,,,,,,,,,,,,,,,,,,,,,,,,,,,,,,,,,,,,,,,,,,,,,
#REF!,NC_0790,,B2B2C,Signed,Expired,David,Baraja Rodríguez,,,,Studio Comfort,,1,Worker,,11/26/2025,3/10/2026,,5/8/2026,€ 622.50,,,,,"1,245",,,,,59,2,yes,May-26,Clara Moran,,,,POLICIA/paga deposito,0,,,0,0,,,,,,,,,,,,,,,,,,,,,,,,,,,,,,,,,,,,,,,,,,,,,,,,,,,,,,,,,,,,,,,,,,,,,,,,,,,,,,,,,,,,,,,,,,,,,,,,,,,,,,,,,,,,,,,,,,,,,,,,,,,,,,,,,
#REF!,NC_0795,,B2B2C,Signed,Expired,Jorge,Balbuena,,,,Studio Comfort,,1,Worker,,12/2/2025,3/10/2026,,5/8/2026,€ 622.50,,,,,"1,245",,,,,59,2,yes,May-26,Clara Moran,,,,POLICIA,0,,,0,0,,,,,,,,,,,,,,,,,,,,,,,,,,,,,,,,,,,,,,,,,,,,,,,,,,,,,,,,,,,,,,,,,,,,,,,,,,,,,,,,,,,,,,,,,,,,,,,,,,,,,,,,,,,,,,,,,,,,,,,,,,,,,,,,,
#REF!,NC_0796,,B2B2C,Signed,Expired,Maria,Garza Guillen,,,,Studio Comfort,,1,Worker,,12/1/2025,3/11/2026,,5/8/2026,€ 622.50,,,,,"1,245",,,,,58,2,yes,May-26,Clara Moran,,,,POLICIA,0,,,0,0,,,,,,,,,,,,,,,,,,,,,,,,,,,,,,,,,,,,,,,,,,,,,,,,,,,,,,,,,,,,,,,,,,,,,,,,,,,,,,,,,,,,,,,,,,,,,,,,,,,,,,,,,,,,,,,,,,,,,,,,,,,,,,,,,
#REF!,NC_0800,,B2B2C,Signed,Expired,Sergio,Leon Santamaria,,,,Studio Comfort,,1,Worker,,11/28/2025,3/10/2026,,5/8/2026,€ 622.50,,,,,"1,245",,,,,59,2,yes,May-26,Belen Lopez,,,,POLICIA,0,,,0,0,,,,,,,,,,,,,,,,,,,,,,,,,,,,,,,,,,,,,,,,,,,,,,,,,,,,,,,,,,,,,,,,,,,,,,,,,,,,,,,,,,,,,,,,,,,,,,,,,,,,,,,,,,,,,,,,,,,,,,,,,,,,,,,,,
#REF!,NC_0803,,B2B2C,Signed,Expired,Raul Daniel,Batista Maceas,,,,Studio Comfort,,1,Worker,,12/1/2025,3/9/2026,,5/8/2026,€ 622.50,,,,,"1,245",,,,,60,2,yes,May-26,Belen Lopez,,,,POLICIA,0,,,0,0,,,,,,,,,,,,,,,,,,,,,,,,,,,,,,,,,,,,,,,,,,,,,,,,,,,,,,,,,,,,,,,,,,,,,,,,,,,,,,,,,,,,,,,,,,,,,,,,,,,,,,,,,,,,,,,,,,,,,,,,,,,,,,,,,//
#REF!,NC_0823,,B2B2C,Signed,Expired,Alejandro,Holguin,,,,Studio Comfort,,1,Worker,,12/9/2025,3/10/2026,,5/8/2026,€ 622.50,,,,,"1,245",,,,,59,2,yes,May-26,Clara Moran,,,,Policia,0,,,0,0,,,,,,,,,,,,,,,,,,,,,,,,,,,,,,,,,,,,,,,,,,,,,,,,,,,,,,,,,,,,,,,,,,,,,,,,,,,,,,,,,,,,,,,,,,,,,,,,,,,,,,,,,,,,,,,,,,,,,,,,,,,,,,,,,
#REF!,NC_0834,,B2B2C,Signed,Expired,Alfonso,Martinez Talavera,,,,Studio Comfort,,1,Worker,,12/15/2025,3/10/2026,,5/8/2026,€ 622.50,,,,,"1,245",,,,,59,2,yes,May-26,Clara Moran,,,,POLICIA,0,,,0,0,,,,,,,,,,,,,,,,,,,,,,,,,,,,,,,,,,,,,,,,,,,,,,,,,,,,,,,,,,,,,,,,,,,,,,,,,,,,,,,,,,,,,,,,,,,,,,,,,,,,,,,,,,,,,,,,,,,,,,,,,,,,,,,,,
#REF!,NC_0940,,B2B2C,Signed,Expired,Jesus,Leal Muñoz,,,,Studio Comfort,,1,Worker,,1/22/2026,3/10/2026,,5/8/2026,€ 622.50,,,,,"1,245",,,,,59,2,yes,May-26,Clara Moran,,,,POLICIA,0,,,0,0,,,,,,,,,,,,,,,,,,,,,,,,,,,,,,,,,,,,,,,,,,,,,,,,,,,,,,,,,,,,,,,,,,,,,,,,,,,,,,,,,,,,,,,,,,,,,,,,,,,,,,,,,,,,,,,,,,,,,,,,,,,,,,,,,
#REF!,NC_1102,,B2B2C,Signed,Expired,Eduardo,Diaz Garcia,,,,Studio Comfort,,1,Worker,,3/3/2026,3/10/2026,,5/8/2026,€ 635.00,,,,,"1,270",,,,,59,2,yes,May-26,Clara Moran,,,,POLICIA,0,,,0,0,,,,,,,,,,,,,,,,,,,,,,,,,,,,,,,,,,,,,,,,,,,,,,,,,,,,,,,,,,,,,,,,,,,,,,,,,,,,,,,,,,,,,,,,,,,,,,,,,,,,,,,,,,,,,,,,,,,,,,,,,,,,,,,,,
#REF!,NC_0755,,B2B2C,Signed,Expired,Rafael,Barrao Herrero,Victor Angel,Mesa Ledesma,,2 Bed (1/2),,2,Worker,Worker,11/18/2025,3/9/2026,,5/9/2026,€ 722.50,,,,,"1,545",,,,,61,2,yes,May-26,Jaime Orna,,,,POLICIA/paga deposito,0,,,0,0,,,,,,,,,,,,,,,,,,,,,,,,,,,,,,,,,,,,,,,,,,,,,,,,,,,,,,,,,,,,,,,,,,,,,,,,,,,,,,,,,,,,,,,,,,,,,,,,,,,,,,,,,,,,,,,,,,,,,,,,,,,,,,,,,
#REF!,NC_0779,,B2B2C,Signed,Expired,Gumersindo,Moure Gomez,,,,Studio Standard + Terrace,,1,Worker,,11/24/2025,3/9/2026,,5/9/2026,€ 622.50,,,,,"1,245",,,,,61,2,yes,May-26,Jaime Orna,,,,POLICIA/paga deposito,0,,,0,0,,,,,,,,,,,,,,,,,,,,,,,,,,,,,,,,,,,,,,,,,,,,,,,,,,,,,,,,,,,,,,,,,,,,,,,,,,,,,,,,,,,,,,,,,,,,,,,,,,,,,,,,,,,,,,,,,,,,,,,,,,,,,,,,,
#REF!,NC_0781,,B2B2C,Signed,Expired,Francisco Javier,Palma Lucas,,,,Studio Comfort,,1,Worker,,11/24/2025,3/10/2026,,5/9/2026,€ 622.50,,,,,"1,245",,,,,60,2,yes,May-26,Belen Lopez,,,,POLICIA/paga deposito,0,,,0,0,,,,,,,,,,,,,,,,,,,,,,,,,,,,,,,,,,,,,,,,,,,,,,,,,,,,,,,,,,,,,,,,,,,,,,,,,,,,,,,,,,,,,,,,,,,,,,,,,,,,,,,,,,,,,,,,,,,,,,,,,,,,,,,,,
#REF!,NC_0783,,B2B2C,Signed,Expired,Francisco Javier,Gomez Soler,,,,Studio Comfort,,1,Worker,,11/24/2025,3/10/2026,,5/9/2026,€ 622.50,,,,,"1,245",,,,,60,2,yes,May-26,Belen Lopez,,,,POLICIA/paga deposito,0,,,0,0,,,,,,,,,,,,,,,,,,,,,,,,,,,,,,,,,,,,,,,,,,,,,,,,,,,,,,,,,,,,,,,,,,,,,,,,,,,,,,,,,,,,,,,,,,,,,,,,,,,,,,,,,,,,,,,,,,,,,,,,,,,,,,,,,
#REF!,NC_0785,,B2B2C,Signed,Expired,Natalia,Leon Roux,,,,Studio Comfort,,1,Worker,,11/25/2025,3/10/2026,,5/9/2026,€ 622.50,,,,,"1,245",,,,,60,2,yes,May-26,Belen Lopez,,,,POLICIA/paga deposito,0,,,0,0,,,,,,,,,,,,,,,,,,,,,,,,,,,,,,,,,,,,,,,,,,,,,,,,,,,,,,,,,,,,,,,,,,,,,,,,,,,,,,,,,,,,,,,,,,,,,,,,,,,,,,,,,,,,,,,,,,,,,,,,,,,,,,,,,
#REF!,NC_0786,,B2B2C,Signed,Expired,Xoan Manuel,Couto Varela,,,,Studio Comfort,,1,Worker,,11/25/2025,3/10/2026,,5/9/2026,€ 622.50,,,,,"1,245",,,,,60,2,yes,May-26,Jaime Orna,,,,POLICIA/paga deposito,0,,,0,0,,,,,,,,,,,,,,,,,,,,,,,,,,,,,,,,,,,,,,,,,,,,,,,,,,,,,,,,,,,,,,,,,,,,,,,,,,,,,,,,,,,,,,,,,,,,,,,,,,,,,,,,,,,,,,,,,,,,,,,,,,,,,,,,,
#REF!,NC_0789,,B2B2C,Signed,Expired,Maria De La 0,Miguel Gomez,,,,Studio Comfort,,1,Worker,,11/26/2025,3/8/2026,,5/9/2026,€ 622.50,,,,,"1,245",,,,,62,2,yes,May-26,Jaime Orna,,,,POLICIA/paga deposito,0,,,0,0,,,,,,,,,,,,,,,,,,,,,,,,,,,,,,,,,,,,,,,,,,,,,,,,,,,,,,,,,,,,,,,,,,,,,,,,,,,,,,,,,,,,,,,,,,,,,,,,,,,,,,,,,,,,,,,,,,,,,,,,,,,,,,,,,
#REF!,NC_0947,,B2C,Signed,Expired,Alana Azhar,Bhatty,,,Javier María Carbajosa Sánchez,Studio Comfort,,1,Student,,1/27/2026,1/27/2026,,5/10/2026,"€ 1,090.00",,,,,"1,090",,,,,103,3,yes,May-26,Belen Lopez,,,,,0,,,0,0,,,,,,,,,,,,,,,,,,,,,,,,,,,,,,,,,,,,,,,,,,,,,,,,,,,,,,,,,,,,,,,,,,,,,,,,,,,,,,,,,,,,,,,,,,,,,,,,,,,,,,,,,,,,,,,,,,,,,,,,,,,,,,,,,
#REF!,NC_1195,,B2C,Signed,Expired,Willem,Bleeker,,,,Studio Standard + Terrace,,1,Worker,,3/24/2026,4/11/2026,,5/10/2026,€ 640.00,,Renovation,NC_1359,,"1,280",,,,,29,1,yes,May-26,Clara Moran,,,,,0,,,0,0,,,,,,,,,,,,,,,,,,,,,,,,,,,,,,,,,,,,,,,,,,,,,,,,,,,,,,,,,,,,,,,,,,,,,,,,,,,,,,,,,,,,,,,,,,,,,,,,,,,,,,,,,,,,,,,,,,,,,,,,,,,,,,,,,
#REF!,NC_1251,,B2C,Signed,Expired,Nour Eddine,Far,,,,Studio Comfort,,1,Worker,,4/8/2026,4/10/2026,,5/10/2026,€ 640.00,,Renovation,NC_1384,,"1,280",,,,,30,1,yes,May-26,Jaime Orna,,,,,,,,,,,,,,,,,,,,,,,,,,,,,,,,,,,,,,,,,,,,,,,,,,,,,,,,,,,,,,,,,,,,,,,,,,,,,,,,,,,,,,,,,,,,,,,,,,,,,,,,,,,,,,,,,,,,,,,,,,,,,,,,,,,,,,,,,,
#REF!,NC_0860,,B2B2C,Signed,Expired,Selma,Chukwu,Sarah,Dogan,,2 Bed (1/2),,2,Student,Student,12/26/2025,2/20/2026,,5/11/2026,€ 722.50,,,,,"1,445",,,,,80,3,yes,May-26,Belen Lopez,,,,ANOUK,0,,,0,0,,,,,,,,,,,,,,,,,,,,,,,,,,,,,,,,,,,,,,,,,,,,,,,,,,,,,,,,,,,,,,,,,,,,,,,,,,,,,,,,,,,,,,,,,,,,,,,,,,,,,,,,,,,,,,,,,,,,,,,,,,,,,,,,,
#REF!,NC_0972,,B2C,Signed,Expired,Xavier,Muriel Serrano,,,,Studio Comfort,,1,Worker,,1/29/2026,2/10/2026,,5/11/2026,"€ 1,090.00",,Renovation,NC_1265,,"1,090",,,,,90,3,yes,May-26,Clara Moran,,,,Para estancia por adelantado,0,,,0,0,,,,,,,,,,,,,,,,,,,,,,,,,,,,,,,,,,,,,,,,,,,,,,,,,,,,,,,,,,,,,,,,,,,,,,,,,,,,,,,,,,,,,,,,,,,,,,,,,,,,,,,,,,,,,,,,,,,,,,,,,,,,,,,,,
#REF!,NC_1247,,B2C,Signed,Expired,Zaida Carolina,Blanco Herrera,Nestor Arnaldo,Cisneros Aponte,,Studio Comfort,,2,Worker,Worker,4/7/2026,4/11/2026,,5/11/2026,€ 690.00,,,,,"1,380",,,,,30,1,yes,May-26,Belen Lopez,,,,,,,,,,,,,,,,,,,,,,,,,,,,,,,,,,,,,,,,,,,,,,,,,,,,,,,,,,,,,,,,,,,,,,,,,,,,,,,,,,,,,,,,,,,,,,,,,,,,,,,,,,,,,,,,,,,,,,,,,,,,,,,,,,,,,,,,,,
#REF!,NC_1261,,B2B,Signed,Expired,Protex Trading SL,,,,,Studio Comfort,,1,Worker,,4/10/2026,4/12/2026,,5/12/2026,€ 640.00,,,,,"1,280",,,,,30,1,yes,May-26,Clara Moran,,,,,0,,,0,0,,,,,,,,,,,,,,,,,,,,,,,,,,,,,,,,,,,,,,,,,,,,,,,,,,,,,,,,,,,,,,,,,,,,,,,,,,,,,,,,,,,,,,,,,,,,,,,,,,,,,,,,,,,,,,,,,,,,,,,,,,,,,,,,,
#REF!,NC_0983,,B2C,Signed,Expired,Natividad,Leon Hipolito,Rocio Macarena,Sierra Camacho,,2 Bed (1/2),,2,Worker,Worker,1/30/2026,2/13/2026,,5/14/2026,"€ 1,440.00",,,,,"1,440",,,,,90,3,yes,May-26,Clara Moran,,,,,,,,0,0,,,,,,,,,,,,,,,,,,,,,,,,,,,,,,,,,,,,,,,,,,,,,,,,,,,,,,,,,,,,,,,,,,,,,,,,,,,,,,,,,,,,,,,,,,,,,,,,,,,,,,,,,,,,,,,,,,,,,,,,,,,,,,,,,
#REF!,NC_1241,,B2C,Signed,Expired,Jorge Enrique,Jimenez Medina,,,,Studio Comfort,,1,Worker,,4/6/2026,4/8/2026,,5/14/2026,€ 640.00,,,,,"1,280",,,,,36,1,yes,May-26,Belen Lopez,,,,,0,,,0,0,,,,,,,,,,,,,,,,,,,,,,,,,,,,,,,,,,,,,,,,,,,,,,,,,,,,,,,,,,,,,,,,,,,,,,,,,,,,,,,,,,,,,,,,,,,,,,,,,,,,,,,,,,,,,,,,,,,,,,,,,,,,,,,,,
#REF!,NC_1250,,B2C,Signed,Expired,Alberto de Miguel,Alonso,,,,Studio Comfort,,1,Worker,,4/8/2026,4/9/2026,,5/15/2026,€ 640.00,,,,,"1,280",,,,,36,1,yes,May-26,Jaime Orna,,,,,,,,,,,,,,,,,,,,,,,,,,,,,,,,,,,,,,,,,,,,,,,,,,,,,,,,,,,,,,,,,,,,,,,,,,,,,,,,,,,,,,,,,,,,,,,,,,,,,,,,,,,,,,,,,,,,,,,,,,,,,,,,,,,,,,,,,,
#REF!,NC_1282,,B2C,Signed,Expired,Daniel Fernando,Beltran Rubiano,,,,Studio Comfort,,1,Worker,,4/14/2026,4/15/2026,,5/15/2026,€ 640.00,,,,,"1,280",,,,,30,1,yes,May-26,Clara Moran,,,,Paga renta en Recepción,0,,,0,0,,,,,,,,,,,,,,,,,,,,,,,,,,,,,,,,,,,,,,,,,,,,,,,,,,,,,,,,,,,,,,,,,,,,,,,,,,,,,,,,,,,,,,,,,,,,,,,,,,,,,,,,,,,,,,,,,,,,,,,,,,,,,,,,,
#REF!,NC_1287,,B2B2C,Signed,Expired,Lucas Ramalho,Maira de Souza Maciel Borges,Maira de Souza,Maciel Borges,,Studio Standard + Terrace,,2,Worker,Worker,4/16/2026,4/15/2026,,5/16/2026,€ 690.00,,,,,"1,280",,,,,31,1,No,May-26,Clara Moran,,,,,0,,,0,0,,,,,,,,,,,,,,,,,,,,,,,,,,,,,,,,,,,,,,,,,,,,,,,,,,,,,,,,,,,,,,,,,,,,,,,,,,,,,,,,,,,,,,,,,,,,,,,,,,,,,,,,,,,,,,,,,,,,,,,,,,,,,,,,,
#REF!,NC_0868,,B2C,Signed,Expired,Yannick,Himler,Jannik Manuel,Hassold,,2 Bed (1/2),,2,Worker,Worker,1/8/2026,2/16/2026,,5/17/2026,"€ 1,445.00",,,,,"1,445",,,,,90,3,yes,May-26,Clara Moran,,,,,0,,,0,0,,,,,,,,,,,,,,,,,,,,,,,,,,,,,,,,,,,,,,,,,,,,,,,,,,,,,,,,,,,,,,,,,,,,,,,,,,,,,,,,,,,,,,,,,,,,,,,,,,,,,,,,,,,,,,,,,,,,,,,,,,,,,,,,,
#REF!,NC_1196,,B2C,Signed,Expired,Maria Beatriz,Villalba Casola,,,,Studio Standard + Terrace,,1,Worker,,3/25/2026,4/17/2026,,5/17/2026,€ 635.00,,,,,"1,280",,,,,30,1,yes,May-26,Jaime Orna,,,,Renovacion,,,,,,,,,,,,,,,,,,,,,,,,,,,,,,,,,,,,,,,,,,,,,,,,,,,,,,,,,,,,,,,,,,,,,,,,,,,,,,,,,,,,,,,,,,,,,,,,,,,,,,,,,,,,,,,,,,,,,,,,,,,,,,,,,,,,,,
#REF!,NC_1286,,B2C,Signed,Expired,Abel Tomas de Jesus,Gonzalez Abreu,Yisser Telinda,Morales Bruno,,Studio Standard + Terrace,,2,Worker,Worker,4/16/2026,4/17/2026,,5/17/2026,€ 690.00,,,,,"1,380",,,,,30,1,yes,May-26,Clara Moran,,,,Pagan renta en Recepción,0,,,0,0,,,,,,,,,,,,,,,,,,,,,,,,,,,,,,,,,,,,,,,,,,,,,,,,,,,,,,,,,,,,,,,,,,,,,,,,,,,,,,,,,,,,,,,,,,,,,,,,,,,,,,,,,,,,,,,,,,,,,,,,,,,,,,,,,
#REF!,NC_0114,,B2C,Signed,Expired,Jason,Belo,,,,Studio Comfort,,1,Student,,,5/19/2025,,5/18/2026,€ 865.00,R,,,,865,,,,1-Dec,364,12,yes,May-26,Clara Moran,,,Pago 6 meses adelantado,,0,865,,"481,185,660.00","40,098,805.00",,,,,,,,,,,,,,,,,,,,,,,,,,,,,,,,,,,,,,,,,,,,,,,,,,,,,,,,,,,,,,,,,,,,,,,,,,,,,,,,,,,,,,,,,,,,,,,,,,,,,,,,,,,,,,,,,,,,,,,,,,,,,,,,,
#REF!,NC_0115,,B2B2C,Signed,Expired,Robbie,Meijer,Edson,Villanueva Gonzales,Rosario Ong,2 Bed Rooftop (2/2),,2,Student,Student,,5/19/2025,,5/18/2026,"€ 1,425.00",,Renovation,NC_1055,,"1,425",,,,1-Dec,364,12,yes,May-26,Clara Moran,,,,Quality Flyer,0,1425,,"792,704,700.00","66,058,725.00",,,,,,,,,,,,,,,,,,,,,,,,,,,,,,,,,,,,,,,,,,,,,,,,,,,,,,,,,,,,,,,,,,,,,,,,,,,,,,,,,,,,,,,,,,,,,,,,,,,,,,,,,,,,,,,,,,,,,,,,,,,,,,,,,
#REF!,NC_1283,,B2C,Signed,Expired,Valentino,Carnevale,Belen,Alvarez Menendez,,Studio Comfort,,2,Worker,Worker,4/15/2026,4/18/2026,,5/18/2026,€ 690.00,,,,,"1,380",,,,,30,1,yes,May-26,Jaime Orna,,,,Reserva Directa,0,,,0,0,,,,,,,,,,,,,,,,,,,,,,,,,,,,,,,,,,,,,,,,,,,,,,,,,,,,,,,,,,,,,,,,,,,,,,,,,,,,,,,,,,,,,,,,,,,,,,,,,,,,,,,,,,,,,,,,,,,,,,,,,,,,,,,,,
#REF!,NC_1285,,B2C,Signed,Expired,Yamila Rosa,Bodello,,,,Studio Standard + Terrace,,1,Worker,,4/27/2026,4/18/2026,,5/18/2026,€ 635.00,,Renovation,NC_1411,,"1,280",,,,,30,1,No,May-26,Belen Lopez,,,,Renovación,0,,,0,0,,,,,,,,,,,,,,,,,,,,,,,,,,,,,,,,,,,,,,,,,,,,,,,,,,,,,,,,,,,,,,,,,,,,,,,,,,,,,,,,,,,,,,,,,,,,,,,,,,,,,,,,,,,,,,,,,,,,,,,,,,,,,,,,,
#REF!,NC_1294,,B2C,Signed,Expired,Hamza,Samir,,,,Studio Comfort,,1,Worker,,4/16/2026,4/18/2026,,5/18/2026,€ 640.00,,Renovation,NC_1421,,"1,280",,,,,30,1,yes,May-26,Jaime Orna,,,,,0,,,0,0,,,,,,,,,,,,,,,,,,,,,,,,,,,,,,,,,,,,,,,,,,,,,,,,,,,,,,,,,,,,,,,,,,,,,,,,,,,,,,,,,,,,,,,,,,,,,,,,,,,,,,,,,,,,,,,,,,,,,,,,,,,,,,,,,
#REF!,NC_0102,,B2B,Signed,Expired,ESR SOLAR,,,,,2 Bed (1/2),,1,Worker,,,5/21/2025,,5/19/2026,"€ 1,215.00",R,,,,"1,215",,,,1-Dec,363,12,yes,May-26,Jaime Orna,,,,,0,1215,,"675,885,060.00","56,323,755.00",,,,,,,,,,,,,,,,,,,,,,,,,,,,,,,,,,,,,,,,,,,,,,,,,,,,,,,,,,,,,,,,,,,,,,,,,,,,,,,,,,,,,,,,,,,,,,,,,,,,,,,,,,,,,,,,,,,,,,,,,,,,,,,,,
#REF!,NC_0639,,B2B,Signed,Expired,Spanish Basketball Academy,,,,,Studio Standard + Terrace,,1,Worker,,10/16/2025,10/18/2025,,5/20/2026,"€ 1,020.00",R,,,,"1,020",,,,,214,7,yes,May-26,Belen Lopez,,,,,0,,,0,0,,,,,,,,,,,,,,,,,,,,,,,,,,,,,,,,,,,,,,,,,,,,,,,,,,,,,,,,,,,,,,,,,,,,,,,,,,,,,,,,,,,,,,,,,,,,,,,,,,,,,,,,,,,,,,,,,,,,,,,,,,,,,,,,,
#REF!,NC_0640,,B2B,Signed,Expired,Spanish Basketball Academy,,,,,Studio Standard + Terrace,,1,Worker,,10/16/2025,10/18/2025,,5/20/2026,"€ 1,020.00",,,,,"1,020",,,,,214,7,yes,May-26,Belen Lopez,,,,,0,,,0,0,,,,,,,,,,,,,,,,,,,,,,,,,,,,,,,,,,,,,,,,,,,,,,,,,,,,,,,,,,,,,,,,,,,,,,,,,,,,,,,,,,,,,,,,,,,,,,,,,,,,,,,,,,,,,,,,,,,,,,,,,,,,,,,,,
#REF!,NC_0641,,B2B,Signed,Expired,Spanish Basketball Academy,,,,,Studio Standard + Terrace,,1,Worker,,10/16/2025,10/18/2025,,5/20/2026,"€ 1,020.00",,,,,"1,020",,,,,214,7,yes,May-26,Belen Lopez,,,,,0,,,0,0,,,,,,,,,,,,,,,,,,,,,,,,,,,,,,,,,,,,,,,,,,,,,,,,,,,,,,,,,,,,,,,,,,,,,,,,,,,,,,,,,,,,,,,,,,,,,,,,,,,,,,,,,,,,,,,,,,,,,,,,,,,,,,,,,
#REF!,NC_0668,,B2B,Signed,Expired,Spanish Basketball Academy,,,,,2 Bed (1/2),,2,Worker,Worker,10/28/2025,11/1/2025,,5/20/2026,"€ 1,430.00",,,,,"1,430",,,,,200,7,yes,May-26,Belen Lopez,,,,,0,,,0,0,,,,,,,,,,,,,,,,,,,,,,,,,,,,,,,,,,,,,,,,,,,,,,,,,,,,,,,,,,,,,,,,,,,,,,,,,,,,,,,,,,,,,,,,,,,,,,,,,,,,,,,,,,,,,,,,,,,,,,,,,,,,,,,,,
#REF!,NC_0689,,B2B,Signed,Expired,Spanish Basketball Academy,,,,,2 Bed (1/2),,2,Worker,Worker,10/28/2025,11/1/2025,,5/20/2026,"€ 1,430.00",,,,,"1,430",,,,,200,7,yes,May-26,Belen Lopez,,,,,0,,,0,0,,,,,,,,,,,,,,,,,,,,,,,,,,,,,,,,,,,,,,,,,,,,,,,,,,,,,,,,,,,,,,,,,,,,,,,,,,,,,,,,,,,,,,,,,,,,,,,,,,,,,,,,,,,,,,,,,,,,,,,,,,,,,,,,,
#REF!,NC_0717,,B2B,Signed,Expired,Spanish Basketball Academy,,,,,Studio Standard + Terrace,,1,Worker,,11/3/2025,11/5/2025,,5/20/2026,"€ 1,020.00",,,,,"1,020",,,,,196,6,yes,May-26,Belen Lopez,,,,,0,,,0,0,,,,,,,,,,,,,,,,,,,,,,,,,,,,,,,,,,,,,,,,,,,,,,,,,,,,,,,,,,,,,,,,,,,,,,,,,,,,,,,,,,,,,,,,,,,,,,,,,,,,,,,,,,,,,,,,,,,,,,,,,,,,,,,,,//
#REF!,NC_0286,,B2C,Signed,Expired,Emma Mae,Madley,,,,Studio Standard,,1,Student,,,8/20/2025,,5/21/2026,€ 820.00,,Renovation,NC_1278,,820,,,,,274,9,yes,May-26,Belen Lopez,Pago Trimestral,,,Pago trimestral,0,,,0,0,,,,,,,,,,,,,,,,,,,,,,,,,,,,,,,,,,,,,,,,,,,,,,,,,,,,,,,,,,,,,,,,,,,,,,,,,,,,,,,,,,,,,,,,,,,,,,,,,,,,,,,,,,,,,,,,,,,,,,,,,,,,,,,,,
#REF!,NC_0298,,B2B,Signed,Expired,Vilor Infraestructuras SL,,,,,2 Bed (1/2),,2,,,,7/22/2025,,5/22/2026,"€ 1,215.00",,Renovation,NC_1330,,"1,215",,,,,304,10,yes,May-26,Clara Moran,,,,Semi directa,0,,,0,0,,,,,,,,,,,,,,,,,,,,,,,,,,,,,,,,,,,,,,,,,,,,,,,,,,,,,,,,,,,,,,,,,,,,,,,,,,,,,,,,,,,,,,,,,,,,,,,,,,,,,,,,,,,,,,,,,,,,,,,,,,,,,,,,,
#REF!,NC_0690,,B2B,Signed,Expired,Arianna,Pividori,,,,Studio Standard + Terrace,,1,Worker,,10/28/2025,2/28/2026,,5/23/2026,€ 622.50,,,,,"1,245",,,,,84,3,yes,May-26,Clara Moran,,,,Semi-Direct Booking,0,,,0,0,,,,,,,,,,,,,,,,,,,,,,,,,,,,,,,,,,,,,,,,,,,,,,,,,,,,,,,,,,,,,,,,,,,,,,,,,,,,,,,,,,,,,,,,,,,,,,,,,,,,,,,,,,,,,,,,,,,,,,,,,,,,,,,,,
#REF!,NC_1264,,B2C,Signed,Expired,Adrian,Villar Martínez,,,,Studio Comfort,,1,Worker,,4/10/2026,4/23/2026,,5/23/2026,€ 690.00,,,,,"1,442",,,,,30,1,yes,May-26,Clara Moran,,,,Reserva de Homyspace,0,,,0,0,,,,,,,,,,,,,,,,,,,,,,,,,,,,,,,,,,,,,,,,,,,,,,,,,,,,,,,,,,,,,,,,,,,,,,,,,,,,,,,,,,,,,,,,,,,,,,,,,,,,,,,,,,,,,,,,,,,,,,,,,,,,,,,,,
#REF!,NC_1320,,B2C,Signed,Expired,Maria Luisa,de la Fuente Gonzalez,Lidia Maria,Ceceda de la Fuente,,2 Bed (1/2),,2,Worker,Student,4/29/2026,4/24/2026,,5/24/2026,€ 745.00,,,,,"1,565",,,,,30,1,No,May-26,Clara Moran,,,,Renovacion,0,,,0,0,,,,,,,,,,,,,,,,,,,,,,,,,,,,,,,,,,,,,,,,,,,,,,,,,,,,,,,,,,,,,,,,,,,,,,,,,,,,,,,,,,,,,,,,,,,,,,,,,,,,,,,,,,,,,,,,,,,,,,,,,,,,,,,,,
#REF!,NC_0758,,B2C,Signed,Expired,Isa Haji,Alabdulrahman,,,,Studio Standard + Terrace,,1,Student,,11/19/2025,12/25/2025,,5/25/2026,"€ 1,005.00",,,,,"1,020",,,,,151,5,yes,May-26,Clara Moran,,,,Pago trimestral,0,,,0,0,,,,,,,,,,,,,,,,,,,,,,,,,,,,,,,,,,,,,,,,,,,,,,,,,,,,,,,,,,,,,,,,,,,,,,,,,,,,,,,,,,,,,,,,,,,,,,,,,,,,,,,,,,,,,,,,,,,,,,,,,,,,,,,,,
#REF!,NC_0861,,B2C,Signed,Expired,Andreea,Iorescu,,,,Studio Comfort,,1,Student,,12/26/2025,1/16/2026,,5/25/2026,"€ 1,030.00",,,,,"1,030",,,,,129,4,yes,May-26,Belen Lopez,,,,,0,,,0,0,,,,,,,,,,,,,,,,,,,,,,,,,,,,,,,,,,,,,,,,,,,,,,,,,,,,,,,,,,,,,,,,,,,,,,,,,,,,,,,,,,,,,,,,,,,,,,,,,,,,,,,,,,,,,,,,,,,,,,,,,,,,,,,,,
#REF!,NC_1269,,B2C,Signed,Expired,MaImouna,Faye,Baidy,Diallo,,Studio Standard + Terrace,,2,Worker,Worker,4/14/2026,4/24/2026,,5/25/2026,€ 690.00,,,,,"1,380",,,,,31,1,yes,May-26,Belen Lopez,,,,,0,,,0,0,,,,,,,,,,,,,,,,,,,,,,,,,,,,,,,,,,,,,,,,,,,,,,,,,,,,,,,,,,,,,,,,,,,,,,,,,,,,,,,,,,,,,,,,,,,,,,,,,,,,,,,,,,,,,,,,,,,,,,,,,,,,,,,,,
#REF!,NC_1305,,B2C,Signed,Expired,Roberto,Pezzali,,,,Studio Comfort,,1,Student,,4/21/2026,4/24/2026,,5/25/2026,€ 640.00,,Renovation,NC_1632,,"1,280",,,,,31,1,yes,May-26,Jaime Orna,,,,Reserva Directa,0,,,0,0,,,,,,,,,,,,,,,,,,,,,,,,,,,,,,,,,,,,,,,,,,,,,,,,,,,,,,,,,,,,,,,,,,,,,,,,,,,,,,,,,,,,,,,,,,,,,,,,,,,,,,,,,,,,,,,,,,,,,,,,,,,,,,,,,
#REF!,NC_0987,,B2C,Signed,Expired,Nattan,Samuel Degefa,Mati Lucas,Degefa,,2 Bed (1/2),,2,Worker,Worker,2/3/2026,2/7/2026,,5/26/2026,"€ 1,440.00",,Renovation,NC_1388,,"1,440",,,,,108,4,yes,May-26,Jaime Orna,,,,"Reserva directa , pago por adelantado",,,,,,,,,,,,,,,,,,,,,,,,,,,,,,,,,,,,,,,,,,,,,,,,,,,,,,,,,,,,,,,,,,,,,,,,,,,,,,,,,,,,,,,,,,,,,,,,,,,,,,,,,,,,,,,,,,,,,,,,,,,,,,,,,,,,,,//
#REF!,NC_0140,,B2B2C,Signed,Expired,Lina,Malki,,,Abdelilah Malki,Studio Comfort,,1,Student,,,5/29/2025,,5/27/2026,€ 865.00,,Renovation,NC_1207,,865,,,,,363,12,yes,May-26,Jaime Orna,,,,Qualitifly,0,,,0,0,,,,,,,,,,,,,,,,,,,,,,,,,,,,,,,,,,,,,,,,,,,,,,,,,,,,,,,,,,,,,,,,,,,,,,,,,,,,,,,,,,,,,,,,,,,,,,,,,,,,,,,,,,,,,,,,,,,,,,,,,,,,,,,,,
#REF!,NC_0768,,B2C,Signed,Expired,Catalina,Santa Mazo,,,,Studio Standard + Terrace,,1,Worker,,11/24/2025,11/27/2025,,5/27/2026,"€ 1,460.00",,Renovation,NC_1116,,"1,020",,,,,181,6,yes,May-26,Belen Lopez,,,,"Pago trimestral, renovacion",0,,,0,0,,,,,,,,,,,,,,,,,,,,,,,,,,,,,,,,,,,,,,,,,,,,,,,,,,,,,,,,,,,,,,,,,,,,,,,,,,,,,,,,,,,,,,,,,,,,,,,,,,,,,,,,,,,,,,,,,,,,,,,,,,,,,,,,,
#REF!,NC_1332,,B2C,Signed,Expired,Julia Maria,Kolasinska,,,,Studio Standard + Terrace,,1,Worker,,4/27/2026,4/29/2026,,5/28/2026,€ 640.00,,Renovation,NC_1454,,"1,280",,,,,29,1,yes,May-26,Clara Moran,,,,,,,,0,0,,,,,,,,,,,,,,,,,,,,,,,,,,,,,,,,,,,,,,,,,,,,,,,,,,,,,,,,,,,,,,,,,,,,,,,,,,,,,,,,,,,,,,,,,,,,,,,,,,,,,,,,,,,,,,,,,,,,,,,,,,,,,,,,,
#REF!,NC_0120,,B2C,Signed,Expired,Mauro Alfredo,Rivera Castillo,,,,Studio Rooftop,,1,Worker,,,6/1/2025,,5/29/2026,€ 920.00,,,,,920,,,,1-Dec,362,12,yes,May-26,Belen Lopez,,,,,0,920,,"511,781,280.00","42,648,440.00",,,,,,,,,,,,,,,,,,,,,,,,,,,,,,,,,,,,,,,,,,,,,,,,,,,,,,,,,,,,,,,,,,,,,,,,,,,,,,,,,,,,,,,,,,,,,,,,,,,,,,,,,,,,,,,,,,,,,,,,,,,,,,,,,
#REF!,NC_0124,,B2C,Signed,Expired,Alvaro,Bescos Galvez,,,,Studio Comfort,,1,Worker,,,6/1/2025,,5/29/2026,€ 865.00,,,,,865,,,,1-Dec,362,12,yes,May-26,Belen Lopez,,,,,0,865,,"481,185,660.00","40,098,805.00",,,,,,,,,,,,,,,,,,,,,,,,,,,,,,,,,,,,,,,,,,,,,,,,,,,,,,,,,,,,,,,,,,,,,,,,,,,,,,,,,,,,,,,,,,,,,,,,,,,,,,,,,,,,,,,,,,,,,,,,,,,,,,,,,
#REF!,NC_0364,,B2C,Signed,Expired,Adriana,Ccapa Valles,Sara Esther,Valles Loro,,2 Bed (1/2),,2,Student,Student,,8/28/2025,,5/29/2026,"€ 1,225.00",,,,,"1,225",,,,,274,9,yes,May-26,Clara Moran,,,,Pago Trimestral,0,,,0,0,,,,,,,,,,,,,,,,,,,,,,,,,,,,,,,,,,,,,,,,,,,,,,,,,,,,,,,,,,,,,,,,,,,,,,,,,,,,,,,,,,,,,,,,,,,,,,,,,,,,,,,,,,,,,,,,,,,,,,,,,,,,,,,,,
#REF!,NC_1297,,B2B,Signed,Expired,Naes Construccions i Disenny SL,,,,,Studio Comfort,,1,Worker,,4/17/2026,4/19/2026,,5/29/2026,€ 640.00,,Renovation,NC_1455,,"1,280",,,,,40,1,yes,May-26,Clara Moran,,,,,0,,,0,0,,,,,,,,,,,,,,,,,,,,,,,,,,,,,,,,,,,,,,,,,,,,,,,,,,,,,,,,,,,,,,,,,,,,,,,,,,,,,,,,,,,,,,,,,,,,,,,,,,,,,,,,,,,,,,,,,,,,,,,,,,,,,,,,,
#REF!,NC_1298,,B2B,Signed,Expired,Naes Construccions i Disenny SL,,,,,Studio Comfort,,1,Worker,,4/17/2026,4/19/2026,,5/29/2026,€ 640.00,,Renovation,NC_1456,,"1,280",,,,,40,1,yes,May-26,Clara Moran,,,,,0,,,0,0,,,,,,,,,,,,,,,,,,,,,,,,,,,,,,,,,,,,,,,,,,,,,,,,,,,,,,,,,,,,,,,,,,,,,,,,,,,,,,,,,,,,,,,,,,,,,,,,,,,,,,,,,,,,,,,,,,,,,,,,,,,,,,,,,
#REF!,NC_1299,,B2B,Signed,Expired,Naes Construccions i Disenny SL,,,,,Studio Comfort,,1,Worker,,4/17/2026,4/19/2026,,5/29/2026,€ 640.00,,,,,"1,280",,,,,40,1,yes,May-26,Clara Moran,,,,,0,,,0,0,,,,,,,,,,,,,,,,,,,,,,,,,,,,,,,,,,,,,,,,,,,,,,,,,,,,,,,,,,,,,,,,,,,,,,,,,,,,,,,,,,,,,,,,,,,,,,,,,,,,,,,,,,,,,,,,,,,,,,,,,,,,,,,,,
#REF!,NC_0036,,B2C,Signed,Expired,Diego Alberto,Lares Barboza,,,Angela Cristina Romano,Studio Standard,,1,Worker,,,6/1/2025,,5/30/2026,€ 765.00,,Renovation,NC_1078,,765,,,,1-Dec,363,12,yes,May-26,Jaime Orna,,,,,0,765,,"425,557,260.00","35,463,105.00",,,,,,,,,,,,,,,,,,,,,,,,,,,,,,,,,,,,,,,,,,,,,,,,,,,,,,,,,,,,,,,,,,,,,,,,,,,,,,,,,,,,,,,,,,,,,,,,,,,,,,,,,,,,,,,,,,,,,,,,,,,,,,,,,
#REF!,NC_0089,,B2C,Signed,Expired,Gazal Haytham,Mahmoud Ibrahim,,,Abdulrahim Ibrahim Haytham Mahmoud,Studio Standard + Terrace,,1,Student,,,6/1/2025,,5/30/2026,€ 895.00,,Renovation,NC_1043,,895,,,,1-Dec,363,12,yes,May-26,Belen Lopez,,,,,0,895,,"497,874,180.00","41,489,515.00",,,,,,,,,,,,,,,,,,,,,,,,,,,,,,,,,,,,,,,,,,,,,,,,,,,,,,,,,,,,,,,,,,,,,,,,,,,,,,,,,,,,,,,,,,,,,,,,,,,,,,,,,,,,,,,,,,,,,,,,,,,,,,,,,
#REF!,NC_0330,,B2C,Signed,Expired,Fernanda Sofía,Ensiso Curiel,,,,Studio Comfort,,1,Student,,,9/1/2025,8/29/2026,5/30/2026,€ 905.00,Y,,,,905,Adenda Firmada,,,,362,9,yes,May-26,Jaime Orna,,,,Pago trimestral. Semi directa,0,,,0,0,,,,,,,,,,,,,,,,,,,,,,,,,,,,,,,,,,,,,,,,,,,,,,,,,,,,,,,,,,,,,,,,,,,,,,,,,,,,,,,,,,,,,,,,,,,,,,,,,,,,,,,,,,,,,,,,,,,,,,,,,,,,,,,,,
#REF!,NC_1258,,B2C,Signed,Expired,Yurena,Gutierrez Gonzalez,,,,Studio Standard + Terrace,,1,Worker,,4/23/2026,4/29/2026,,5/30/2026,€ 640.00,,Renovation,NC_1467,,"1,280",,,,,31,1,yes,May-26,Belen Lopez,,,,,0,,,0,0,,,,,,,,,,,,,,,,,,,,,,,,,,,,,,,,,,,,,,,,,,,,,,,,,,,,,,,,,,,,,,,,,,,,,,,,,,,,,,,,,,,,,,,,,,,,,,,,,,,,,,,,,,,,,,,,,,,,,,,,,,,,,,,,,
#REF!,NC_1329,,B2C,Signed,Expired,Angel,Resino Serrano,,,,2 Bed (1/2),,1,"Worker 
",,4/28/2026,4/30/2026,,5/30/2026,€ 762.50,,Renovation,NC_1418,,"1,555",,,,,30,1,yes,May-26,Clara Moran,,,,Renovación,0,,,0,0,,,,,,,,,,,,,,,,,,,,,,,,,,,,,,,,,,,,,,,,,,,,,,,,,,,,,,,,,,,,,,,,,,,,,,,,,,,,,,,,,,,,,,,,,,,,,,,,,,,,,,,,,,,,,,,,,,,,,,,,,,,,,,,,,
#REF!,NC_1331,,B2C,Signed,Expired,Giacomo,Martin,Pauline,Liu,,Studio Comfort,,1,Worker,Worker,4/29/2026,4/30/2026,,5/30/2026,€ 685.00,,,,,"1,380",,,,,30,1,yes,May-26,Belen Lopez,,,,Renovacion,,,,0,0,,,,,,,,,,,,,,,,,,,,,,,,,,,,,,,,,,,,,,,,,,,,,,,,,,,,,,,,,,,,,,,,,,,,,,,,,,,,,,,,,,,,,,,,,,,,,,,,,,,,,,,,,,,,,,,,,,,,,,,,,,,,,,,,,
#REF!,NC_1338,,B2B,Signed,Expired,Integracion Agencia Viajes SA,,,,,Studio Comfort,,1,Worker,,4/28/2026,4/30/2026,,5/30/2026,€ 640.00,,Renovation,NC_1440,,"1,280",,,,,30,1,yes,May-26,Jaime Orna,,,,,,,,0,0,,,,,,,,,,,,,,,,,,,,,,,,,,,,,,,,,,,,,,,,,,,,,,,,,,,,,,,,,,,,,,,,,,,,,,,,,,,,,,,,,,,,,,,,,,,,,,,,,,,,,,,,,,,,,,,,,,,,,,,,,,,,,,,,,
#REF!,NC_0073,,B2C,Signed,Expired,Jorge,Presa Alvarez,,,Jesús Luis Presa Matilla,Studio Standard,,1,Student,,,8/25/2025,8/23/2026,5/31/2026,€ 775.00,Y,,,,775,Adenda Firmada,,,1-Dec,363,9,yes,May-26,Clara Moran,,,,,0,775,,"323,340,075.00","35,926,675.00",,,,,,,,,,,,,,,,,,,,,,,,,,,,,,,,,,,,,,,,,,,,,,,,,,,,,,,,,,,,,,,,,,,,,,,,,,,,,,,,,,,,,,,,,,,,,,,,,,,,,,,,,,,,,,,,,,,,,,,,,,,,,,,,,
#REF!,NC_0130,,B2C,Signed,Expired,Javier,Gomez Camacho,,,,Studio Comfort,,1,Worker,,,6/1/2025,,5/31/2026,€ 865.00,,Renovation,NC_1042,,865,,,,1-Dec,364,12,yes,May-26,Clara Moran,,,,,0,865,,"481,185,660.00","40,098,805.00",,,,,,,,,,,,,,,,,,,,,,,,,,,,,,,,,,,,,,,,,,,,,,,,,,,,,,,,,,,,,,,,,,,,,,,,,,,,,,,,,,,,,,,,,,,,,,,,,,,,,,,,,,,,,,,,,,,,,,,,,,,,,,,,,
#REF!,NC_0145,,B2C,Signed,Expired,Javier,Garcia Ramil,,,,Studio Standard + Terrace,,1,Worker,,,6/1/2025,,5/31/2026,€ 895.00,,Renovation,NC_0897,,895,,,,1-Dec,364,12,yes,May-26,Clara Moran,,,,,0,895,,"497,874,180.00","41,489,515.00",,,,,,,,,,,,,,,,,,,,,,,,,,,,,,,,,,,,,,,,,,,,,,,,,,,,,,,,,,,,,,,,,,,,,,,,,,,,,,,,,,,,,,,,,,,,,,,,,,,,,,,,,,,,,,,,,,,,,,,,,,,,,,,,,
#REF!,NC_0263,,B2C,Signed,Expired,Maximo,Astudillo,,,,Studio Standard,,1,,,,9/1/2025,,5/31/2026,€ 815.00,,,,,815,,,,,272,9,yes,May-26,Clara Moran,,,,,0,,,0,0,,,,,,,,,,,,,,,,,,,,,,,,,,,,,,,,,,,,,,,,,,,,,,,,,,,,,,,,,,,,,,,,,,,,,,,,,,,,,,,,,,,,,,,,,,,,,,,,,,,,,,,,,,,,,,,,,,,,,,,,,,,,,,,,,
#REF!,NC_0320,,B2C,Signed,Expired,Farah Amgad Mohamed,Gazar,,,,Studio Comfort,,1,Worker,,,10/1/2025,8/1/2026,5/31/2026,€ 905.00,Y,,,,905,Adenda Firmada,,,,304,8,yes,May-26,Clara Moran,,,,,0,,,0,0,,,,,,,,,,,,,,,,,,,,,,,,,,,,,,,,,,,,,,,,,,,,,,,,,,,,,,,,,,,,,,,,,,,,,,,,,,,,,,,,,,,,,,,,,,,,,,,,,,,,,,,,,,,,,,,,,,,,,,,,,,,,,,,,,
#REF!,NC_0337,,B2B,Signed,Expired,Alstom Transporte SA,,,,,Studio Standard + Terrace,,1,Worker,,,8/1/2025,,5/31/2026,€ 905.00,,Renovation,NC_1295,,905,,,,,303,10,yes,May-26,Clara Moran,,,,Quieren 2 limpiezas extra + Parking,0,,,0,0,,,,,,,,,,,,,,,,,,,,,,,,,,,,,,,,,,,,,,,,,,,,,,,,,,,,,,,,,,,,,,,,,,,,,,,,,,,,,,,,,,,,,,,,,,,,,,,,,,,,,,,,,,,,,,,,,,,,,,,,,,,,,,,,,
#REF!,NC_0417,,B2C,Signed,Expired,Adama Oury Bella,Sow,,,,Studio Standard,,1,Student,,9/3/2025,9/2/2025,6/30/2026,5/31/2026,€ 820.00,Y,,,,820,Adenda Firmada,,,,301,9,No,May-26,Belen Lopez,,,,Pago trimestral,0,,,0,0,,,,,,,,,,,,,,,,,,,,,,,,,,,,,,,,,,,,,,,,,,,,,,,,,,,,,,,,,,,,,,,,,,,,,,,,,,,,,,,,,,,,,,,,,,,,,,,,,,,,,,,,,,,,,,,,,,,,,,,,,,,,,,,,,
#REF!,NC_0509,,B2C,Signed,Expired,Georgios,Delizisis,,,Dimitrios Delizisis,Studio Standard + Terrace,,1,Student,,9/18/2025,10/1/2025,6/30/2026,5/31/2026,€ 920.00,Y,,,,920,Adenda Firmada,,,,272,8,yes,May-26,Clara Moran,,,,Pago Trimestral,0,,,0,0,,,,,,,,,,,,,,,,,,,,,,,,,,,,,,,,,,,,,,,,,,,,,,,,,,,,,,,,,,,,,,,,,,,,,,,,,,,,,,,,,,,,,,,,,,,,,,,,,,,,,,,,,,,,,,,,,,,,,,,,,,,,,,,,,
#REF!,NC_0836,,B2C,Signed,Expired,Cristina,Rodríguez Gonzalez,,,,Studio Rooftop,,1,Worker,,12/13/2025,1/12/2026,,5/31/2026,"€ 1,060.00",,Renovation,NC_1237,,"1,110",,,,0.05,139,5,yes,May-26,Belen Lopez,,Promo Renovacion 5% Descuento,,Renovacion,0,"1,110 €",,277.5,55.5,,,,,,,,,,,,,,,,,,,,,,,,,,,,,,,,,,,,,,,,,,,,,,,,,,,,,,,,,,,,,,,,,,,,,,,,,,,,,,,,,,,,,,,,,,,,,,,,,,,,,,,,,,,,,,,,,,,,,,,,,,,,,,,,,//
#REF!,NC_0886,,B2C,Signed,Expired,Meline,Jonneau,,,Eric Jonneau,Studio Comfort,,1,Student,,1/5/2026,1/15/2026,,5/31/2026,"€ 1,030.00",,,,,"1,030",,,,,136,4,yes,May-26,Clara Moran,,,,,0,,,0,0,,,,,,,,,,,,,,,,,,,,,,,,,,,,,,,,,,,,,,,,,,,,,,,,,,,,,,,,,,,,,,,,,,,,,,,,,,,,,,,,,,,,,,,,,,,,,,,,,,,,,,,,,,,,,,,,,,,,,,,,,,,,,,,,,
#REF!,NC_0952,,B2C,Signed,Expired,Jorge Daniel,Jimenez Gonzalez,Francy Viviana,Quintero Valencia,,Studio Standard + Terrace,,2,Worker,Worker,1/26/2026,2/2/2026,1/31/2027,5/31/2026,"€ 1,050.00",R,,,,950,Adenda Firmada,,,,363,4,yes,May-26,Belen Lopez,,2ª Persona Gratis,,,0,,,0,0,,,,,,,,,,,,,,,,,,,,,,,,,,,,,,,,,,,,,,,,,,,,,,,,,,,,,,,,,,,,,,,,,,,,,,,,,,,,,,,,,,,,,,,,,,,,,,,,,,,,,,,,,,,,,,,,,,,,,,,,,,,,,,,,,
#REF!,NC_1000,,B2B2C,Signed,Expired,Hailey Elena,Deighton,Lilian Trude Helena,Quint,,2 Bed (1/2),,2,Student,Student,2/11/2026,2/27/2026,7/7/2026,5/31/2026,"€ 1,440.00",,,,Renovation,"1,440",Adenda Denegada,,,,130,3,yes,May-26,Belen Lopez,,,,Anouk,0,,,0,0,,,,,,,,,,,,,,,,,,,,,,,,,,,,,,,,,,,,,,,,,,,,,,,,,,,,,,,,,,,,,,,,,,,,,,,,,,,,,,,,,,,,,,,,,,,,,,,,,,,,,,,,,,,,,,,,,,,,,,,,,,,,,,,,,
#REF!,NC_1087,,B2B,Signed,Expired,Bella Smile VLC SL,,,,,Studio Standard + Terrace,,1,Worker,,2/27/2026,3/2/2026,2/28/2027,5/31/2026,€ 950.00,Y,,,,950,Adenda Firmada,,,0.1,363,3,yes,May-26,Clara Moran,,Promo 10% Descuento,,Pago Trimestral,0,950 €,,285,95,,,,,,,,,,,,,,,,,,,,,,,,,,,,,,,,,,,,,,,,,,,,,,,,,,,,,,,,,,,,,,,,,,,,,,,,,,,,,,,,,,,,,,,,,,,,,,,,,,,,,,,,,,,,,,,,,,,,,,,,,,,,,,,,,
#REF!,NC_1106,,B2C,Signed,Expired,Ramon Maria,Sanchez Lousa,,,,Studio Comfort,,1,Worker,,3/5/2026,3/15/2026,,5/31/2026,€ 635.00,,,,Renovation,"1,270",,,,,77,3,yes,May-26,Clara Moran,,,,,0,,,0,0,,,,,,,,,,,,,,,,,,,,,,,,,,,,,,,,,,,,,,,,,,,,,,,,,,,,,,,,,,,,,,,,,,,,,,,,,,,,,,,,,,,,,,,,,,,,,,,,,,,,,,,,,,,,,,,,,,,,,,,,,,,,,,,,,
#REF!,NC_1164,,B2C,Signed,Expired,Margarita,Hernandez Martin,,,,Studio Comfort,,1,Worker,,3/17/2026,5/1/2026,,5/31/2026,€ 640.00,,,,,"1,280",,,,,30,1,yes,May-26,Belen Lopez,,,,,0,,,0,0,,,,,,,,,,,,,,,,,,,,,,,,,,,,,,,,,,,,,,,,,,,,,,,,,,,,,,,,,,,,,,,,,,,,,,,,,,,,,,,,,,,,,,,,,,,,,,,,,,,,,,,,,,,,,,,,,,,,,,,,,,,,,,,,,//
#REF!,NC_1175,,B2C,Signed,Expired,Luca,Feitosa Junqueira,,,Luziana Feitosa Junqueira,Studio Comfort,,1,Student,,3/23/2026,3/24/2026,,5/31/2026,€ 845.00,,Renovation,NC_1691,,"1,270",,,,,68,2,yes,May-26,Clara Moran,,,,Renovación,0,,,0,0,,,,,,,,,,,,,,,,,,,,,,,,,,,,,,,,,,,,,,,,,,,,,,,,,,,,,,,,,,,,,,,,,,,,,,,,,,,,,,,,,,,,,,,,,,,,,,,,,,,,,,,,,,,,,,,,,,,,,,,,,,,,,,,,,
#REF!,NC_1192,,B2C,Signed,Expired,Natasha,Osorio Gomez,,,,Studio Comfort,,1,Worker,,3/24/2026,5/1/2026,,5/31/2026,€ 640.00,,,,,"1,280",,,,,30,1,yes,May-26,Jaime Orna,,,,Colaboración Marketing Influencer,0,,,0,0,,,,,,,,,,,,,,,,,,,,,,,,,,,,,,,,,,,,,,,,,,,,,,,,,,,,,,,,,,,,,,,,,,,,,,,,,,,,,,,,,,,,,,,,,,,,,,,,,,,,,,,,,,,,,,,,,,,,,,,,,,,,,,,,,
#REF!,NC_0235,,B2C,Signed,Expired,Arsenii,Naydysh,,,,Studio Standard,,1,Worker,,,9/1/2025,,6/1/2026,"€ 1,065.00",,,,,785,,,,,273,9,yes,Jun-26,Clara Moran,,COMBO/ESTUDIANTE,,Renovación,0,,,0,0,,,,,,,,,,,,,,,,,,,,,,,,,,,,,,,,,,,,,,,,,,,,,,,,,,,,,,,,,,,,,,,,,,,,,,,,,,,,,,,,,,,,,,,,,,,,,,,,,,,,,,,,,,,,,,,,,,,,,,,,,,,,,,,,,
#REF!,NC_0676,,B2C,Signed,Expired,Enrique,Caracciolo,,,,Studio Comfort,,1,Worker,,11/4/2025,11/30/2025,,6/1/2026,"€ 1,005.00",,Renovation,NC_1315,,"1,020",,,,,183,6,yes,Jun-26,Clara Moran,,,,"Renovación, conservamos depósito anterior.",0,,,0,0,,,,,,,,,,,,,,,,,,,,,,,,,,,,,,,,,,,,,,,,,,,,,,,,,,,,,,,,,,,,,,,,,,,,,,,,,,,,,,,,,,,,,,,,,,,,,,,,,,,,,,,,,,,,,,,,,,,,,,,,,,,,,,,,,
#REF!,NC_0810,,B2C,Signed,Expired,Vivagananthan,Muhekarthik,Rahul Shanker,Ramkrishna,,2 Bed (1/2),,2,Worker,Worker,12/2/2025,1/20/2026,,6/1/2026,"€ 1,445.00",,,,,"1,445",,,,,132,4,yes,Jun-26,Belen Lopez,,,,Pago trimestral,0,,,0,0,,,,,,,,,,,,,,,,,,,,,,,,,,,,,,,,,,,,,,,,,,,,,,,,,,,,,,,,,,,,,,,,,,,,,,,,,,,,,,,,,,,,,,,,,,,,,,,,,,,,,,,,,,,,,,,,,,,,,,,,,,,,,,,,,//
#REF!,NC_0846,,B2C,Signed,Expired,Pablo Jose,Calzon Garcia,,,,Studio Comfort,,1,Worker,,12/17/2025,1/31/2026,,6/1/2026,"€ 1,030.00",,Renovation,NC_1159,,"1,030",,,,,121,4,yes,Jun-26,Belen Lopez,,,,Cambio de fecha 31 de enero,0,,,0,0,,,,,,,,,,,,,,,,,,,,,,,,,,,,,,,,,,,,,,,,,,,,,,,,,,,,,,,,,,,,,,,,,,,,,,,,,,,,,,,,,,,,,,,,,,,,,,,,,,,,,,,,,,,,,,,,,,,,,,,,,,,,,,,,,//
#REF!,NC_1257,,B2C,Signed,Expired,Gabriela,Madrigal Gutierrez,,,,Studio Standard + Terrace,,1,Student,,4/10/2026,5/2/2026,,6/1/2026,€ 640.00,,,,,"1,280",,,,,30,1,yes,Jun-26,Belen Lopez,,,,,0,,,0,0,,,,,,,,,,,,,,,,,,,,,,,,,,,,,,,,,,,,,,,,,,,,,,,,,,,,,,,,,,,,,,,,,,,,,,,,,,,,,,,,,,,,,,,,,,,,,,,,,,,,,,,,,,,,,,,,,,,,,,,,,,,,,,,,,
#REF!,NC_1296,,B2C,Signed,Expired,Meiby,Díaz Castellanos,Noah,Garcia Diaz,,Studio Standard + Terrace,,1,Worker,,4/17/2026,5/1/2026,,6/1/2026,"€ 1,090.00",,Renovation,NC_1447,,"1,280",,,,,31,1,yes,Jun-26,Clara Moran,,,,Renovación,0,,,0,0,,,,,,,,,,,,,,,,,,,,,,,,,,,,,,,,,,,,,,,,,,,,,,,,,,,,,,,,,,,,,,,,,,,,,,,,,,,,,,,,,,,,,,,,,,,,,,,,,,,,,,,,,,,,,,,,,,,,,,,,,,,,,,,,,
#REF!,NC_0306,,B2C,Signed,Expired,Dayana,Georgieva Georgieva,,,,Studio Standard,,1,Worker,,,9/1/2025,,6/2/2026,€ 820.00,,,,,820,,,,,274,9,yes,Jun-26,Clara Moran,Pago Trimestral,,,Paga por adelantado 3 meses . Semi directa,0,,,0,0,,,,,,,,,,,,,,,,,,,,,,,,,,,,,,,,,,,,,,,,,,,,,,,,,,,,,,,,,,,,,,,,,,,,,,,,,,,,,,,,,,,,,,,,,,,,,,,,,,,,,,,,,,,,,,,,,,,,,,,,,,,,,,,,,
#REF!,NC_0372,,B2C,Signed,Expired,Alejandro,Rudolfo Cardenas,Javier,Gonzalez Roig,,2 Bed (1/2),,2,Student,Student,,9/1/2025,,6/2/2026,"€ 1,225.00",,,,,"1,225",,,,,274,9,yes,Jun-26,Belen Lopez,,,,Paga estancia completa por adelantado,0,,,0,0,,,,,,,,,,,,,,,,,,,,,,,,,,,,,,,,,,,,,,,,,,,,,,,,,,,,,,,,,,,,,,,,,,,,,,,,,,,,,,,,,,,,,,,,,,,,,,,,,,,,,,,,,,,,,,,,,,,,,,,,,,,,,,,,,
#REF!,NC_0960,,B2C,Signed,Expired,Matias,Carrizo Barale,,,,Studio Rooftop,,1,Worker,,1/29/2026,1/31/2026,,6/2/2026,€ 615.00,,Renovation,NC_1169,Renovation,"1,120",,,,0.05,122,4,yes,Jun-26,Clara Moran,,Promo Renovacion 5% Descuento,,Renovación con upgrade,0,"1,120 €",,224,56,,,,,,,,,,,,,,,,,,,,,,,,,,,,,,,,,,,,,,,,,,,,,,,,,,,,,,,,,,,,,,,,,,,,,,,,,,,,,,,,,,,,,,,,,,,,,,,,,,,,,,,,,,,,,,,,,,,,,,,,,,,,,,,,,
#REF!,NC_1084,,B2B2C,Signed,Expired,Gonçalo Lince,Birburguer Mariares De Vasconcelos,,,,Studio Comfort,,1,Student,,2/27/2026,3/1/2026,,6/2/2026,"€ 1,090.00",,Renovation,NC_1460,,"1,090",,,,,93,3,yes,Jun-26,Clara Moran,,,,Quality Fly,0,,,0,0,,,,,,,,,,,,,,,,,,,,,,,,,,,,,,,,,,,,,,,,,,,,,,,,,,,,,,,,,,,,,,,,,,,,,,,,,,,,,,,,,,,,,,,,,,,,,,,,,,,,,,,,,,,,,,,,,,,,,,,,,,,,,,,,,
#REF!,NC_0295,,B2C,Signed,Expired,Carles,Pascual Alvariño,,,Carlos Pacual Bulbena/Maria del Pilar Alvariño Rodriguez,Studio Standard,,1,Student,,,9/2/2025,,6/3/2026,"€ 1,065.00",,,,,785,,,,,274,9,yes,Jun-26,Belen Lopez,,COMBO/ESTUDIANTE,,,0,,,0,0,,,,,,,,,,,,,,,,,,,,,,,,,,,,,,,,,,,,,,,,,,,,,,,,,,,,,,,,,,,,,,,,,,,,,,,,,,,,,,,,,,,,,,,,,,,,,,,,,,,,,,,,,,,,,,,,,,,,,,,,,,,,,,,,,
#REF!,NC_0469,,B2C,Signed,Expired,Erdogan Enes,Saçli,,,,Studio Comfort,,1,Worker,,9/3/2025,9/3/2025,,6/3/2026,€ 905.00,,Renovation,NC_1496,,905,,,,,273,9,yes,Jun-26,Belen Lopez,,,,Pago trimestral,0,,,0,0,,,,,,,,,,,,,,,,,,,,,,,,,,,,,,,,,,,,,,,,,,,,,,,,,,,,,,,,,,,,,,,,,,,,,,,,,,,,,,,,,,,,,,,,,,,,,,,,,,,,,,,,,,,,,,,,,,,,,,,,,,,,,,,,,
#REF!,NC_1045,,B2C,Signed,Expired,Martin,Gerges,,,,Studio Standard + Terrace,,1,Worker,,2/19/2026,2/25/2026,,6/3/2026,"€ 1,090.00",R,,,,"1,090",,,,,98,3,yes,Jun-26,Clara Moran,,,,Renovacion,0,,,0,0,,,,,,,,,,,,,,,,,,,,,,,,,,,,,,,,,,,,,,,,,,,,,,,,,,,,,,,,,,,,,,,,,,,,,,,,,,,,,,,,,,,,,,,,,,,,,,,,,,,,,,,,,,,,,,,,,,,,,,,,,,,,,,,,,
#REF!,NC_1225,,B2C,Signed,Expired,Andres María,Nieto Quiñones,,,,Studio Standard + Terrace,,1,Worker,,3/31/2026,5/4/2026,,6/3/2026,"€ 1,005.00",,Renovation,NC_1470,,"1,280",,,,,30,1,yes,Jun-26,Belen Lopez,,,,Renovacion,0,,,0,0,,,,,,,,,,,,,,,,,,,,,,,,,,,,,,,,,,,,,,,,,,,,,,,,,,,,,,,,,,,,,,,,,,,,,,,,,,,,,,,,,,,,,,,,,,,,,,,,,,,,,,,,,,,,,,,,,,,,,,,,,,,,,,,,,
#REF!,NC_1240,,B2C,Signed,Expired,Francisco,Martinez Garcia,,,,Studio Comfort,,1,Worker,,4/6/2026,5/3/2026,,6/3/2026,"€ 1,020.00",,Renovation,NC_1406,,"1,280",,,,,31,1,yes,Jun-26,Belen Lopez,,,,Renovacion,0,,,0,0,,,,,,,,,,,,,,,,,,,,,,,,,,,,,,,,,,,,,,,,,,,,,,,,,,,,,,,,,,,,,,,,,,,,,,,,,,,,,,,,,,,,,,,,,,,,,,,,,,,,,,,,,,,,,,,,,,,,,,,,,,,,,,,,,
#REF!,NC_1303,,B2B,Signed,Expired,Nautalia Viajes SL,,,,,Studio Comfort,,1,Worker,,4/24/2026,5/3/2026,,6/3/2026,"€ 1,095.00",,Renovation,NC_1494,,"1,280",,,,,31,1,yes,Jun-26,Jaime Orna,,,,Renovación,,,,,,,,,,,,,,,,,,,,,,,,,,,,,,,,,,,,,,,,,,,,,,,,,,,,,,,,,,,,,,,,,,,,,,,,,,,,,,,,,,,,,,,,,,,,,,,,,,,,,,,,,,,,,,,,,,,,,,,,,,,,,,,,,,,,,,
#REF!,NC_1314,,B2C,Signed,Expired,Kweighbaye,Kotee,Tilo,Zingler,,2 Bed (1/2),,2,Worker,Worker,4/24/2026,4/29/2026,,6/3/2026,€ 782.50,,,,,"1,565",,,,,35,1,yes,Jun-26,Belen Lopez,,,,,0,,,0,0,,,,,,,,,,,,,,,,,,,,,,,,,,,,,,,,,,,,,,,,,,,,,,,,,,,,,,,,,,,,,,,,,,,,,,,,,,,,,,,,,,,,,,,,,,,,,,,,,,,,,,,,,,,,,,,,,,,,,,,,,,,,,,,,,
#REF!,NC_1353,,B2C,Signed,Expired,Adnan,Rauf,Aisa,Slvador,,Studio Standard + Terrace,,2,Worker,Worker,5/3/2026,5/3/2026,,6/3/2026,€ 690.00,,Renovation,NC_1461,,"1,380",,,,,31,1,yes,Jun-26,Belen Lopez,,,,Direct Booking,0,,,0,0,,,,,,,,,,,,,,,,,,,,,,,,,,,,,,,,,,,,,,,,,,,,,,,,,,,,,,,,,,,,,,,,,,,,,,,,,,,,,,,,,,,,,,,,,,,,,,,,,,,,,,,,,,,,,,,,,,,,,,,,,,,,,,,,,
#REF!,NC_0454,,B2C,Signed,Expired,Adriana Maria,Aleman Aguirre,Roberto Fernando,Godoy Mariño,,2 Bed (1/2),,2,Worker,Worker,9/3/2025,9/3/2025,,6/4/2026,"1,225 €",,Renovation,NC_1499,,"1,225",,,,,274,9,yes,Jun-26,Clara Moran,,,,Pago trimestral,0,,,0,0,,,,,,,,,,,,,,,,,,,,,,,,,,,,,,,,,,,,,,,,,,,,,,,,,,,,,,,,,,,,,,,,,,,,,,,,,,,,,,,,,,,,,,,,,,,,,,,,,,,,,,,,,,,,,,,,,,,,,,,,,,,,,,,,,
#REF!,NC_1346,,B2B,Signed,Expired,Integra Ascensores SL,,,,,Studio Comfort,,1,Worker,,4/29/2026,5/4/2026,,6/4/2026,€ 640.00,,Renovation,NC_1487,,"1,280",,,,,31,1,yes,Jun-26,Jaime Orna,,,,,,,,,,,,,,,,,,,,,,,,,,,,,,,,,,,,,,,,,,,,,,,,,,,,,,,,,,,,,,,,,,,,,,,,,,,,,,,,,,,,,,,,,,,,,,,,,,,,,,,,,,,,,,,,,,,,,,,,,,,,,,,,,,,,,,,,,,
#REF!,NC_1347,,B2B,Signed,Expired,Integra Ascensores SL,,,,,Studio Comfort,,1,Worker,,4/29/2026,5/4/2026,,6/4/2026,€ 640.00,,Renovation,NC_1488,,"1,280",,,,,31,1,yes,Jun-26,Jaime Orna,,,,,,,,,,,,,,,,,,,,,,,,,,,,,,,,,,,,,,,,,,,,,,,,,,,,,,,,,,,,,,,,,,,,,,,,,,,,,,,,,,,,,,,,,,,,,,,,,,,,,,,,,,,,,,,,,,,,,,,,,,,,,,,,,,,,,,,,,,
#REF!,NC_1348,,B2B,Signed,Expired,Integra Ascensores SL,,,,,Studio Comfort,,1,Worker,,4/29/2026,5/4/2026,,6/4/2026,€ 640.00,,Renovation,NC_1489,,"1,280",,,,,31,1,yes,Jun-26,Jaime Orna,,,,,,,,,,,,,,,,,,,,,,,,,,,,,,,,,,,,,,,,,,,,,,,,,,,,,,,,,,,,,,,,,,,,,,,,,,,,,,,,,,,,,,,,,,,,,,,,,,,,,,,,,,,,,,,,,,,,,,,,,,,,,,,,,,,,,,,,,,
#REF!,NC_1349,,B2B,Signed,Expired,Integra Ascensores SL,,,,,Studio Comfort,,1,Worker,,4/29/2026,5/4/2026,,6/4/2026,€ 640.00,,Renovation,NC_1490,,"1,280",,,,,31,1,yes,Jun-26,Jaime Orna,,,,,,,,,,,,,,,,,,,,,,,,,,,,,,,,,,,,,,,,,,,,,,,,,,,,,,,,,,,,,,,,,,,,,,,,,,,,,,,,,,,,,,,,,,,,,,,,,,,,,,,,,,,,,,,,,,,,,,,,,,,,,,,,,,,,,,,,,,
#REF!,NC_1350,,B2B,Signed,Expired,Integra Ascensores SL,,,,,Studio Comfort,,1,Worker,,4/29/2026,5/4/2026,,6/4/2026,€ 640.00,,Renovation,NC_1491,,"1,280",,,,,31,1,yes,Jun-26,Jaime Orna,,,,,,,,,,,,,,,,,,,,,,,,,,,,,,,,,,,,,,,,,,,,,,,,,,,,,,,,,,,,,,,,,,,,,,,,,,,,,,,,,,,,,,,,,,,,,,,,,,,,,,,,,,,,,,,,,,,,,,,,,,,,,,,,,,,,,,,,,,
#REF!,NC_0155,,B2C,Signed,Expired,Nikita,Isakov,Polina,Isakov,,2 Bed Rooftop (2/2),,2,Worker,Worker,,9/5/2025,,6/5/2026,"€ 1,435.00",,Renovation,NC_1205,,"1,435",,,,,273,9,yes,Jun-26,Clara Moran,,,Trimestral,,0,,,0,0,,,,,,,,,,,,,,,,,,,,,,,,,,,,,,,,,,,,,,,,,,,,,,,,,,,,,,,,,,,,,,,,,,,,,,,,,,,,,,,,,,,,,,,,,,,,,,,,,,,,,,,,,,,,,,,,,,,,,,,,,,,,,,,,,
#REF!,NC_0186,,B2C,Signed,Expired,Isabella,Ariza Trujillo,,,,Studio Standard,,1,Student,,,9/5/2025,,6/5/2026,€ 775.00,R,,,,775,,,,,273,9,yes,Jun-26,Clara Moran,,,,Paga por trimestres,0,,,0,0,,,,,,,,,,,,,,,,,,,,,,,,,,,,,,,,,,,,,,,,,,,,,,,,,,,,,,,,,,,,,,,,,,,,,,,,,,,,,,,,,,,,,,,,,,,,,,,,,,,,,,,,,,,,,,,,,,,,,,,,,,,,,,,,,
#REF!,NC_0985,,B2C,Signed,Expired,Anartz,San Juan Zulueta,,,,Studio Standard,,1,Worker,,2/3/2026,2/4/2026,,6/5/2026,€ 880.00,,,,,"1,050",,,,0.05,121,4,yes,Jun-26,Clara Moran,,Promo Renovacion 5% Descuento,,Renovacion/se reutiliza depósito anterior,0,"1,050 €",,210,52.5,,,,,,,,,,,,,,,,,,,,,,,,,,,,,,,,,,,,,,,,,,,,,,,,,,,,,,,,,,,,,,,,,,,,,,,,,,,,,,,,,,,,,,,,,,,,,,,,,,,,,,,,,,,,,,,,,,,,,,,,,,,,,,,,,
#REF!,NC_1325,,B2C,Signed,Expired,Felipe,Gallon Ocampo,,,,Studio Comfort,,1,Worker,,4/29/2026,5/5/2026,,6/5/2026,€ 622.50,,,,,"1,280",,,,,31,1,yes,Jun-26,Clara Moran,,,,Renovación,0,,,0,0,,,,,,,,,,,,,,,,,,,,,,,,,,,,,,,,,,,,,,,,,,,,,,,,,,,,,,,,,,,,,,,,,,,,,,,,,,,,,,,,,,,,,,,,,,,,,,,,,,,,,,,,,,,,,,,,,,,,,,,,,,,,,,,,,
#REF!,NC_0743,,B2B2C,Signed,Expired,Naba,Maqbul,,,,Studio Standard + Terrace,,1,Student,,11/27/2025,3/27/2026,,6/6/2026,€ 622.50,,,,,"1,245",,,,,71,2,yes,Jun-26,Clara Moran,,,,Pago por adelantado - Anouk,0,,,#VALUE!,#VALUE!,,,,,,,,,,,,,,,,,,,,,,,,,,,,,,,,,,,,,,,,,,,,,,,,,,,,,,,,,,,,,,,,,,,,,,,,,,,,,,,,,,,,,,,,,,,,,,,,,,,,,,,,,,,,,,,,,,,,,,,,,,,,,,,,,
#REF!,NC_1333,,B2B,Signed,Expired,AGENCIA DE VIVIENDA SOCIAL DE LA COMUNIDAD DE MADRID,,,,,Studio Comfort,,2,Worker,Student,4/30/2026,5/6/2026,,6/6/2026,€ 685.00,,,,,"1,380",,,,,31,1,yes,Jun-26,Belen Lopez,,,,Renovacion,0,,,0,0,,,,,,,,,,,,,,,,,,,,,,,,,,,,,,,,,,,,,,,,,,,,,,,,,,,,,,,,,,,,,,,,,,,,,,,,,,,,,,,,,,,,,,,,,,,,,,,,,,,,,,,,,,,,,,,,,,,,,,,,,,,,,,,,,
#REF!,NC_1334,,B2B,Signed,Expired,AGENCIA DE VIVIENDA SOCIAL DE LA COMUNIDAD DE MADRID,,,,,Studio Comfort,,2,Worker,Student,4/30/2026,5/6/2026,,6/6/2026,€ 685.00,,,,,"1,380",,,,,31,1,yes,Jun-26,Belen Lopez,,,,Renovacion,0,,,0,0,,,,,,,,,,,,,,,,,,,,,,,,,,,,,,,,,,,,,,,,,,,,,,,,,,,,,,,,,,,,,,,,,,,,,,,,,,,,,,,,,,,,,,,,,,,,,,,,,,,,,,,,,,,,,,,,,,,,,,,,,,,,,,,,,
#REF!,NC_0399,,B2C,Signed,Expired,Judith,Johnny Lopez,,,Eva López Bailo,Studio Standard,,1,Student,,,9/7/2025,,6/7/2026,€ 775.00,R,,,,775,,,,,273,9,yes,Jun-26,Clara Moran,,,,,0,,,0,0,,,,,,,,,,,,,,,,,,,,,,,,,,,,,,,,,,,,,,,,,,,,,,,,,,,,,,,,,,,,,,,,,,,,,,,,,,,,,,,,,,,,,,,,,,,,,,,,,,,,,,,,,,,,,,,,,,,,,,,,,,,,,,,,,
#REF!,NC_1070,,B2C,Signed,Expired,Vidal,Mateos Salas,Eusebia,Rivero Vicente,,Studio Comfort,,2,Worker,Worker,2/25/2026,3/6/2026,,6/7/2026,€ 665.00,,,,,"1,190",,,,,93,3,yes,Jun-26,Clara Moran,,,,Renovación,0,,,0,0,,,,,,,,,,,,,,,,,,,,,,,,,,,,,,,,,,,,,,,,,,,,,,,,,,,,,,,,,,,,,,,,,,,,,,,,,,,,,,,,,,,,,,,,,,,,,,,,,,,,,,,,,,,,,,,,,,,,,,,,,,,,,,,,,
#REF!,NC_1110,,B2B,Signed,Expired,Arrow Inversiones SL,,,,,Studio Standard + Terrace,,1,Worker,,3/4/2026,3/6/2026,,6/7/2026,"€ 1,090.00",,Renovation,NC_1376,,"1,090",,,,,93,3,yes,Jun-26,Clara Moran,,,,,0,,,0,0,,,,,,,,,,,,,,,,,,,,,,,,,,,,,,,,,,,,,,,,,,,,,,,,,,,,,,,,,,,,,,,,,,,,,,,,,,,,,,,,,,,,,,,,,,,,,,,,,,,,,,,,,,,,,,,,,,,,,,,,,,,,,,,,,
#REF!,NC_1193,,B2C,Signed,Expired,Javier,Blanco Martinez,,,,Studio Comfort,,1,Worker,,3/24/2026,5/8/2026,,6/7/2026,€ 635.00,,Renovation,NC_1562,,"1,280",,,,,30,1,yes,Jun-26,Belen Lopez,,,,,0,,,0,0,,,,,,,,,,,,,,,,,,,,,,,,,,,,,,,,,,,,,,,,,,,,,,,,,,,,,,,,,,,,,,,,,,,,,,,,,,,,,,,,,,,,,,,,,,,,,,,,,,,,,,,,,,,,,,,,,,,,,,,,,,,,,,,,,
#REF!,NC_1364,,B2C,Signed,Expired,Neha Serena,Veera,,,,Studio Standard,,1,Student,,5/7/2026,5/7/2026,,6/7/2026,€ 955.00,,Renovation,NC_1508,,"1,280",,,,,31,1,yes,Jun-26,Clara Moran,,,,Renovación,0,,,0,0,,,,,,,,,,,,,,,,,,,,,,,,,,,,,,,,,,,,,,,,,,,,,,,,,,,,,,,,,,,,,,,,,,,,,,,,,,,,,,,,,,,,,,,,,,,,,,,,,,,,,,,,,,,,,,,,,,,,,,,,,,,,,,,,,//
#REF!,NC_0259,,B2C,Signed,Expired,Ricardo,Luz de Medina Garçao Cabeças,,,Antonio Jose Garçao Cabeças,Studio Comfort,,1,Student,,,9/7/2025,,6/8/2026,€ 875.00,,Renovation,NC_0968,,875,,,,,274,9,yes,Jun-26,Jaime Orna,,,,Contrata Media Pensión 30 Servicios cuando llegue,0,,,0,0,,,,,,,,,,,,,,,,,,,,,,,,,,,,,,,,,,,,,,,,,,,,,,,,,,,,,,,,,,,,,,,,,,,,,,,,,,,,,,,,,,,,,,,,,,,,,,,,,,,,,,,,,,,,,,,,,,,,,,,,,,,,,,,,,
#REF!,NC_0494,,B2C,Signed,Expired,Alina,Leuchuk,,,,Studio Standard,,1,Student,,9/8/2025,9/8/2025,,6/8/2026,€ 820.00,,,,,820,,,,,273,9,yes,Jun-26,Jaime Orna,,,,Pago trimestral. Reserva Semi-Directa,0,,,0,0,,,,,,,,,,,,,,,,,,,,,,,,,,,,,,,,,,,,,,,,,,,,,,,,,,,,,,,,,,,,,,,,,,,,,,,,,,,,,,,,,,,,,,,,,,,,,,,,,,,,,,,,,,,,,,,,,,,,,,,,,,,,,,,,,
#REF!,NC_1198,,B2C,Signed,Expired,Brais,Janeiro Mejide,,,,Studio Comfort,,1,Worker,,3/24/2026,4/7/2026,,6/8/2026,€ 640.00,,Renovation,NC_1503,,"1,280",,,,,62,2,yes,Jun-26,Clara Moran,,,,Reserva directa. Cliente de Alcobendas,0,,,0,0,,,,,,,,,,,,,,,,,,,,,,,,,,,,,,,,,,,,,,,,,,,,,,,,,,,,,,,,,,,,,,,,,,,,,,,,,,,,,,,,,,,,,,,,,,,,,,,,,,,,,,,,,,,,,,,,,,,,,,,,,,,,,,,,,
#REF!,NC_1359,,B2C,Signed,Expired,Willem,Bleeker,,,,Studio Standard + Terrace,,1,Worker,,5/5/2026,5/10/2026,,6/9/2026,€ 640.00,,,,,"1,280",,,,,30,1,yes,Jun-26,Clara Moran,,,,Renovacion,0,,,0,0,,,,,,,,,,,,,,,,,,,,,,,,,,,,,,,,,,,,,,,,,,,,,,,,,,,,,,,,,,,,,,,,,,,,,,,,,,,,,,,,,,,,,,,,,,,,,,,,,,,,,,,,,,,,,,,,,,,,,,,,,,,,,,,,,//
#REF!,NC_1056,,B2C,Signed,Expired,Brian Andres,Ramos Fagette,,,,Studio Comfort,,1,Student,,2/19/2026,4/2/2026,,6/10/2026,€ 640.00,,,,,"1,280",,,,,69,2,yes,Jun-26,Belen Lopez,,,,,0,,,0,0,,,,,,,,,,,,,,,,,,,,,,,,,,,,,,,,,,,,,,,,,,,,,,,,,,,,,,,,,,,,,,,,,,,,,,,,,,,,,,,,,,,,,,,,,,,,,,,,,,,,,,,,,,,,,,,,,,,,,,,,,,,,,,,,,
#REF!,NC_1384,,B2C,Signed,Expired,Nour Eddine,Far,,,,Studio Comfort,,1,Worker,,5/11/2026,5/10/2026,,6/10/2026,€ 640.00,,,,,"1,280",,,,,31,1,No,Jun-26,Jaime Orna,,,,Renovacion,0,,,0,0,,,,,,,,,,,,,,,,,,,,,,,,,,,,,,,,,,,,,,,,,,,,,,,,,,,,,,,,,,,,,,,,,,,,,,,,,,,,,,,,,,,,,,,,,,,,,,,,,,,,,,,,,,,,,,,,,,,,,,,,,,,,,,,,,
#REF!,NC_1265,,B2C,Signed,Expired,Xavier,Muriel Serrano,,,,Studio Comfort,,1,Worker,,4/15/2026,5/11/2026,,6/11/2026,"€ 1,090.00",,Renovation,NC_1424,,"1,280",,,,,31,1,yes,Jun-26,Clara Moran,,,,Renovación,0,,,0,0,,,,,,,,,,,,,,,,,,,,,,,,,,,,,,,,,,,,,,,,,,,,,,,,,,,,,,,,,,,,,,,,,,,,,,,,,,,,,,,,,,,,,,,,,,,,,,,,,,,,,,,,,,,,,,,,,,,,,,,,,,,,,,,,,/
#REF!,NC_0165,,B2C,Signed,Expired,Eleazar,Gomez Ruiz,,,,Studio Standard + Terrace,,1,Worker,,,6/13/2025,,6/12/2026,€ 895.00,,Renovation,NC_1135,,895,,,,1-Dec,364,12,yes,Jun-26,Clara Moran,,,,Clausula Cuatrecasas,0,895,,"497,874,180.00","41,489,515.00",,,,,,,,,,,,,,,,,,,,,,,,,,,,,,,,,,,,,,,,,,,,,,,,,,,,,,,,,,,,,,,,,,,,,,,,,,,,,,,,,,,,,,,,,,,,,,,,,,,,,,,,,,,,,,,,,,,,,,,,,,,,,,,,,
#REF!,NC_0762,,B2B,Signed,Expired,Ema Argenta SL,,,,,2 Bed (2/2),,2,Worker,Worker,11/20/2025,11/20/2025,11/18/2026,6/12/2026,"€ 1,325.00",R,,,,"1,325",Adenda Firmada,,,,363,7,yes,Jun-26,Clara Moran,,,,Pago trimestral,0,,,0,0,,,,,,,,,,,,,,,,,,,,,,,,,,,,,,,,,,,,,,,,,,,,,,,,,,,,,,,,,,,,,,,,,,,,,,,,,,,,,,,,,,,,,,,,,,,,,,,,,,,,,,,,,,,,,,,,,,,,,,,,,,,,,,,,,
#REF!,NC_0890,,B2C,Signed,Expired,Durgesh,Singh,,,,Studio Standard,,1,Student,,1/8/2026,1/12/2026,,6/12/2026,€ 970.00,,Renovation,NC_1576,,970,,,,,151,5,yes,Jun-26,Belen Lopez,,,,AMBERSTUDENT,0,,,0,0,,,,,,,,,,,,,,,,,,,,,,,,,,,,,,,,,,,,,,,,,,,,,,,,,,,,,,,,,,,,,,,,,,,,,,,,,,,,,,,,,,,,,,,,,,,,,,,,,,,,,,,,,,,,,,,,,,,,,,,,,,,,,,,,,
#REF!,NC_1191,,B2C,Signed,Expired,Denis,Lacoma Perdomo,,,,Studio Comfort,,1,Worker,,4/6/2026,4/11/2026,,6/12/2026,€ 640.00,,,,,"1,280",,,,,62,2,yes,Jun-26,Belen Lopez,,Parking 60€ autorizado por vicente,,Militar,0,,,0,0,,,,,,,,,,,,,,,,,,,,,,,,,,,,,,,,,,,,,,,,,,,,,,,,,,,,,,,,,,,,,,,,,,,,,,,,,,,,,,,,,,,,,,,,,,,,,,,,,,,,,,,,,,,,,,,,,,,,,,,,,,,,,,,,,
#REF!,NC_0383,,B2C,Signed,Expired,Guillermo Fausto,Pastrana Fernandez,,,,Studio Standard + Terrace,,1,Worker,,,8/13/2025,,6/13/2026,€ 830.00,,Renovation,NC_1252,,905,,75,,,304,10,yes,Jun-26,Belen Lopez,,,,Promo 10 meses,750,,,750,75,,,,,,,,,,,,,,,,,,,,,,,,,,,,,,,,,,,,,,,,,,,,,,,,,,,,,,,,,,,,,,,,,,,,,,,,,,,,,,,,,,,,,,,,,,,,,,,,,,,,,,,,,,,,,,,,,,,,,,,,,,,,,,,,,
#REF!,NC_0443,,B2C,Signed,Expired,Lennyra Helena,Martins Goncalves,,,Sandra Lopes dos Santos,Studio Rooftop,,1,Student,,9/3/2025,9/12/2025,,6/13/2026,€ 970.00,,Renovation,NC_1049,,970,,,,,274,9,yes,Jun-26,Clara Moran,,,,,0,,,0,0,,,,,,,,,,,,,,,,,,,,,,,,,,,,,,,,,,,,,,,,,,,,,,,,,,,,,,,,,,,,,,,,,,,,,,,,,,,,,,,,,,,,,,,,,,,,,,,,,,,,,,,,,,,,,,,,,,,,,,,,,,,,,,,,,
#REF!,NC_0176,,B2C,Signed,Expired,Khalil,Anane,Evgeniia,Chistiakova,,2 Bed (1/2),,2,Worker,Worker,,6/15/2025,,6/14/2026,"€ 1,215.00",,Renovation,NC_1131,,"1,215",,,,1-Dec,364,12,yes,Jun-26,Clara Moran,,,,Pago por trimestres,0,1215,,"675,885,060.00","56,323,755.00",,,,,,,,,,,,,,,,,,,,,,,,,,,,,,,,,,,,,,,,,,,,,,,,,,,,,,,,,,,,,,,,,,,,,,,,,,,,,,,,,,,,,,,,,,,,,,,,,,,,,,,,,,,,,,,,,,,,,,,,,,,,,,,,,
#REF!,NC_0267,,B2C,Signed,Expired,Jorge,Sanz Serrano,,,Isidora Serrano Martin,Studio Standard,,1,,,,7/14/2025,,6/14/2026,€ 765.00,,,,,765,,,,,335,11,yes,Jun-26,Clara Moran,,,,,0,,,0,0,,,,,,,,,,,,,,,,,,,,,,,,,,,,,,,,,,,,,,,,,,,,,,,,,,,,,,,,,,,,,,,,,,,,,,,,,,,,,,,,,,,,,,,,,,,,,,,,,,,,,,,,,,,,,,,,,,,,,,,,,,,,,,,,,
#REF!,NC_1405,,B2B2C,Signed,Expired,Hamza,Tanani Sidahmed,,,,Studio Standard + Terrace,,1,Student,,5/13/2026,5/14/2026,,6/14/2026,€ 640.00,,,,,"1,280",,,,,31,1,yes,Jun-26,Clara´Morán,,,,Paga renta en Recepción / Amber Student,,,,,,,,,,,,,,,,,,,,,,,,,,,,,,,,,,,,,,,,,,,,,,,,,,,,,,,,,,,,,,,,,,,,,,,,,,,,,,,,,,,,,,,,,,,,,,,,,,,,,,,,,,,,,,,,,,,,,,,,,,,,,,,,,,,,,,
#REF!,NC_0327,,B2C,Signed,Expired,Federico,Pedroza Rodríguez,,,,Studio Standard,,1,Student,,,9/15/2025,,6/15/2026,"€ 1,065.00",,Renovation,NC_1319,,785,,,,,273,9,yes,Jun-26,Jaime Orna,,COMBO/ESTUDIANTE,,Pago trimestral. Reserva Semi-Directa,0,,,0,0,,,,,,,,,,,,,,,,,,,,,,,,,,,,,,,,,,,,,,,,,,,,,,,,,,,,,,,,,,,,,,,,,,,,,,,,,,,,,,,,,,,,,,,,,,,,,,,,,,,,,,,,,,,,,,,,,,,,,,,,,,,,,,,,,
#REF!,NC_0481,,B2C,Signed,Expired,Asmae,Moussafir,,,,Studio Comfort,,1,Worker,,9/4/2025,9/15/2025,,6/15/2026,€ 905.00,R,,,,905,,,,,273,9,yes,Jun-26,Jaime Orna,,,,,0,,,0,0,,,,,,,,,,,,,,,,,,,,,,,,,,,,,,,,,,,,,,,,,,,,,,,,,,,,,,,,,,,,,,,,,,,,,,,,,,,,,,,,,,,,,,,,,,,,,,,,,,,,,,,,,,,,,,,,,,,,,,,,,,,,,,,,,
#REF!,NC_1107,,B2C,Signed,Expired,Jaime Jose,Alarcon Alarcon,,,,Studio Comfort,,1,Worker,,3/3/2026,3/5/2026,,6/15/2026,"€ 1,090.00",,,,Renovation,"1,090",,,,,102,3,yes,Jun-26,Belen Lopez,,,,,0,,,0,0,,,,,,,,,,,,,,,,,,,,,,,,,,,,,,,,,,,,,,,,,,,,,,,,,,,,,,,,,,,,,,,,,,,,,,,,,,,,,,,,,,,,,,,,,,,,,,,,,,,,,,,,,,,,,,,,,,,,,,,,,,,,,,,,,
#REF!,NC_1397,,B2C,Signed,Expired,Julia,Calatayud Moscoso del Prado,Sofia,Lopez Calatayud,,Studio Comfort,,2,Worker,Student,5/14/2026,5/16/2026,,6/15/2026,€ 640.00,,,,,"1,280",,,,,30,1,yes,Jun-26,Belen Lopez,,,,,,,,,,,,,,,,,,,,,,,,,,,,,,,,,,,,,,,,,,,,,,,,,,,,,,,,,,,,,,,,,,,,,,,,,,,,,,,,,,,,,,,,,,,,,,,,,,,,,,,,,,,,,,,,,,,,,,,,,,,,,,,,,,,,,,,,,,
#REF!,NC_1404,,B2C,Signed,Expired,Pablo,Lopez Mesa,Blanac,Lopez Calatayud,,Studio Comfort,,2,Worker,Student,5/14/2026,5/16/2026,,6/15/2026,€ 650.00,,,,,"1,280",,,,,30,1,yes,Jun-26,Belen Lopez,,,,,,,,,,,,,,,,,,,,,,,,,,,,,,,,,,,,,,,,,,,,,,,,,,,,,,,,,,,,,,,,,,,,,,,,,,,,,,,,,,,,,,,,,,,,,,,,,,,,,,,,,,,,,,,,,,,,,,,,,,,,,,,,,,,,,,,,,,
#REF!,NC_0118,,B2C,Signed,Expired,Lisa Michelle,McTigue,,,,Studio Comfort,,1,Worker,,,6/17/2025,,6/16/2026,€ 865.00,,Renovation,NC_0898,,865,,,,1-Dec,364,12,yes,Jun-26,Clara Moran,,,,,0,865,,"481,185,660.00","40,098,805.00",,,,,,,,,,,,,,,,,,,,,,,,,,,,,,,,,,,,,,,,,,,,,,,,,,,,,,,,,,,,,,,,,,,,,,,,,,,,,,,,,,,,,,,,,,,,,,,,,,,,,,,,,,,,,,,,,,,,,,,,,,,,,,,,,
#REF!,NC_0119,,B2C,Signed,Expired,Laura Joelle,McTigue,,,,Studio Standard + Terrace,,1,Worker,,,6/17/2025,,6/16/2026,€ 895.00,,Renovation,NC_0899,,895,,,,1-Dec,364,12,yes,Jun-26,Clara Moran,,,,,0,895,,"497,874,180.00","41,489,515.00",,,,,,,,,,,,,,,,,,,,,,,,,,,,,,,,,,,,,,,,,,,,,,,,,,,,,,,,,,,,,,,,,,,,,,,,,,,,,,,,,,,,,,,,,,,,,,,,,,,,,,,,,,,,,,,,,,,,,,,,,,,,,,,,,
#REF!,NC_0197,,B2C,Signed,Expired,Antonio Jose,DIas de Fraga Brum,,,,Studio Rooftop,,1,Worker,,,6/20/2025,,6/18/2026,€ 920.00,,Renovation,NC_1090,,920,,,,1-Dec,363,12,yes,Jun-26,Jaime Orna,,,,Tiene Junio + Julio Pagado,0,920,,"511,781,280.00","42,648,440.00",,,,,,,,,,,,,,,,,,,,,,,,,,,,,,,,,,,,,,,,,,,,,,,,,,,,,,,,,,,,,,,,,,,,,,,,,,,,,,,,,,,,,,,,,,,,,,,,,,,,,,,,,,,,,,,,,,,,,,,,,,,,,,,,,
#REF!,NC_1411,,B2C,Signed,Expired,Yamila Rosa,Bodello,,,,Studio Standard + Terrace,,1,Worker,,5/15/2026,5/18/2026,,6/18/2026,€ 635.00,,Renovation,NC_1591,,"1,280",,,,,31,1,yes,Jun-26,Belen Lopez,,,,Renovación,0,,,0,0,,,,,,,,,,,,,,,,,,,,,,,,,,,,,,,,,,,,,,,,,,,,,,,,,,,,,,,,,,,,,,,,,,,,,,,,,,,,,,,,,,,,,,,,,,,,,,,,,,,,,,,,,,,,,,,,,,,,,,,,,,,,,,,,,
#REF!,NC_1421,,B2C,Signed,Expired,Hamza,Samir,,,,Studio Comfort,,1,Worker,,5/18/2026,5/18/2026,,6/18/2026,€ 640.00,,Renovation,NC_1577,,"1,280",,,,,31,1,yes,Jun-26,Jaime Orna,,,,Renovacion,,,,0,0,,,,,,,,,,,,,,,,,,,,,,,,,,,,,,,,,,,,,,,,,,,,,,,,,,,,,,,,,,,,,,,,,,,,,,,,,,,,,,,,,,,,,,,,,,,,,,,,,,,,,,,,,,,,,,,,,,,,,,,,,,,,,,,,,
#REF!,NC_0154,,B2C,Signed,Expired,Nikita,Pakhomenko,,,,2 Bed (2/2),,1,Worker,,,6/22/2025,,6/21/2026,"€ 1,290.00",,,,,"1,290",,,,1-Dec,364,12,yes,Jun-26,Clara Moran,,,Paga la estancia completa,,0,1290,,"717,606,360.00","59,800,530.00",,,,,,,,,,,,,,,,,,,,,,,,,,,,,,,,,,,,,,,,,,,,,,,,,,,,,,,,,,,,,,,,,,,,,,,,,,,,,,,,,,,,,,,,,,,,,,,,,,,,,,,,,,,,,,,,,,,,,,,,,,,,,,,,,
#REF!,NC_1181,,B2C,Signed,Expired,Jose Maria,Albert de Paco,,,,Studio Comfort,,1,Worker,,3/19/2026,3/20/2026,,6/21/2026,"€ 1,190.00",,Renovation,NC_1463,,"1,190",,,,,93,3,yes,Jun-26,Clara Moran,,,,,0,,,0,0,,,,,,,,,,,,,,,,,,,,,,,,,,,,,,,,,,,,,,,,,,,,,,,,,,,,,,,,,,,,,,,,,,,,,,,,,,,,,,,,,,,,,,,,,,,,,,,,,,,,,,,,,,,,,,,,,,,,,,,,,,,,,,,,,//
#REF!,NC_0429,,B2C,Signed,Expired,Marta,Gonzalez Marquez,,,Manuel Gonzalez Lopez,Studio Standard,,1,Student,,9/3/2025,9/21/2025,,6/22/2026,"€ 1,065.00",,,,,785,,,,,274,9,yes,Jun-26,Clara Moran,,COMBO/ESTUDIANTE,,,0,,,0,0,,,,,,,,,,,,,,,,,,,,,,,,,,,,,,,,,,,,,,,,,,,,,,,,,,,,,,,,,,,,,,,,,,,,,,,,,,,,,,,,,,,,,,,,,,,,,,,,,,,,,,,,,,,,,,,,,,,,,,,,,,,,,,,,,
#REF!,NC_1179,,B2B2C,Signed,Expired,Nikita Joanna,Verhoeven,,,,Studio Comfort,,1,Worker,,3/20/2026,3/21/2026,,6/22/2026,"€ 1,090.00",,,,,"1,090",,,,,93,3,yes,Jun-26,Clara Moran,,,,Reserva Facebook,0,,,0,0,,,,,,,,,,,,,,,,,,,,,,,,,,,,,,,,,,,,,,,,,,,,,,,,,,,,,,,,,,,,,,,,,,,,,,,,,,,,,,,,,,,,,,,,,,,,,,,,,,,,,,,,,,,,,,,,,,,,,,,,,,,,,,,,,
#REF!,NC_0199,,B2C,Signed,Expired,Sandra Nadia,Labani,,,,Studio Comfort,,1,Worker,,,6/24/2025,,6/23/2026,€ 865.00,R,,,,865,,,,1-Dec,364,12,yes,Jun-26,Clara Moran,,,,,0,865,,"481,185,660.00","40,098,805.00",,,,,,,,,,,,,,,,,,,,,,,,,,,,,,,,,,,,,,,,,,,,,,,,,,,,,,,,,,,,,,,,,,,,,,,,,,,,,,,,,,,,,,,,,,,,,,,,,,,,,,,,,,,,,,,,,,,,,,,,,,,,,,,,,
#REF!,NC_0986,,B2C,Signed,Expired,Maria Elena,Perez Fernandez,Marcos,Enríquez Pérez,,Studio Standard + Terrace,,2,Worker,Student,2/2/2026,2/4/2026,,6/24/2026,"€ 1,190.00",,Renovation,NC_1477,,"1,190",,,,0.05,140,5,yes,Jun-26,Belen Lopez,,Promo 5% Descuento,,,0,"1,190 €",,297.5,59.5,,,,,,,,,,,,,,,,,,,,,,,,,,,,,,,,,,,,,,,,,,,,,,,,,,,,,,,,,,,,,,,,,,,,,,,,,,,,,,,,,,,,,,,,,,,,,,,,,,,,,,,,,,,,,,,,,,,,,,,,,,,,,,,,,
#REF!,NC_1385,,B2C,Signed,Expired,Miguel Mauricio,Cabrales Delgado,,,,Studio Standard + Terrace,,1,Worker,,5/14/2026,5/26/2026,,6/25/2026,€ 640.00,,,,,"1,280",,,,,30,1,yes,Jun-26,Belen Lopez,,,,,0,,,0,0,,,,,,,,,,,,,,,,,,,,,,,,,,,,,,,,,,,,,,,,,,,,,,,,,,,,,,,,,,,,,,,,,,,,,,,,,,,,,,,,,,,,,,,,,,,,,,,,,,,,,,,,,,,,,,,,,,,,,,,,,,,,,,,,,
#REF!,NC_1443,,B2B,Signed,Expired,Caranorte Ingenieros SL,,,,,Studio Comfort,,1,Worker,,5/21/2026,5/25/2026,,6/25/2026,€ 640.00,,,,,"1,280",,,,,31,1,yes,Jun-26,Clara Moran,,,,,,,,0,0,,,,,,,,,,,,,,,,,,,,,,,,,,,,,,,,,,,,,,,,,,,,,,,,,,,,,,,,,,,,,,,,,,,,,,,,,,,,,,,,,,,,,,,,,,,,,,,,,,,,,,,,,,,,,,,,,,,,,,,,,,,,,,,,,
#REF!,NC_1444,,B2B,Signed,Expired,Caranorte Ingenieros SL,,,,,Studio Comfort,,1,Worker,,5/21/2026,5/25/2026,,6/25/2026,€ 640.00,,,,,"1,280",,,,,31,1,yes,Jun-26,Clara Moran,,,,,,,,0,0,,,,,,,,,,,,,,,,,,,,,,,,,,,,,,,,,,,,,,,,,,,,,,,,,,,,,,,,,,,,,,,,,,,,,,,,,,,,,,,,,,,,,,,,,,,,,,,,,,,,,,,,,,,,,,,,,,,,,,,,,,,,,,,,,//
#REF!,NC_1445,,B2B,Signed,Expired,Caranorte Ingenieros SL,,,,,Studio Comfort,,1,Worker,,5/21/2026,5/25/2026,,6/25/2026,€ 640.00,,,,,"1,280",,,,,31,1,yes,Jun-26,Clara Moran,,,,Policia/Paga depósito,,,,0,0,,,,,,,,,,,,,,,,,,,,,,,,,,,,,,,,,,,,,,,,,,,,,,,,,,,,,,,,,,,,,,,,,,,,,,,,,,,,,,,,,,,,,,,,,,,,,,,,,,,,,,,,,,,,,,,,,,,,,,,,,,,,,,,,,//
#REF!,NC_0772,,B2C,Signed,Expired,Albert,Canet Estruch,,,,Studio Standard + Terrace,,1,Worker,,11/25/2025,1/18/2026,,6/26/2026,"€ 1,030.00",,,,,"1,030",,,,,159,5,yes,Jun-26,Belen Lopez,,,,Renovacion,0,,,0,0,,,,,,,,,,,,,,,,,,,,,,,,,,,,,,,,,,,,,,,,,,,,,,,,,,,,,,,,,,,,,,,,,,,,,,,,,,,,,,,,,,,,,,,,,,,,,,,,,,,,,,,,,,,,,,,,,,,,,,,,,,,,,,,,,
#REF!,NC_0138,,B2C,Signed,Expired,Jackeline Maria,Poveda Roa,Oriana Karolina,Davila Miranda,,Studio Standard + Terrace,,2,Worker,Worker,,6/29/2025,,6/27/2026,€ 995.00,,Renovation,NC_1273,,995,,,,1-Dec,363,12,yes,Jun-26,Belen Lopez,,,Pago estancia completa,,0,995,,"553,502,580.00","46,125,215.00",,,,,,,,,,,,,,,,,,,,,,,,,,,,,,,,,,,,,,,,,,,,,,,,,,,,,,,,,,,,,,,,,,,,,,,,,,,,,,,,,,,,,,,,,,,,,,,,,,,,,,,,,,,,,,,,,,,,,,,,,,,,,,,,,
#REF!,NC_0431,,B2C,Signed,Expired,Rodrigo,Martin Gijon-Bonales,,,Trinidad Romero Gijon-Bonales,Studio Comfort,,1,,,,9/6/2025,,6/27/2026,€ 905.00,,,,,905,,,,,294,10,yes,Jun-26,Clara Moran,,,,Reserva Semi-Directa,0,,,0,0,,,,,,,,,,,,,,,,,,,,,,,,,,,,,,,,,,,,,,,,,,,,,,,,,,,,,,,,,,,,,,,,,,,,,,,,,,,,,,,,,,,,,,,,,,,,,,,,,,,,,,,,,,,,,,,,,,,,,,,,,,,,,,,,,
#REF!,NC_0489,,B2C,Signed,Expired,Benny,Wang,,,,Studio Standard,,1,Worker,,9/8/2025,9/10/2025,,6/27/2026,€ 820.00,,,,,820,,,,,290,10,yes,Jun-26,Clara Moran,,,,Pago trimestral,0,,,0,0,,,,,,,,,,,,,,,,,,,,,,,,,,,,,,,,,,,,,,,,,,,,,,,,,,,,,,,,,,,,,,,,,,,,,,,,,,,,,,,,,,,,,,,,,,,,,,,,,,,,,,,,,,,,,,,,,,,,,,,,,,,,,,,,,
#REF!,NC_0738,,B2C,Signed,Expired,Niki Sadat,Arezehgar,,,,Studio Rooftop,,1,Student,,12/2/2025,12/27/2025,,6/27/2026,"€ 1,070.00",,,,,"1,100",,83,,,182,6,yes,Jun-26,Clara Moran,,,,Renovacion/PROMO 500 €,498,,,498,83,,,,,,,,,,,,,,,,,,,,,,,,,,,,,,,,,,,,,,,,,,,,,,,,,,,,,,,,,,,,,,,,,,,,,,,,,,,,,,,,,,,,,,,,,,,,,,,,,,,,,,,,,,,,,,,,,,,,,,,,,,,,,,,,,
#REF!,NC_1190,,B2C,Signed,Expired,Nuris del Carmen,Niebles Gomez,Nicolas,Feliz Niebles,,2 Bed (1/2),,2,Worker,Worker,3/23/2026,3/27/2026,,6/27/2026,"€ 1,440.00",,Renovation,NC_1540,,"1,440",,,,,92,3,yes,Jun-26,Belen Lopez,,,,Direct booking,0,,,0,0,,,,,,,,,,,,,,,,,,,,,,,,,,,,,,,,,,,,,,,,,,,,,,,,,,,,,,,,,,,,,,,,,,,,,,,,,,,,,,,,,,,,,,,,,,,,,,,,,,,,,,,,,,,,,,,,,,,,,,,,,,,,,,,,,
#REF!,NC_0317,,B2C,Signed,Expired,Elisa,Montañes Ascaso,,,Santiago Montañés Uson,Studio Comfort,,1,Student,,,8/28/2025,,6/28/2026,€ 905.00,,,,,905,,,,,304,10,yes,Jun-26,Belen Lopez,,,,,0,,,0,0,,,,,,,,,,,,,,,,,,,,,,,,,,,,,,,,,,,,,,,,,,,,,,,,,,,,,,,,,,,,,,,,,,,,,,,,,,,,,,,,,,,,,,,,,,,,,,,,,,,,,,,,,,,,,,,,,,,,,,,,,,,,,,,,,
#REF!,NC_0688,,B2C,Signed,Expired,Victoria,Gooseva,,,,Studio Standard + Terrace,,1,Worker,,10/28/2025,10/28/2025,,6/28/2026,"€ 1,020.00",,,,,"1,020",,,,,243,8,yes,Jun-26,Belen Lopez,,,,,0,,,0,0,,,,,,,,,,,,,,,,,,,,,,,,,,,,,,,,,,,,,,,,,,,,,,,,,,,,,,,,,,,,,,,,,,,,,,,,,,,,,,,,,,,,,,,,,,,,,,,,,,,,,,,,,,,,,,,,,,,,,,,,,,,,,,,,,
#REF!,NC_1311,,B2C,Signed,Expired,Jhohn Eduard,Espitia Hernandez,,,,Studio Comfort,,1,Worker,,4/22/2026,5/2/2026,,6/28/2026,€ 640.00,,,,,"1,280",,,,,57,2,yes,Jun-26,Belen Lopez,,,,,0,,,0,0,,,,,,,,,,,,,,,,,,,,,,,,,,,,,,,,,,,,,,,,,,,,,,,,,,,,,,,,,,,,,,,,,,,,,,,,,,,,,,,,,,,,,,,,,,,,,,,,,,,,,,,,,,,,,,,,,,,,,,,,,,,,,,,,,
#REF!,NC_1291,,B2C,Signed,Expired,Mari Carmen,Garcia Gomar,Oscar,Gonzalez Garcia,,2 Bed (1/2),,2,Worker,Student,4/16/2026,4/29/2026,,6/29/2026,€ 782.50,,,,,"1,565",,,,,61,2,yes,Jun-26,Clara Moran,,,,Paga por adelantado /Mascota con certificado,0,,,0,0,,,,,,,,,,,,,,,,,,,,,,,,,,,,,,,,,,,,,,,,,,,,,,,,,,,,,,,,,,,,,,,,,,,,,,,,,,,,,,,,,,,,,,,,,,,,,,,,,,,,,,,,,,,,,,,,,,,,,,,,,,,,,,,,,//
#REF!,NC_1455,,B2B,Signed,Expired,Naes Construccions i Disenny SL,,,,,Studio Comfort,,1,Worker,,5/27/2026,5/29/2026,,6/29/2026,€ 640.00,,,,,"1,280",,,,,31,1,yes,Jun-26,Clara Moran,,,,Renovacion,0,,,0,0,,,,,,,,,,,,,,,,,,,,,,,,,,,,,,,,,,,,,,,,,,,,,,,,,,,,,,,,,,,,,,,,,,,,,,,,,,,,,,,,,,,,,,,,,,,,,,,,,,,,,,,,,,,,,,,,,,,,,,,,,,,,,,,,,
#REF!,NC_1456,,B2B,Signed,Expired,Naes Construccions i Disenny SL,,,,,Studio Comfort,,1,Worker,,5/27/2026,5/29/2026,,6/29/2026,€ 640.00,,,,,"1,280",,,,,31,1,yes,Jun-26,Clara Moran,,,,Renovacion,0,,,0,0,,,,,,,,,,,,,,,,,,,,,,,,,,,,,,,,,,,,,,,,,,,,,,,,,,,,,,,,,,,,,,,,,,,,,,,,,,,,,,,,,,,,,,,,,,,,,,,,,,,,,,,,,,,,,,,,,,,,,,,,,,,,,,,,,
#REF!,NC_1472,,B2B2C,Signed,Expired,David,Miller,Diana Carolina,Espinal Vasquez,,Studio Standard + Terrace,,2,Worker,Worker,5/27/2026,5/29/2026,,6/29/2026,€ 0.00,,,,,"1,280",,,,,31,1,yes,Jun-26,Clara Moran,,,,Reserva AiIRBNB,0,,,0,0,,,,,,,,,,,,,,,,,,,,,,,,,,,,,,,,,,,,,,,,,,,,,,,,,,,,,,,,,,,,,,,,,,,,,,,,,,,,,,,,,,,,,,,,,,,,,,,,,,,,,,,,,,,,,,,,,,,,,,,,,,,,,,,,,
#REF!,NC_0007,,B2C,Signed,Expired,Abraham,Lopez De Lerma,,,,Studio Standard,,1,Worker,,,7/1/2025,,6/30/2026,€ 765.00,,Renovation,NC_1512,,765,,,,1-Dec,364,12,yes,Jun-26,Jaime Orna,,,,,0,765,,"425,557,260.00","35,463,105.00",,,,,,,,,,,,,,,,,,,,,,,,,,,,,,,,,,,,,,,,,,,,,,,,,,,,,,,,,,,,,,,,,,,,,,,,,,,,,,,,,,,,,,,,,,,,,,,,,,,,,,,,,,,,,,,,,,,,,,,,,,,,,,,,,
#REF!,NC_0058,,B2C,Signed,Expired,Nikolai,Gavrikov,,,,Studio Standard,,1,Student,,,7/1/2025,,6/30/2026,€ 765.00,,Renovation,NC_1004,,765,,,,1-Dec,364,12,yes,Jun-26,Clara Moran,,,,,0,765,,"425,557,260.00","35,463,105.00",,,,,,,,,,,,,,,,,,,,,,,,,,,,,,,,,,,,,,,,,,,,,,,,,,,,,,,,,,,,,,,,,,,,,,,,,,,,,,,,,,,,,,,,,,,,,,,,,,,,,,,,,,,,,,,,,,,,,,,,,,,,,,,,,
#REF!,NC_0064,,B2C,Signed,Expired,Malak,Messour,,,Adbdelfattah Messour,Studio Comfort,,1,Student,,,7/1/2025,,6/30/2026,€ 855.00,,Renovation,NC_1468,,855,,,,1-Dec,364,12,yes,Jun-26,Belen Lopez,,,,,0,855,,"475,622,820.00","39,635,235.00",,,,,,,,,,,,,,,,,,,,,,,,,,,,,,,,,,,,,,,,,,,,,,,,,,,,,,,,,,,,,,,,,,,,,,,,,,,,,,,,,,,,,,,,,,,,,,,,,,,,,,,,,,,,,,,,,,,,,,,,,,,,,,,,,
#REF!,NC_0161,,B2C,Signed,Expired,Estefanía Zoe,Gonzalez Cintron,Tensy Lanette,Cintron Santiago,,2 Bed (1/2),,2,Worker,Worker,,7/31/2025,,6/30/2026,"€ 1,215.00",,Renovation,NC_1495,,"1,215",,,,1-Dec,334,11,yes,Jun-26,Belen Lopez,,,Trimestral,,0,1215,,"619,561,305.00","56,323,755.00",,,,,,,,,,,,,,,,,,,,,,,,,,,,,,,,,,,,,,,,,,,,,,,,,,,,,,,,,,,,,,,,,,,,,,,,,,,,,,,,,,,,,,,,,,,,,,,,,,,,,,,,,,,,,,,,,,,,,,,,,,,,,,,,,
#REF!,NC_0180,,B2C,Signed,Expired,Ana Luiza,Lofego,,,,Studio Rooftop,,1,Worker,,,7/1/2025,,6/30/2026,€ 920.00,,Renovation,NC_1473,,920,,,,1-Dec,364,12,yes,Jun-26,Jaime Orna,,,,,0,920,,"511,781,280.00","42,648,440.00",,,,,,,,,,,,,,,,,,,,,,,,,,,,,,,,,,,,,,,,,,,,,,,,,,,,,,,,,,,,,,,,,,,,,,,,,,,,,,,,,,,,,,,,,,,,,,,,,,,,,,,,,,,,,,,,,,,,,,,,,,,,,,,,,
#REF!,NC_0187,,B2C,Signed,Expired,Maria,Franco,Natalia,Miranda Perello,,Studio Rooftop,,2,Worker,Worker,,8/30/2025,,6/30/2026,"€ 1,030.00",,Renovation,NC_1345,,"1,030",,,,,304,10,yes,Jun-26,Clara Moran,,,,,0,,,0,0,,,,,,,,,,,,,,,,,,,,,,,,,,,,,,,,,,,,,,,,,,,,,,,,,,,,,,,,,,,,,,,,,,,,,,,,,,,,,,,,,,,,,,,,,,,,,,,,,,,,,,,,,,,,,,,,,,,,,,,,,,,,,,,,,
#REF!,NC_0194,,B2C,Signed,Expired,Maria Guadalupe,Gomez Castro,Michelina,Grasso,,Studio Rooftop,,2,Student,Worker,,7/1/2025,,6/30/2026,"€ 1,020.00",,Renovation,NC_1124,,"1,020",,,,1-Dec,364,12,yes,Jun-26,Clara Moran,,,,,,,,,,,,,,,,,,,,,,,,,,,,,,,,,,,,,,,,,,,,,,,,,,,,,,,,,,,,,,,,,,,,,,,,,,,,,,,,,,,,,,,,,,,,,,,,,,,,,,,,,,,,,,,,,,,,,,,,,,,,,,,,,,,,,,,,,,
#REF!,NC_0195,,B2C,Signed,Expired,Eva,Segura Zaragoza,,,Jose Luis Segura Jimenez,Studio Standard,,1,Student,,,9/1/2025,,6/30/2026,€ 775.00,,,,,775,,,,,302,10,yes,Jun-26,Clara Moran,,,,,0,,,0,0,,,,,,,,,,,,,,,,,,,,,,,,,,,,,,,,,,,,,,,,,,,,,,,,,,,,,,,,,,,,,,,,,,,,,,,,,,,,,,,,,,,,,,,,,,,,,,,,,,,,,,,,,,,,,,,,,,,,,,,,,,,,,,,,,
#REF!,NC_0204,,B2C,Signed,Expired,Eni,Disha,,,,Studio Comfort,,1,Student,,,9/1/2025,,6/30/2026,€ 875.00,,,,,875,,,,1-Dec,302,10,yes,Jun-26,Clara Moran,,,,Promo Comfort 10 + 1 + 4 - Pago 5 Meses por adelantado,0,875,,"405,623,750.00","40,562,375.00",,,,,,,,,,,,,,,,,,,,,,,,,,,,,,,,,,,,,,,,,,,,,,,,,,,,,,,,,,,,,,,,,,,,,,,,,,,,,,,,,,,,,,,,,,,,,,,,,,,,,,,,,,,,,,,,,,,,,,,,,,,,,,,,,
#REF!,NC_0232,,B2C,Signed,Expired,Javier,Moreno Reyes,,,,Studio Comfort,,1,Worker,,,7/1/2025,,6/30/2026,€ 865.00,,Renovation,NC_1242,,865,,,,1-Dec,364,12,yes,Jun-26,Belen Lopez,,,,,0,865,,"481,185,660.00","40,098,805.00",,,,,,,,,,,,,,,,,,,,,,,,,,,,,,,,,,,,,,,,,,,,,,,,,,,,,,,,,,,,,,,,,,,,,,,,,,,,,,,,,,,,,,,,,,,,,,,,,,,,,,,,,,,,,,,,,,,,,,,,,,,,,,,,,
#REF!,NC_0252,,B2C,Signed,Expired,Juan Felipe,Flores Rodriguez,,,,Studio Standard,,1,Student,,,9/1/2025,,6/30/2026,"€ 1,055.00",,Renovation,NC_1142,,775,,,,,302,10,yes,Jun-26,Belen Lopez,,COMBO/ESTUDIANTE,,Promo Studio Standard + Media Pensión 20 Servicios,0,,,0,0,,,,,,,,,,,,,,,,,,,,,,,,,,,,,,,,,,,,,,,,,,,,,,,,,,,,,,,,,,,,,,,,,,,,,,,,,,,,,,,,,,,,,,,,,,,,,,,,,,,,,,,,,,,,,,,,,,,,,,,,,,,,,,,,,
#REF!,NC_0274,,B2C,Signed,Expired,Eiden,Tur Gonzalez,,,Roberto Gregorio Tur Reyes / Sandra Judith Gonzalez Goetschel,Studio Standard,,1,,,,8/15/2025,,6/30/2026,"€ 1,055.00",,Renovation,NC_1313,,775,,,,,319,10,yes,Jun-26,Jaime Orna,,COMBO/ESTUDIANTE,,Promo Studio Standard + Media Pensión 20 Servicios,0,,,0,0,,,,,,,,,,,,,,,,,,,,,,,,,,,,,,,,,,,,,,,,,,,,,,,,,,,,,,,,,,,,,,,,,,,,,,,,,,,,,,,,,,,,,,,,,,,,,,,,,,,,,,,,,,,,,,,,,,,,,,,,,,,,,,,,,
#REF!,NC_0326,,B2C,Signed,Expired,Mohamed Jamil,Ghannouchi,,,,Studio Standard + Terrace,,1,Worker,,,8/1/2025,7/30/2026,6/30/2026,€ 905.00,R,,,,905,Adenda Enviada,,,1-Dec,363,11,yes,Jun-26,Belen Lopez,,,,,0,905,,"461,483,935.00","41,953,085.00",,,,,,,,,,,,,,,,,,,,,,,,,,,,,,,,,,,,,,,,,,,,,,,,,,,,,,,,,,,,,,,,,,,,,,,,,,,,,,,,,,,,,,,,,,,,,,,,,,,,,,,,,,,,,,,,,,,,,,,,,,,,,,,,,
#REF!,NC_0328,,B2C,Signed,Expired,Lucía Yunling,Arbizu Pombo,,,María Carmen Pombo González,Studio Standard,,1,Student,,,9/30/2025,,6/30/2026,"€ 1,055.00",,,,,775,,,,,273,9,yes,Jun-26,Belen Lopez,,COMBO/ESTUDIANTE,,,0,,,0,0,,,,,,,,,,,,,,,,,,,,,,,,,,,,,,,,,,,,,,,,,,,,,,,,,,,,,,,,,,,,,,,,,,,,,,,,,,,,,,,,,,,,,,,,,,,,,,,,,,,,,,,,,,,,,,,,,,,,,,,,,,,,,,,,,
#REF!,NC_0329,,B2C,Signed,Expired,Anshul,Kanda Raj,,,Mancy Kanda Raj / Dipika Raj Verma,Studio Standard,,1,Student,,,9/1/2025,,6/30/2026,"€ 1,065.00",,Renovation,NC_0995,,785,,,,,302,10,yes,Jun-26,Belen Lopez,,COMBO/ESTUDIANTE,,,0,,,0,0,,,,,,,,,,,,,,,,,,,,,,,,,,,,,,,,,,,,,,,,,,,,,,,,,,,,,,,,,,,,,,,,,,,,,,,,,,,,,,,,,,,,,,,,,,,,,,,,,,,,,,,,,,,,,,,,,,,,,,,,,,,,,,,,,
#REF!,NC_0356,,B2C,Signed,Expired,Rabia Aslihan,Dalbay,,,Ilhan Dalbay,Studio Rooftop,,1,Student,,,9/1/2025,,6/30/2026,€ 970.00,,Renovation,NC_1521,,970,,,,,302,10,yes,Jun-26,Belen Lopez,,,,,0,,,0,0,,,,,,,,,,,,,,,,,,,,,,,,,,,,,,,,,,,,,,,,,,,,,,,,,,,,,,,,,,,,,,,,,,,,,,,,,,,,,,,,,,,,,,,,,,,,,,,,,,,,,,,,,,,,,,,,,,,,,,,,,,,,,,,,,
#REF!,NC_0361,,B2C,Signed,Expired,Ionut Marcos,Popa,,,Eugenia Popa,Studio Standard,,1,Student,,,9/1/2025,,6/30/2026,"€ 1,065.00",,Renovation,NC_1063,,785,,,,,302,10,yes,Jun-26,Belen Lopez,,COMBO/ESTUDIANTE,,Reserva Semi-Directa,0,,,0,0,,,,,,,,,,,,,,,,,,,,,,,,,,,,,,,,,,,,,,,,,,,,,,,,,,,,,,,,,,,,,,,,,,,,,,,,,,,,,,,,,,,,,,,,,,,,,,,,,,,,,,,,,,,,,,,,,,,,,,,,,,,,,,,,,
#REF!,NC_0365,,B2C,Signed,Expired,Monique,Flandorffer,,,,Studio Standard,,1,Student,,,8/20/2025,,6/30/2026,"€ 1,065.00",,Renovation,NC_1716,,785,,,,,314,10,yes,Jun-26,Belen Lopez,,COMBO/ESTUDIANTE,,Pago Trimestral,0,,,0,0,,,,,,,,,,,,,,,,,,,,,,,,,,,,,,,,,,,,,,,,,,,,,,,,,,,,,,,,,,,,,,,,,,,,,,,,,,,,,,,,,,,,,,,,,,,,,,,,,,,,,,,,,,,,,,,,,,,,,,,,,,,,,,,,,
#REF!,NC_0389,,B2B,Signed,Expired,Pertescsan SL,,,,,2 Bed (1/2),,2,,,,8/25/2025,,6/30/2026,"€ 1,225.00",,,,,"1,225",,,,,309,10,yes,Jun-26,Clara Moran,,,,,0,,,0,0,,,,,,,,,,,,,,,,,,,,,,,,,,,,,,,,,,,,,,,,,,,,,,,,,,,,,,,,,,,,,,,,,,,,,,,,,,,,,,,,,,,,,,,,,,,,,,,,,,,,,,,,,,,,,,,,,,,,,,,,,,,,,,,,,
#REF!,NC_0392,,B2C,Signed,Expired,Manal,Farrahmouni Nouri,,,Yasin Er Rahnouni Sadik,Studio Standard,,1,Student,,,9/1/2025,,6/30/2026,€ 820.00,,,,,820,,,,,302,10,yes,Jun-26,Clara Moran,,,,Reserva de HOUSINGANYWHERE,0,,,0,0,,,,,,,,,,,,,,,,,,,,,,,,,,,,,,,,,,,,,,,,,,,,,,,,,,,,,,,,,,,,,,,,,,,,,,,,,,,,,,,,,,,,,,,,,,,,,,,,,,,,,,,,,,,,,,,,,,,,,,,,,,,,,,,,,
#REF!,NC_0401,,B2C,Signed,Expired,Faahei Oceane,Lefoc,,,Vanina Colombani,Studio Comfort,,1,Worker,,,8/29/2025,,6/30/2026,€ 905.00,,,,,905,,,,,305,10,yes,Jun-26,Clara Moran,,,,,0,,,0,0,,,,,,,,,,,,,,,,,,,,,,,,,,,,,,,,,,,,,,,,,,,,,,,,,,,,,,,,,,,,,,,,,,,,,,,,,,,,,,,,,,,,,,,,,,,,,,,,,,,,,,,,,,,,,,,,,,,,,,,,,,,,,,,,,
#REF!,NC_0407,,B2C,Signed,Expired,Carmen,Ortuño Lopez,Silvia,Egea Amurrio,Inmaculada Irene Lopez Martinez / Rosario Amurrio Sanchez,2 Bed (1/2),,2,Student,Student,,9/6/2025,,6/30/2026,"€ 1,225.00",,,,,"1,225",,,,,297,10,yes,Jun-26,Clara Moran,,,,,0,,,0,0,,,,,,,,,,,,,,,,,,,,,,,,,,,,,,,,,,,,,,,,,,,,,,,,,,,,,,,,,,,,,,,,,,,,,,,,,,,,,,,,,,,,,,,,,,,,,,,,,,,,,,,,,,,,,,,,,,,,,,,,,,,,,,,,,
#REF!,NC_0486,,B2C,Signed,Expired,María Juliana,Rovira Guerrera,,,Viviana Gabriela Cerdeño Guerrero,2 Bed (1/2),,1,Student,,9/8/2025,9/8/2025,9/7/2026,6/30/2026,"€ 1,225.00",Y,,,,"1,225",Adenda Firmada,,,,364,10,yes,Jun-26,Belen Lopez,,,,Reserva Semi-Directa,0,,,0,0,,,,,,,,,,,,,,,,,,,,,,,,,,,,,,,,,,,,,,,,,,,,,,,,,,,,,,,,,,,,,,,,,,,,,,,,,,,,,,,,,,,,,,,,,,,,,,,,,,,,,,,,,,,,,,,,,,,,,,,,,,,,,,,,,
#REF!,NC_0503,,B2C,Signed,Expired,Ibrahim,Lofti,,,,Studio Rooftop,,1,Student,,9/12/2025,9/13/2025,,6/30/2026,€ 970.00,,Renovation,NC_1908,,970,,,,,290,10,yes,Jun-26,Clara Moran,,,,pago por trimestres/Amber Student,0,,,0,0,,,,,,,,,,,,,,,,,,,,,,,,,,,,,,,,,,,,,,,,,,,,,,,,,,,,,,,,,,,,,,,,,,,,,,,,,,,,,,,,,,,,,,,,,,,,,,,,,,,,,,,,,,,,,,,,,,,,,,,,,,,,,,,,,
#REF!,NC_0515,,B2C,Signed,Expired,Alba Maria,Cascales Lopez,,,,Studio Standard + Terrace,,1,Worker,,9/12/2025,9/14/2025,,6/30/2026,€ 905.00,,Renovation,NC_1641,,905,,,,,289,9,yes,Jun-26,Belen Lopez,,,,,0,,,0,0,,,,,,,,,,,,,,,,,,,,,,,,,,,,,,,,,,,,,,,,,,,,,,,,,,,,,,,,,,,,,,,,,,,,,,,,,,,,,,,,,,,,,,,,,,,,,,,,,,,,,,,,,,,,,,,,,,,,,,,,,,,,,,,,,
#REF!,NC_0518,,B2C,Signed,Expired,Andrea,Sobrino Hernández,Javier,Garrido Vergara,Jose Antonio Sobrino Rodríguez,Studio Standard + Terrace,,2,Worker,Worker,9/15/2025,9/16/2025,,6/30/2026,€ 905.00,,,,,905,,,,,287,9,yes,Jun-26,Jaime Orna,,Segunda Persona Gratis,,,0,,,0,0,,,,,,,,,,,,,,,,,,,,,,,,,,,,,,,,,,,,,,,,,,,,,,,,,,,,,,,,,,,,,,,,,,,,,,,,,,,,,,,,,,,,,,,,,,,,,,,,,,,,,,,,,,,,,,,,,,,,,,,,,,,,,,,,,
#REF!,NC_0525,,B2C,Signed,Expired,Max Elias,FIgueroa Huaman,Sainsa Merly,Figueroa Huaman,,2 Bed (1/2),,2,Worker,Worker,9/25/2025,9/29/2025,,6/30/2026,"€ 1,225.00",,Renovation,NC_1511,,"1,225",,,,,274,9,yes,Jun-26,Clara Moran,,,,,0,,,0,0,,,,,,,,,,,,,,,,,,,,,,,,,,,,,,,,,,,,,,,,,,,,,,,,,,,,,,,,,,,,,,,,,,,,,,,,,,,,,,,,,,,,,,,,,,,,,,,,,,,,,,,,,,,,,,,,,,,,,,,,,,,,,,,,,
#REF!,NC_0526,,B2C,Signed,Expired,Allan,Fernandes Sales,,,,Studio Standard + Terrace,,1,Student,,9/16/2025,10/1/2025,9/30/2026,6/30/2026,€ 920.00,R,,,,920,Adenda Denegada,83,,,364,9,yes,Jun-26,Belen Lopez,,,,pago por trimestres,747,,,747,83,,,,,,,,,,,,,,,,,,,,,,,,,,,,,,,,,,,,,,,,,,,,,,,,,,,,,,,,,,,,,,,,,,,,,,,,,,,,,,,,,,,,,,,,,,,,,,,,,,,,,,,,,,,,,,,,,,,,,,,,,,,,,,,,,
#REF!,NC_0532,,B2C,Signed,Expired,Arturo,Torres Velazquez,,,Gloria Valiente Rocha,Studio Comfort,,1,Worker,,9/19/2025,9/22/2025,,6/30/2026,€ 905.00,,,,,905,,,,,281,9,yes,Jun-26,Clara Moran,,,,,0,,,0,0,,,,,,,,,,,,,,,,,,,,,,,,,,,,,,,,,,,,,,,,,,,,,,,,,,,,,,,,,,,,,,,,,,,,,,,,,,,,,,,,,,,,,,,,,,,,,,,,,,,,,,,,,,,,,,,,,,,,,,,,,,,,,,,,,
#REF!,NC_0561,,B2C,Signed,Expired,Libio Alberto,Encarnacion Mateo,,,,Studio Comfort,,1,Student,,9/24/2025,9/26/2025,9/24/2026,6/30/2026,€ 905.00,,,,,905,Burofax Enviado,83,,,363,9,yes,Jun-26,Clara Moran,,,,Pago trimestral,747,,,747,83,,,,,,,,,,,,,,,,,,,,,,,,,,,,,,,,,,,,,,,,,,,,,,,,,,,,,,,,,,,,,,,,,,,,,,,,,,,,,,,,,,,,,,,,,,,,,,,,,,,,,,,,,,,,,,,,,,,,,,,,,,,,,,,,,
#REF!,NC_0589,,B2C,Signed,Expired,Jose Luis,Fernandez Navarro,,,,Studio Standard + Terrace,,1,Worker,,9/30/2025,10/3/2025,,6/30/2026,"€ 1,020.00",,Renovation,NC_1075,,"1,020",,,,,270,9,yes,Jun-26,Jaime Orna,,,,Pago Trimestral,0,,,0,0,,,,,,,,,,,,,,,,,,,,,,,,,,,,,,,,,,,,,,,,,,,,,,,,,,,,,,,,,,,,,,,,,,,,,,,,,,,,,,,,,,,,,,,,,,,,,,,,,,,,,,,,,,,,,,,,,,,,,,,,,,,,,,,,,
606,NC_0606,,B2C,Signed,Expired,Zakaria,El Kharraz,,,Hasna Douafi,Studio Comfort,,1,Student,,10/7/2025,10/8/2025,8/8/2026,6/30/2026,€ 920.00,R,,,,920,Adenda Denegada,75,,,304,9,yes,Jun-26,Clara Moran,,,,Pago Trimestral,,,,,,,,,,,,,,,,,,,,,,,,,,,,,,,,,,,,,,,,,,,,,,,,,,,,,,,,,,,,,,,,,,,,,,,,,,,,,,,,,,,,,,,,,,,,,,,,,,,,,,,,,,,,,,,,,,,,,,,,,,,,,,,,,,,,,,
#REF!,NC_0607,,B2C,Signed,Expired,Pablo,Andrade Marcillo,,,Pablo Andrade Garzon,Studio Comfort,,1,Student,,10/6/2025,10/9/2025,8/9/2026,6/30/2026,€ 920.00,R,,,,920,Adenda Firmada,75,,,304,9,yes,Jun-26,Clara Moran,,,,Pago Trimestral,675,,,675,75,,,,,,,,,,,,,,,,,,,,,,,,,,,,,,,,,,,,,,,,,,,,,,,,,,,,,,,,,,,,,,,,,,,,,,,,,,,,,,,,,,,,,,,,,,,,,,,,,,,,,,,,,,,,,,,,,,,,,,,,,,,,,,,,,
#REF!,NC_0613,,B2C,Signed,Expired,Antonio,San Roman Rodriguez,,,,Studio Standard + Terrace,,1,Worker,,10/8/2025,10/10/2025,10/8/2026,6/30/2026,€ 920.00,Y,,,,920,Adenda Firmada,83,,,363,9,yes,Jun-26,Belen Lopez,,,,Pago Trimestral,747,,,747,83,,,,,,,,,,,,,,,,,,,,,,,,,,,,,,,,,,,,,,,,,,,,,,,,,,,,,,,,,,,,,,,,,,,,,,,,,,,,,,,,,,,,,,,,,,,,,,,,,,,,,,,,,,,,,,,,,,,,,,,,,,,,,,,,,
#REF!,NC_0742,,B2C,Signed,Expired,Almudena Maria,Gonzalez Requejo,,,,Studio Comfort,,1,Worker,,12/26/2025,12/30/2025,,6/30/2026,"€ 1,005.00",,Renovation,NC_1637,,"1,020",,,,,182,6,yes,Jun-26,Clara Moran,,,,Renovación,0,,,#VALUE!,#VALUE!,,,,,,,,,,,,,,,,,,,,,,,,,,,,,,,,,,,,,,,,,,,,,,,,,,,,,,,,,,,,,,,,,,,,,,,,,,,,,,,,,,,,,,,,,,,,,,,,,,,,,,,,,,,,,,,,,,,,,,,,,,,,,,,,,
#REF!,NC_0847,,B2B,Signed,Expired,JJ Activos,,,,,2 Bed (1/2),,2,Worker,Worker,12/23/2025,1/2/2026,7/2/2026,6/30/2026,"€ 1,485.00",,Renovation,NC_1046,,"1,430",Upgrade de Unidad,,,0.05,181,6,yes,Jun-26,Clara Moran,,Promo Renovacion 5% Descuento,,Renovacion,0,"1,430 €",,429,71.5,,,,,,,,,,,,,,,,,,,,,,,,,,,,,,,,,,,,,,,,,,,,,,,,,,,,,,,,,,,,,,,,,,,,,,,,,,,,,,,,,,,,,,,,,,,,,,,,,,,,,,,,,,,,,,,,,,,,,,,,,,,,,,,,,//
#REF!,NC_0863,,B2C,Signed,Expired,Micaela Beatriz,Macellari,,,,Studio Comfort,,1,Worker,,12/29/2025,1/12/2026,1/10/2027,6/30/2026,€ 930.00,,,,,930,No necesita Adenda,,,0.1,363,6,yes,Jun-26,Belen Lopez,,Promo 10% Descuento,,Pago Trimestral,0,930 €,,558,93,,,,,,,,,,,,,,,,,,,,,,,,,,,,,,,,,,,,,,,,,,,,,,,,,,,,,,,,,,,,,,,,,,,,,,,,,,,,,,,,,,,,,,,,,,,,,,,,,,,,,,,,,,,,,,,,,,,,,,,,,,,,,,,,,
#REF!,NC_0878,,B2B,Signed,Expired,ALGIDA DINAMISMO,,,,,2 Bed (1/2) + Terrace,,2,Student,Student,12/31/2025,1/31/2026,,6/30/2026,"€ 1,515.00",,,,,"1,515",,,,0.05,150,5,yes,Jun-26,Belen Lopez,,,,Pago trimestral,0,"1,515",,378.75,75.75,,,,,,,,,,,,,,,,,,,,,,,,,,,,,,,,,,,,,,,,,,,,,,,,,,,,,,,,,,,,,,,,,,,,,,,,,,,,,,,,,,,,,,,,,,,,,,,,,,,,,,,,,,,,,,,,,,,,,,,,,,,,,,,,,
#REF!,NC_0921,,B2C,Signed,Expired,Carlos,Perez Sambartolome,,,,Studio Standard + Terrace,,1,Worker,,1/15/2026,1/15/2026,10/16/2026,6/30/2026,€ 950.00,R,,,,950,Burofax Enviado,,,0.1,274,5,yes,Jun-26,Belen Lopez,,Promo 10% Descuento,,,0,950 €,,475,95,,,,,,,,,,,,,,,,,,,,,,,,,,,,,,,,,,,,,,,,,,,,,,,,,,,,,,,,,,,,,,,,,,,,,,,,,,,,,,,,,,,,,,,,,,,,,,,,,,,,,,,,,,,,,,,,,,,,,,,,,,,,,,,,,
#REF!,NC_0937,,B2C,Signed,Expired,Fernando,Pading Iglesias,,,,Studio Comfort,,1,Worker,,1/21/2026,2/24/2026,,6/30/2026,€ 615.00,,Renovation,NC_1542,,"1,090",,,,0.05,126,4,yes,Jun-26,Belen Lopez,,Promo Renovacion 5% Descuento,,Renovación,0,"1,090 €",,218,54.5,,,,,,,,,,,,,,,,,,,,,,,,,,,,,,,,,,,,,,,,,,,,,,,,,,,,,,,,,,,,,,,,,,,,,,,,,,,,,,,,,,,,,,,,,,,,,,,,,,,,,,,,,,,,,,,,,,,,,,,,,,,,,,,,,//
#REF!,NC_0943,,B2C,Signed,Expired,Abora,Diaz Gonzalez,Diego,Garcia Puebla,,2 Bed (1/2),,2,Worker,Worker,1/22/2026,2/1/2026,,6/30/2026,"€ 1,440.00",,,,,"1,440",,,,,149,5,yes,Jun-26,Clara Moran,,,,,0,,,0,0,,,,,,,,,,,,,,,,,,,,,,,,,,,,,,,,,,,,,,,,,,,,,,,,,,,,,,,,,,,,,,,,,,,,,,,,,,,,,,,,,,,,,,,,,,,,,,,,,,,,,,,,,,,,,,,,,,,,,,,,,,,,,,,,,
#REF!,NC_0946,,B2C,Signed,Expired,Shanya Iris,Simmons,,,,Studio Comfort,,1,Student,,1/27/2026,2/28/2026,,6/30/2026,"€ 1,005.00",,,,,"1,090",,,,0.05,122,4,yes,Jun-26,Clara Moran,,Promo Renovación 5% Descuento,,Pago trimestral,0,"1,090 €",,218,54.5,,,,,,,,,,,,,,,,,,,,,,,,,,,,,,,,,,,,,,,,,,,,,,,,,,,,,,,,,,,,,,,,,,,,,,,,,,,,,,,,,,,,,,,,,,,,,,,,,,,,,,,,,,,,,,,,,,,,,,,,,,,,,,,,,
#REF!,NC_1089,,B2C,Signed,Expired,Alejandro Angel,Mejias Pavon,,,,Studio Comfort,,1,Worker,,2/27/2026,3/2/2026,8/2/2026,6/30/2026,"€ 1,090.00",Y,,,,"1,090",Adenda Firmada,,,,153,4,yes,Jun-26,Jaime Orna,,Pago Trimestral,,Paga renta en recepción,0,,,0,0,,,,,,,,,,,,,,,,,,,,,,,,,,,,,,,,,,,,,,,,,,,,,,,,,,,,,,,,,,,,,,,,,,,,,,,,,,,,,,,,,,,,,,,,,,,,,,,,,,,,,,,,,,,,,,,,,,,,,,,,,,,,,,,,,
#REF!,NC_1120,,B2C,Signed,Expired,Raul Arturo,Yañez Vega,Romina Mercedes,Barrientos Momberg,,Studio Standard + Terrace,,2,Worker,Worker,3/9/2026,3/11/2026,12/12/2026,6/30/2026,€ 950.00,Y,,,,950,Adenda Firmada,,,,276,4,yes,Jun-26,Belen Lopez,,2ª persona gratis,,Pago trimestral,0,,,0,0,,,,,,,,,,,,,,,,,,,,,,,,,,,,,,,,,,,,,,,,,,,,,,,,,,,,,,,,,,,,,,,,,,,,,,,,,,,,,,,,,,,,,,,,,,,,,,,,,,,,,,,,,,,,,,,,,,,,,,,,,,,,,,,,,
#REF!,NC_1143,,B2C,Signed,Expired,Achraf,Nasar Moaimouni,,,,Studio Standard + Terrace,,1,Student,,3/15/2026,4/20/2026,8/20/2026,6/30/2026,"€ 1,005.00",,,,,"1,095",Adenda Firmada,,,0.05,122,2,yes,Jun-26,Clara Moran,,Promo 5% Renovación,,Renovacion,0,"1,095 €",,109.5,54.75,,,,,,,,,,,,,,,,,,,,,,,,,,,,,,,,,,,,,,,,,,,,,,,,,,,,,,,,,,,,,,,,,,,,,,,,,,,,,,,,,,,,,,,,,,,,,,,,,,,,,,,,,,,,,,,,,,,,,,,,,,,,,,,,,
#REF!,NC_1171,,B2C,Signed,Expired,Adelina,Batista Rodriguez,Thomas Camilo,Ceron Velez,,2 Bed (1/2),,2,Worker,Worker,3/18/2026,5/30/2026,,6/30/2026,€ 772.50,,,,Renovation,"1,565",,,,,31,1,yes,Jun-26,Belen Lopez,,,,,0,,,0,0,,,,,,,,,,,,,,,,,,,,,,,,,,,,,,,,,,,,,,,,,,,,,,,,,,,,,,,,,,,,,,,,,,,,,,,,,,,,,,,,,,,,,,,,,,,,,,,,,,,,,,,,,,,,,,,,,,,,,,,,,,,,,,,,,
#REF!,NC_1229,,B2C,Signed,Expired,Yender Farley,Ortiz,,,,Studio Comfort,,1,Worker,,3/31/2026,4/1/2026,10/1/2026,6/30/2026,"€ 1,095.00",,,,,"1,095",Adenda Firmada,,,0.05,183,3,yes,Jun-26,Clara Moran,,Promo 5% Descuento,Pago Timestral / hace cambio a ST w Terrace el 1/5,Pago Por Adelantado,,,,,,,,,,,,,,,,,,,,,,,,,,,,,,,,,,,,,,,,,,,,,,,,,,,,,,,,,,,,,,,,,,,,,,,,,,,,,,,,,,,,,,,,,,,,,,,,,,,,,,,,,,,,,,,,,,,,,,,,,,,,,,,,,,,,,,
#REF!,NC_1244,,B2C,Signed,Expired,Sandra Julieth,Carvajal Pulgarin,Harold Smith,Carvajal Pulgarin,,2 Bed (2/2),,2,Worker,Student,4/7/2026,4/12/2026,3/12/2027,6/30/2026,"€ 1,370.00",Y,,,,"1,370",Adenda Firmada,,,,334,3,yes,Jun-26,Jaime Orna,,1 Plaza de parking gratuita,,Pago Trimestral,,,,,,,,,,,,,,,,,,,,,,,,,,,,,,,,,,,,,,,,,,,,,,,,,,,,,,,,,,,,,,,,,,,,,,,,,,,,,,,,,,,,,,,,,,,,,,,,,,,,,,,,,,,,,,,,,,,,,,,,,,,,,,,,,,,,,,
#REF!,NC_1262,,B2B,Signed,Expired,Ricardo y Borja Gomez SL,,,,,Studio Standard + Terrace,,1,Worker,,4/14/2026,4/29/2026,1/29/2027,6/30/2026,€ 895.00,,,,,955,Adenda Firmada,,,0.1,275,2,yes,Jun-26,Clara Moran,,Promo 10% Descuento Renovación,,Renovacion,0,955,,191,95.5,,,,,,,,,,,,,,,,,,,,,,,,,,,,,,,,,,,,,,,,,,,,,,,,,,,,,,,,,,,,,,,,,,,,,,,,,,,,,,,,,,,,,,,,,,,,,,,,,,,,,,,,,,,,,,,,,,,,,,,,,,,,,,,,,
#REF!,NC_1323,,B2C,Signed,Expired,Xiaoli,Tang,,,,Studio Standard + Terrace,,1,Worker,,4/27/2026,4/30/2026,,6/30/2026,€ 640.00,,Renovation,NC_1465,,"1,280",,,,,61,2,yes,Jun-26,Jaime Orna,,,,Direct Booking,,,,,,,,,,,,,,,,,,,,,,,,,,,,,,,,,,,,,,,,,,,,,,,,,,,,,,,,,,,,,,,,,,,,,,,,,,,,,,,,,,,,,,,,,,,,,,,,,,,,,,,,,,,,,,,,,,,,,,,,,,,,,,,,,,,,,,
#REF!,NC_1394,,B2C,Signed,Expired,Cristina,Martin Anguita,,,,Studio Comfort,,1,Worker,,5/13/2026,5/20/2026,,6/30/2026,€ 640.00,,,,,"1,280",,,,,41,1,yes,Jun-26,Belen Lopez,,,,,,,,,,,,,,,,,,,,,,,,,,,,,,,,,,,,,,,,,,,,,,,,,,,,,,,,,,,,,,,,,,,,,,,,,,,,,,,,,,,,,,,,,,,,,,,,,,,,,,,,,,,,,,,,,,,,,,,,,,,,,,,,,,,,,,,,,,
#REF!,NC_1415,,B2C,Signed,Expired,Alejandro,Hernandez Valle,,,,Studio Standard + Terrace,,1,Worker,,5/18/2026,5/31/2026,,6/30/2026,€ 640.00,,Renovation,NC_1615,,"1,280",,,,,30,1,yes,Jun-26,Clara Moran,,Contrata MP,,Reserva Directa,0,,,0,0,,,,,,,,,,,,,,,,,,,,,,,,,,,,,,,,,,,,,,,,,,,,,,,,,,,,,,,,,,,,,,,,,,,,,,,,,,,,,,,,,,,,,,,,,,,,,,,,,,,,,,,,,,,,,,,,,,,,,,,,,,,,,,,,,
#REF!,NC_1418,,B2C,Signed,Expired,Angel,Resino Serrano,,,,2 Bed (1/2),,1,Worker,,5/22/2026,5/30/2026,,6/30/2026,€ 762.50,,Renovation,NC_1547,,"1,565",,,,,31,1,yes,Jun-26,Clara Moran,,,,Renovación,0,,,0,0,,,,,,,,,,,,,,,,,,,,,,,,,,,,,,,,,,,,,,,,,,,,,,,,,,,,,,,,,,,,,,,,,,,,,,,,,,,,,,,,,,,,,,,,,,,,,,,,,,,,,,,,,,,,,,,,,,,,,,,,,,,,,,,,,
#REF!,NC_1439,,B2C,Signed,Expired,Roberto Javier,Cubillos Cobeña,,,,Studio Comfort,,1,Worker,,5/21/2026,5/22/2026,5/20/2027,6/30/2026,€ 955.00,,,,,955,Adenda Denegada,,,,363,1,yes,Jun-26,Belen Lopez,,1 Plaza de parking gratis,,,,,,0,0,,,,,,,,,,,,,,,,,,,,,,,,,,,,,,,,,,,,,,,,,,,,,,,,,,,,,,,,,,,,,,,,,,,,,,,,,,,,,,,,,,,,,,,,,,,,,,,,,,,,,,,,,,,,,,,,,,,,,,,,,,,,,,,,,
#REF!,NC_1440,,B2C,Signed,Expired,Integracion Agencia Viajes SA,,,,,Studio Comfort,,1,Worker,,5/28/2026,5/30/2026,,6/30/2026,€ 640.00,,,,,"1,280",,,,,31,1,yes,Jun-26,Jaime Orna,,,,Renovacion,,,,0,0,,,,,,,,,,,,,,,,,,,,,,,,,,,,,,,,,,,,,,,,,,,,,,,,,,,,,,,,,,,,,,,,,,,,,,,,,,,,,,,,,,,,,,,,,,,,,,,,,,,,,,,,,,,,,,,,,,,,,,,,,,,,,,,,,
#REF!,NC_1467,,B2C,Signed,Expired,Yurena,Gutierrez Gonzalez,,,,Studio Standard + Terrace,,1,Worker,,5/28/2026,5/30/2026,,6/30/2026,€ 640.00,,,,,"1,280",,,,,31,1,yes,Jun-26,Belen Lopez,,,,Renovacion,0,,,0,0,,,,,,,,,,,,,,,,,,,,,,,,,,,,,,,,,,,,,,,,,,,,,,,,,,,,,,,,,,,,,,,,,,,,,,,,,,,,,,,,,,,,,,,,,,,,,,,,,,,,,,,,,,,,,,,,,,,,,,,,,,,,,,,,,
#REF!,NC_1469,,B2C,Signed,Expired,Harsh,Anand,,,,Studio Comfort,,1,Worker,,5/26/2026,5/29/2026,,6/30/2026,€ 640.00,,,,,"1,280",,,,,32,1,yes,Jun-26,Clara Moran,,,,Paga estancia en check in,0,,,0,0,,,,,,,,,,,,,,,,,,,,,,,,,,,,,,,,,,,,,,,,,,,,,,,,,,,,,,,,,,,,,,,,,,,,,,,,,,,,,,,,,,,,,,,,,,,,,,,,,,,,,,,,,,,,,,,,,,,,,,,,,,,,,,,,,
#REF!,NC_0098,,B2C,Signed,Expired,Laura,Valero Meseguer,Rodrigo Ignacio,Araya Argomedo,,Studio Comfort,,2,Worker,Worker,,9/15/2025,,7/1/2026,€ 865.00,,Renovation,NC_1644,,865,,,,,289,9,yes,Jul-26,Belen Lopez,,Flash Confort,,No paga la 2 persona y se le regalan 15 días extra,0,,,0,0,,,,,,,,,,,,,,,,,,,,,,,,,,,,,,,,,,,,,,,,,,,,,,,,,,,,,,,,,,,,,,,,,,,,,,,,,,,,,,,,,,,,,,,,,,,,,,,,,,,,,,,,,,,,,,,,,,,,,,,,,,,,,,,,,
#REF!,NC_0228,,B2C,Signed,Expired,Fabio Luiz,Espindola de Souza,Milene,Da Silva Galdino,,Studio Comfort,,2,Worker,Worker,,7/2/2025,,7/1/2026,€ 965.00,,,,,965,,,,1-Dec,364,12,yes,Jul-26,Belen Lopez,,,,,0,965,,"536,814,060.00","44,734,505.00",,,,,,,,,,,,,,,,,,,,,,,,,,,,,,,,,,,,,,,,,,,,,,,,,,,,,,,,,,,,,,,,,,,,,,,,,,,,,,,,,,,,,,,,,,,,,,,,,,,,,,,,,,,,,,,,,,,,,,,,,,,,,,,,,
#REF!,NC_0239,,B2C,Signed,Expired,Antonio,Alvarez Marron,,,,Studio Standard + Terrace,,1,Worker,,,7/2/2025,,7/1/2026,€ 895.00,,Renovation,NC_0895,,895,,,,1-Dec,364,12,yes,Jul-26,Clara Moran,,,,,0,895,,"497,874,180.00","41,489,515.00",,,,,,,,,,,,,,,,,,,,,,,,,,,,,,,,,,,,,,,,,,,,,,,,,,,,,,,,,,,,,,,,,,,,,,,,,,,,,,,,,,,,,,,,,,,,,,,,,,,,,,,,,,,,,,,,,,,,,,,,,,,,,,,,,
#REF!,NC_0245,,B2C,Signed,Expired,Giseth Chaid,Ramos Redondo,,,,Studio Standard + Terrace,,1,Worker,,,7/2/2025,,7/1/2026,€ 895.00,,Renovation,NC_1185,,895,,,,1-Dec,364,12,yes,Jul-26,Belen Lopez,,,,,0,895,,"497,874,180.00","41,489,515.00",,,,,,,,,,,,,,,,,,,,,,,,,,,,,,,,,,,,,,,,,,,,,,,,,,,,,,,,,,,,,,,,,,,,,,,,,,,,,,,,,,,,,,,,,,,,,,,,,,,,,,,,,,,,,,,,,,,,,,,,,,,,,,,,,
#REF!,NC_0366,,B2C,Signed,Expired,Manuel,Leza Olaizola,,,,Studio Comfort,,1,Worker,,,9/1/2025,,7/1/2026,€ 830.00,,Renovation,NC_1253,,905,,75,,,303,10,yes,Jul-26,Clara Moran,,,,Promoción descuento nueva,750,,,750,75,,,,,,,,,,,,,,,,,,,,,,,,,,,,,,,,,,,,,,,,,,,,,,,,,,,,,,,,,,,,,,,,,,,,,,,,,,,,,,,,,,,,,,,,,,,,,,,,,,,,,,,,,,,,,,,,,,,,,,,,,,,,,,,,,
#REF!,NC_0396,,B2C,Signed,Expired,Tareq Othman,Alzoubi,,,,Studio Standard + Terrace,,1,Student,,,9/1/2025,,7/1/2026,€ 905.00,,,,,905,,75,,,303,10,yes,Jul-26,Clara Moran,,Promo 10 meses,,Pago trimestral. Reserva Semi-Directa,750,,,750,75,,,,,,,,,,,,,,,,,,,,,,,,,,,,,,,,,,,,,,,,,,,,,,,,,,,,,,,,,,,,,,,,,,,,,,,,,,,,,,,,,,,,,,,,,,,,,,,,,,,,,,,,,,,,,,,,,,,,,,,,,,,,,,,,,
#REF!,NC_0400,,B2C,Signed,Expired,Elena,Gonzalez Sanchez,,,,Studio Standard,,1,Worker,,,9/30/2025,,7/1/2026,€ 820.00,,Renovation,NC_1505,,820,,,,,274,9,yes,Jul-26,Clara Moran,,,,,0,,,0,0,,,,,,,,,,,,,,,,,,,,,,,,,,,,,,,,,,,,,,,,,,,,,,,,,,,,,,,,,,,,,,,,,,,,,,,,,,,,,,,,,,,,,,,,,,,,,,,,,,,,,,,,,,,,,,,,,,,,,,,,,,,,,,,,,
#REF!,NC_0413,,B2C,Signed,Expired,Jasper Kurt,Wong Yu Shing,,,,Studio Rooftop,,1,Worker,,,9/1/2025,,7/1/2026,€ 970.00,,,,,970,,,,,303,10,yes,Jul-26,Clara Moran,,,,Pago trimestral - PAGA PRIMER TRIMESTRE TPV CHECK IN,0,,,0,0,,,,,,,,,,,,,,,,,,,,,,,,,,,,,,,,,,,,,,,,,,,,,,,,,,,,,,,,,,,,,,,,,,,,,,,,,,,,,,,,,,,,,,,,,,,,,,,,,,,,,,,,,,,,,,,,,,,,,,,,,,,,,,,,,
#REF!,NC_0798,,B2B,Signed,Expired,Infodata Technology Consulting Solutions SL,,,,,Studio Standard,,1,Worker,,11/27/2025,12/1/2025,,7/1/2026,€ 995.00,R,,,,995,,,,,212,7,yes,Jul-26,Belen Lopez,,,,,0,,,0,0,,,,,,,,,,,,,,,,,,,,,,,,,,,,,,,,,,,,,,,,,,,,,,,,,,,,,,,,,,,,,,,,,,,,,,,,,,,,,,,,,,,,,,,,,,,,,,,,,,,,,,,,,,,,,,,,,,,,,,,,,,,,,,,,,
#REF!,NC_1412,,B2C,Signed,Expired,Maria Jose,Martin Aguilar,Pedro Luis,Azcarraga Fernandez,,Studio Comfort,,2,Worker,Worker,5/18/2026,6/1/2026,,7/1/2026,€ 640.00,,,,,"1,380",,,,,30,1,yes,Jul-26,Jaime Orna,,,,Paga la estancia por adelantado,0,,,0,0,,,,,,,,,,,,,,,,,,,,,,,,,,,,,,,,,,,,,,,,,,,,,,,,,,,,,,,,,,,,,,,,,,,,,,,,,,,,,,,,,,,,,,,,,,,,,,,,,,,,,,,,,,,,,,,,,,,,,,,,,,,,,,,,,
#REF!,NC_1441,,B2C,Signed,Expired,Integracion Agencia Viajes SA,,,,,Studio Comfort,,1,Worker,,5/28/2026,6/1/2026,,7/1/2026,€ 640.00,,,,,"1,280",,,,,30,1,yes,Jul-26,Jaime Orna,,,,,,,,0,0,,,,,,,,,,,,,,,,,,,,,,,,,,,,,,,,,,,,,,,,,,,,,,,,,,,,,,,,,,,,,,,,,,,,,,,,,,,,,,,,,,,,,,,,,,,,,,,,,,,,,,,,,,,,,,,,,,,,,,,,,,,,,,,,,//
#REF!,NC_0246,,B2C,Signed,Expired,Fausto,Marcet Domenech,,,,Studio Comfort,,1,Worker,,,7/3/2025,,7/2/2026,€ 865.00,R,,,,865,,,,1-Dec,364,12,yes,Jul-26,Belen Lopez,,,,,0,865,,"481,185,660.00","40,098,805.00",,,,,,,,,,,,,,,,,,,,,,,,,,,,,,,,,,,,,,,,,,,,,,,,,,,,,,,,,,,,,,,,,,,,,,,,,,,,,,,,,,,,,,,,,,,,,,,,,,,,,,,,,,,,,,,,,,,,,,,,,,,,,,,,,
#REF!,NC_0967,,B2C,Signed,Expired,Brenda,Borras Izquierdo,,,,Studio Comfort,,1,Worker,,1/29/2026,1/31/2026,,7/2/2026,"€ 1,090.00",,,,,"1,090",,,,,152,5,yes,Jul-26,Clara Moran,,1 Plaza de parking gratuita,,Cambio de fecha 31 de Enero,0,,,0,0,,,,,,,,,,,,,,,,,,,,,,,,,,,,,,,,,,,,,,,,,,,,,,,,,,,,,,,,,,,,,,,,,,,,,,,,,,,,,,,,,,,,,,,,,,,,,,,,,,,,,,,,,,,,,,,,,,,,,,,,,,,,,,,,,
#REF!,NC_1168,,B2C,Signed,Expired,Pedro,Cardenas Diaz,,,,Studio Comfort,,1,Worker,,3/17/2026,4/1/2026,,7/2/2026,€ 640.00,,Renovation,NC_1524,,"1,280",,,,,92,3,yes,Jul-26,Jaime Orna,,,,Direct Booking,0,,,0,0,,,,,,,,,,,,,,,,,,,,,,,,,,,,,,,,,,,,,,,,,,,,,,,,,,,,,,,,,,,,,,,,,,,,,,,,,,,,,,,,,,,,,,,,,,,,,,,,,,,,,,,,,,,,,,,,,,,,,,,,,,,,,,,,,
#REF!,NC_1406,,B2C,Signed,Expired,Francisco,Martinez Garcia,,,,Studio Comfort,,1,Worker,,5/14/2026,6/3/2026,,7/3/2026,"€ 1,020.00",,,,,"1,280",,,,,30,1,yes,Jul-26,Belen Lopez,,,,Renovacion,0,,,0,0,,,,,,,,,,,,,,,,,,,,,,,,,,,,,,,,,,,,,,,,,,,,,,,,,,,,,,,,,,,,,,,,,,,,,,,,,,,,,,,,,,,,,,,,,,,,,,,,,,,,,,,,,,,,,,,,,,,,,,,,,,,,,,,,,
#REF!,NC_1461,,B2C,Signed,Expired,Adnan,Rauf,Aisa,Salvador,,Studio Standard + Terrace,,2,Worker,Worker,5/26/2026,6/3/2026,,7/3/2026,€ 690.00,,Renovation,NC_1643,,"1,380",,,,,30,1,yes,Jul-26,Belen Lopez,,,,Renovacion,0,,,0,0,,,,,,,,,,,,,,,,,,,,,,,,,,,,,,,,,,,,,,,,,,,,,,,,,,,,,,,,,,,,,,,,,,,,,,,,,,,,,,,,,,,,,,,,,,,,,,,,,,,,,,,,,,,,,,,,,,,,,,,,,,,,,,,,,
#REF!,NC_0249,,B2C,Signed,Expired,Adriana Alejandra,Ramos de la Huerta,,,Daniel Ferreira Vaz de Oliveira,Studio Rooftop,,1,Worker,,,7/5/2025,,7/4/2026,€ 920.00,,Renovation,NC_1504,,920,,,,1-Dec,364,12,yes,Jul-26,Clara Moran,,,,,0,920,,"511,781,280.00","42,648,440.00",,,,,,,,,,,,,,,,,,,,,,,,,,,,,,,,,,,,,,,,,,,,,,,,,,,,,,,,,,,,,,,,,,,,,,,,,,,,,,,,,,,,,,,,,,,,,,,,,,,,,,,,,,,,,,,,,,,,,,,,,,,,,,,,,
#REF!,NC_0436,,B2C,Signed,Expired,Dominic Oliver Paul,Gale,,,,Studio Comfort,,1,Student,,9/3/2025,9/24/2025,,7/4/2026,€ 905.00,,,,,905,,,,,283,9,yes,Jul-26,Clara Moran,,,,Pago trimestral. Reserva Semi Directa,0,,,0,0,,,,,,,,,,,,,,,,,,,,,,,,,,,,,,,,,,,,,,,,,,,,,,,,,,,,,,,,,,,,,,,,,,,,,,,,,,,,,,,,,,,,,,,,,,,,,,,,,,,,,,,,,,,,,,,,,,,,,,,,,,,,,,,,,
#REF!,NC_0499,,B2C,Signed,Expired,Leonardo Matias,Castro Silvera,Erika,Nishida,,2 Bed (1/2),,2,Student,Student,9/10/2025,9/12/2025,8/31/2026,7/4/2026,"€ 1,225.00",R,,,,"1,225",Adenda Firmada,,,,353,10,yes,Jul-26,Belen Lopez,,,,paga 6 meses del tiron y luego 6 meses,0,,,0,0,,,,,,,,,,,,,,,,,,,,,,,,,,,,,,,,,,,,,,,,,,,,,,,,,,,,,,,,,,,,,,,,,,,,,,,,,,,,,,,,,,,,,,,,,,,,,,,,,,,,,,,,,,,,,,,,,,,,,,,,,,,,,,,,,
#REF!,NC_1466,,B2B2C,Signed,Expired,Fausto,Grossi,,,,Studio Standard + Terrace,,1,Worker,,5/27/2026,6/3/2026,,7/4/2026,€ 0.00,,,,,"1,280",,,,,31,1,yes,Jul-26,Clara Moran,,,,Reserva AIRBNB,,,,,,,,,,,,,,,,,,,,,,,,,,,,,,,,,,,,,,,,,,,,,,,,,,,,,,,,,,,,,,,,,,,,,,,,,,,,,,,,,,,,,,,,,,,,,,,,,,,,,,,,,,,,,,,,,,,,,,,,,,,,,,,,,,,,,,//
#REF!,NC_1487,,B2B,Signed,Expired,Integra Ascensores SL,,,,,Studio Comfort,,1,Worker,,6/2/2026,6/4/2026,,7/4/2026,€ 640.00,,,,,"1,280",,,,,30,1,yes,Jul-26,Jaime Orna,,,,Renovacion,,,,,,,,,,,,,,,,,,,,,,,,,,,,,,,,,,,,,,,,,,,,,,,,,,,,,,,,,,,,,,,,,,,,,,,,,,,,,,,,,,,,,,,,,,,,,,,,,,,,,,,,,,,,,,,,,,,,,,,,,,,,,,,,,,,,,,
#REF!,NC_1488,,B2B,Signed,Expired,Integra Ascensores SL,,,,,Studio Comfort,,1,Worker,,6/2/2026,6/4/2026,,7/4/2026,€ 640.00,,,,,"1,280",,,,,30,1,yes,Jul-26,Jaime Orna,,,,Renovacion,,,,,,,,,,,,,,,,,,,,,,,,,,,,,,,,,,,,,,,,,,,,,,,,,,,,,,,,,,,,,,,,,,,,,,,,,,,,,,,,,,,,,,,,,,,,,,,,,,,,,,,,,,,,,,,,,,,,,,,,,,,,,,,,,,,,,,
#REF!,NC_1489,,B2B,Signed,Expired,Integra Ascensores SL,,,,,Studio Comfort,,1,Worker,,6/2/2026,6/4/2026,,7/4/2026,€ 640.00,,,,,"1,280",,,,,30,1,yes,Jul-26,Jaime Orna,,,,Renovacion,,,,,,,,,,,,,,,,,,,,,,,,,,,,,,,,,,,,,,,,,,,,,,,,,,,,,,,,,,,,,,,,,,,,,,,,,,,,,,,,,,,,,,,,,,,,,,,,,,,,,,,,,,,,,,,,,,,,,,,,,,,,,,,,,,,,,,
#REF!,NC_1490,,B2B,Signed,Expired,Integra Ascensores SL,,,,,Studio Comfort,,1,Worker,,6/2/2026,6/4/2026,,7/4/2026,€ 640.00,,,,,"1,280",,,,,30,1,yes,Jul-26,Jaime Orna,,,,Renovacion,,,,,,,,,,,,,,,,,,,,,,,,,,,,,,,,,,,,,,,,,,,,,,,,,,,,,,,,,,,,,,,,,,,,,,,,,,,,,,,,,,,,,,,,,,,,,,,,,,,,,,,,,,,,,,,,,,,,,,,,,,,,,,,,,,,,,,
#REF!,NC_1491,,B2B,Signed,Expired,Integra Ascensores SL,,,,,Studio Comfort,,1,Worker,,6/2/2026,6/4/2026,,7/4/2026,€ 640.00,,,,,"1,280",,,,,30,1,yes,Jul-26,Jaime Orna,,,,Renovacion,,,,,,,,,,,,,,,,,,,,,,,,,,,,,,,,,,,,,,,,,,,,,,,,,,,,,,,,,,,,,,,,,,,,,,,,,,,,,,,,,,,,,,,,,,,,,,,,,,,,,,,,,,,,,,,,,,,,,,,,,,,,,,,,,,,,,,
#REF!,NC_0192,,B2C,Signed,Expired,Alexander,Ruiz Rodriguez,,,Roberto Ruiz Arroyo,Studio Standard,,1,Student,,,9/6/2025,8/6/2026,7/6/2026,"€ 1,055.00",,Renovation,NC_0923,,775,Upgrade de Unidad,,,,334,10,yes,Jul-26,Jaime Orna,,COMBO/ESTUDIANTE,,Promo Studio Standard + Media Pensión 20 Servicios,0,,,0,0,,,,,,,,,,,,,,,,,,,,,,,,,,,,,,,,,,,,,,,,,,,,,,,,,,,,,,,,,,,,,,,,,,,,,,,,,,,,,,,,,,,,,,,,,,,,,,,,,,,,,,,,,,,,,,,,,,,,,,,,,,,,,,,,,
#REF!,NC_0599,,B2C,Signed,Expired,Cesar Jose,Robredo Fernandez,,,,Studio Standard,,1,Worker,,10/3/2025,10/7/2025,,7/7/2026,€ 835.00,,Renovation,NC_1604,,835,,,,,273,9,yes,Jul-26,Clara Moran,,,,,0,,,0,0,,,,,,,,,,,,,,,,,,,,,,,,,,,,,,,,,,,,,,,,,,,,,,,,,,,,,,,,,,,,,,,,,,,,,,,,,,,,,,,,,,,,,,,,,,,,,,,,,,,,,,,,,,,,,,,,,,,,,,,,,,,,,,,,,
#REF!,NC_0612,,B2C,Signed,Expired,Henry Charles,Cornwell,,,,Studio Comfort,,1,Worker,,10/9/2025,10/26/2025,10/24/2026,7/7/2026,€ 920.00,,Upgrade,NC_1509,,920,Upgrade de Unidad,83,,,363,8,yes,Jul-26,Clara Moran,,,,,664,,,664,83,,,,,,,,,,,,,,,,,,,,,,,,,,,,,,,,,,,,,,,,,,,,,,,,,,,,,,,,,,,,,,,,,,,,,,,,,,,,,,,,,,,,,,,,,,,,,,,,,,,,,,,,,,,,,,,,,,,,,,,,,,,,,,,,,
#REF!,NC_1112,,B2B2C,Signed,Expired,Julio,Di Napoli Monje,Maeva,Neila Gonzalez,,Studio Standard + Terrace,,2,Student,,3/5/2026,4/6/2026,,7/7/2026,"€ 1,095.00",,,,,"1,095",,,,,92,3,yes,Jul-26,Jaime Orna,,Parking gratis,,Fly School,,,,,,,,,,,,,,,,,,,,,,,,,,,,,,,,,,,,,,,,,,,,,,,,,,,,,,,,,,,,,,,,,,,,,,,,,,,,,,,,,,,,,,,,,,,,,,,,,,,,,,,,,,,,,,,,,,,,,,,,,,,,,,,,,,,,,,
#REF!,NC_1252,,B2C,Signed,Expired,Guillermo Fausto,Pastrana Fernandez,,,,Studio Standard + Terrace,,1,Worker,,4/8/2026,6/13/2026,4/13/2027,7/7/2026,€ 830.00,Y,,,,955,Adenda Enviada,,,0.1,304,1,yes,Jul-26,Belen Lopez,,Promo 10% Descuento Renovación,,Renovacion,0,955 €,,95.5,95.5,,,,,,,,,,,,,,,,,,,,,,,,,,,,,,,,,,,,,,,,,,,,,,,,,,,,,,,,,,,,,,,,,,,,,,,,,,,,,,,,,,,,,,,,,,,,,,,,,,,,,,,,,,,,,,,,,,,,,,,,,,,,,,,,,
#REF!,NC_1508,,B2C,Signed,Expired,Neha Serena,Veera,,,,Studio Standard,,1,Student,,6/8/2026,6/7/2026,,7/7/2026,€ 955.00,,,,,"1,280",,,,,30,1,No,Jul-26,Clara Moran,,,,Renovación,0,,,0,0,,,,,,,,,,,,,,,,,,,,,,,,,,,,,,,,,,,,,,,,,,,,,,,,,,,,,,,,,,,,,,,,,,,,,,,,,,,,,,,,,,,,,,,,,,,,,,,,,,,,,,,,,,,,,,,,,,,,,,,,,,,,,,,,,
#REF!,NC_0968,,B2C,Signed,Expired,Ricardo,Luz de Medina Garçao Cabeças,,,Antonio Jose Garçao Cabeças,Studio Comfort,,1,Student,,1/30/2026,6/8/2026,,7/8/2026,€ 875.00,,,,,"1,280",,,,,30,1,yes,Jul-26,Jaime Orna,,,,Renovacion,0,,,0,0,,,,,,,,,,,,,,,,,,,,,,,,,,,,,,,,,,,,,,,,,,,,,,,,,,,,,,,,,,,,,,,,,,,,,,,,,,,,,,,,,,,,,,,,,,,,,,,,,,,,,,,,,,,,,,,,,,,,,,,,,,,,,,,,,
#REF!,NC_1457,,B2C,Signed,Expired,Damni Jose,Guillan Carames,Erika Cristina,Noetzlin Vargas,,Studio Comfort,,2,Worker,Worker,5/25/2026,5/27/2026,,7/8/2026,€ 690.00,,,,,"1,380",,,,,42,1,yes,Jul-26,Jaime Orna,,,,Reserva Directa,0,,,0,0,,,,,,,,,,,,,,,,,,,,,,,,,,,,,,,,,,,,,,,,,,,,,,,,,,,,,,,,,,,,,,,,,,,,,,,,,,,,,,,,,,,,,,,,,,,,,,,,,,,,,,,,,,,,,,,,,,,,,,,,,,,,,,,,,
#REF!,NC_1503,,B2C,Signed,Expired,Brais,Janeiro Mejide,,,,Studio Comfort,,1,Worker,,6/4/2026,6/8/2026,,7/8/2026,€ 640.00,,,,,"1,280",,,,,30,1,yes,Jul-26,Clara Moran,,,,Renovación,0,,,0,0,,,,,,,,,,,,,,,,,,,,,,,,,,,,,,,,,,,,,,,,,,,,,,,,,,,,,,,,,,,,,,,,,,,,,,,,,,,,,,,,,,,,,,,,,,,,,,,,,,,,,,,,,,,,,,,,,,,,,,,,,,,,,,,,,
#REF!,NC_0583,,B2C,Signed,Expired,Marco Lobato,Gonzalo Sanchez,Gonzalo Andre,"Sanchez Rojas,",Ximena Alejandra Rojas Fuentes / Ramon Jose Sanchez Martinez,2 Bed (2/2),,2,Worker,,9/30/2025,10/8/2025,,7/9/2026,"€ 1,325.00",,,,,"1,325",,,,,274,9,yes,Jul-26,Clara Moran,,,,,,,,,,,,,,,,,,,,,,,,,,,,,,,,,,,,,,,,,,,,,,,,,,,,,,,,,,,,,,,,,,,,,,,,,,,,,,,,,,,,,,,,,,,,,,,,,,,,,,,,,,,,,,,,,,,,,,,,,,,,,,,,,,,,,,,,,,
#REF!,NC_0262,,B2B,Signed,Expired,Corredores de Negocios SL,,,,,Studio Comfort,,1,Worker,,,7/12/2025,,7/11/2026,€ 865.00,,Renovation,NC_1558,,865,,,,1-Dec,364,12,yes,Jul-26,Clara Moran,,,,,0,865,,"481,185,660.00","40,098,805.00",,,,,,,,,,,,,,,,,,,,,,,,,,,,,,,,,,,,,,,,,,,,,,,,,,,,,,,,,,,,,,,,,,,,,,,,,,,,,,,,,,,,,,,,,,,,,,,,,,,,,,,,,,,,,,,,,,,,,,,,,,,,,,,,,
#REF!,NC_0614,,B2C,Signed,Expired,Sofia,Matias Perez,,,,Studio Standard,,1,Student,,10/8/2025,10/10/2025,,7/11/2026,€ 835.00,,,,,835,,,,,274,9,yes,Jul-26,Belen Lopez,,,,,0,,,0,0,,,,,,,,,,,,,,,,,,,,,,,,,,,,,,,,,,,,,,,,,,,,,,,,,,,,,,,,,,,,,,,,,,,,,,,,,,,,,,,,,,,,,,,,,,,,,,,,,,,,,,,,,,,,,,,,,,,,,,,,,,,,,,,,,
#REF!,NC_1409,,B2B2C,Signed,Expired,Marilena,Mastrodima Perdika,,,,Studio Standard + Terrace,,1,Worker,,5/15/2026,5/20/2026,,7/11/2026,€ 0.00,,,,,"1,280",,,,,52,2,yes,Jul-26,Clara Morán,,,,Reserva Airbnb,0,,,0,0,,,,,,,,,,,,,,,,,,,,,,,,,,,,,,,,,,,,,,,,,,,,,,,,,,,,,,,,,,,,,,,,,,,,,,,,,,,,,,,,,,,,,,,,,,,,,,,,,,,,,,,,,,,,,,,,,,,,,,,,,,,,,,,,,
#REF!,NC_1448,,B2C,Signed,Expired,Luis Javier,Fernandez Sanchez,,,,Studio Comfort,,1,Worker,,5/22/2026,5/31/2026,,7/11/2026,€ 640.00,,,,,"1,280",,,,,41,1,yes,Jul-26,Clara Moran,,,,Paga estancia en check in,0,,,0,0,,,,,,,,,,,,,,,,,,,,,,,,,,,,,,,,,,,,,,,,,,,,,,,,,,,,,,,,,,,,,,,,,,,,,,,,,,,,,,,,,,,,,,,,,,,,,,,,,,,,,,,,,,,,,,,,,,,,,,,,,,,,,,,,,
#REF!,NC_1483,,B2C,Signed,Expired,Santiago,De la Torre Barranquero,,,,Studio Comfort,,1,Worker,,5/29/2026,6/1/2026,,7/11/2026,€ 640.00,,,,,"1,280",,,,,40,1,yes,Jul-26,Jaime Orna,,,,,0,,,0,0,,,,,,,,,,,,,,,,,,,,,,,,,,,,,,,,,,,,,,,,,,,,,,,,,,,,,,,,,,,,,,,,,,,,,,,,,,,,,,,,,,,,,,,,,,,,,,,,,,,,,,,,,,,,,,,,,,,,,,,,,,,,,,,,,
#REF!,NC_0491,,B2C,Signed,Expired,Abdalrhman Mohammed Salem Shawqi,Abusirryeh,,,,Studio Rooftop,,1,Student,,9/10/2025,9/12/2025,,7/12/2026,€ 970.00,,Renovation,NC_1022,,970,,,,,303,10,yes,Jul-26,Clara Moran,,,,Pago trimestral,0,,,0,0,,,,,,,,,,,,,,,,,,,,,,,,,,,,,,,,,,,,,,,,,,,,,,,,,,,,,,,,,,,,,,,,,,,,,,,,,,,,,,,,,,,,,,,,,,,,,,,,,,,,,,,,,,,,,,,,,,,,,,,,,,,,,,,,,
#REF!,NC_0279,,B2C,Signed,Expired,Stefania,Aulino,,,,Studio Standard,,1,Student,,,9/1/2025,8/30/2026,7/13/2026,€ 820.00,R,,,,820,Adenda Firmada,,,1-Dec,363,10,yes,Jul-26,Clara Moran,,,,Pago Semestral,0,820,,"380,127,400.00","38,012,740.00",,,,,,,,,,,,,,,,,,,,,,,,,,,,,,,,,,,,,,,,,,,,,,,,,,,,,,,,,,,,,,,,,,,,,,,,,,,,,,,,,,,,,,,,,,,,,,,,,,,,,,,,,,,,,,,,,,,,,,,,,,,,,,,,,
#REF!,NC_0760,,B2B2C,Signed,Expired,Marloes,Kors,Iris,Verhoeven,,2 Bed (2/2),,2,Student,Student,11/21/2025,2/27/2026,,7/13/2026,"€ 1,540.00",,,,,"1,540",,,,,136,4,yes,Jul-26,Clara Moran,,,,Pago trimestral,0,,,0,0,,,,,,,,,,,,,,,,,,,,,,,,,,,,,,,,,,,,,,,,,,,,,,,,,,,,,,,,,,,,,,,,,,,,,,,,,,,,,,,,,,,,,,,,,,,,,,,,,,,,,,,,,,,,,,,,,,,,,,,,,,,,,,,,,
#REF!,NC_0901,,B2C,Signed,Expired,Juan Carlos,Arana Salinas,Lidia del Pilar,Coloma Muguruza,,2 Bed (1/2),,2,Worker,Worker,1/15/2026,1/23/2026,,7/13/2026,€ 762.50,,,,,"1,440",,,,0.05,171,6,yes,Jul-26,Clara Moran,,Promo Renovacion 5% Descuento,,Pago trimestral,0,"1,440 €",,432,72,,,,,,,,,,,,,,,,,,,,,,,,,,,,,,,,,,,,,,,,,,,,,,,,,,,,,,,,,,,,,,,,,,,,,,,,,,,,,,,,,,,,,,,,,,,,,,,,,,,,,,,,,,,,,,,,,,,,,,,,,,,,,,,,,
#REF!,NC_0260,,B2C,Signed,Expired,Orlain Alexis,Arango Quintero,,,,Studio Comfort,,1,Worker,,,7/15/2025,,7/14/2026,€ 865.00,,Renovation,NC_1351,,865,,,,1-Dec,364,12,yes,Jul-26,Clara Moran,,,,,0,865,,"481,185,660.00","40,098,805.00",,,,,,,,,,,,,,,,,,,,,,,,,,,,,,,,,,,,,,,,,,,,,,,,,,,,,,,,,,,,,,,,,,,,,,,,,,,,,,,,,,,,,,,,,,,,,,,,,,,,,,,,,,,,,,,,,,,,,,,,,,,,,,,,,
#REF!,NC_1602,,B2C,Signed,Expired,Jaime Jose,Alarcon Alarcon,,,,Studio Comfort,,1,Worker,,6/15/2026,6/15/2026,,7/14/2026,"€ 1,090.00",R,,,Renovation,"1,280",,,,,29,1,yes,Jul-26,Belen Lopez,,,,Renovación,0,,,0,0,,,,,,,,,,,,,,,,,,,,,,,,,,,,,,,,,,,,,,,,,,,,,,,,,,,,,,,,,,,,,,,,,,,,,,,,,,,,,,,,,,,,,,,,,,,,,,,,,,,,,,,,,,,,,,,,,,,,,,,,,,,,,,,,,
#REF!,NC_0325,,B2C,Signed,Expired,Daniela,Ferrera García,,,Lourdes García Donoso,Studio Comfort,,1,Student,,,9/1/2025,,7/15/2026,€ 875.00,,,,,875,,,,,317,10,yes,Jul-26,Belen Lopez,,,,,0,,,0,0,,,,,,,,,,,,,,,,,,,,,,,,,,,,,,,,,,,,,,,,,,,,,,,,,,,,,,,,,,,,,,,,,,,,,,,,,,,,,,,,,,,,,,,,,,,,,,,,,,,,,,,,,,,,,,,,,,,,,,,,,,,,,,,,,
#REF!,NC_0403,,B2C,Signed,Expired,Gabriela,Marin Benavides,,,,Studio Standard,,1,Worker,,,9/1/2025,,7/15/2026,€ 820.00,,Renovation,NC_1677,,820,,,,,317,10,yes,Jul-26,Clara Moran,,,,,0,,,0,0,,,,,,,,,,,,,,,,,,,,,,,,,,,,,,,,,,,,,,,,,,,,,,,,,,,,,,,,,,,,,,,,,,,,,,,,,,,,,,,,,,,,,,,,,,,,,,,,,,,,,,,,,,,,,,,,,,,,,,,,,,,,,,,,,
#REF!,NC_0449,,B2C,Signed,Expired,Karen Vanessa,Morales Leguizamon,Simon,Davila Saravia,,Studio Standard + Terrace,,2,Student,Student,9/3/2025,9/16/2025,,7/15/2026,€ 905.00,,,,,905,,,,,302,10,yes,Jul-26,Clara Moran,,2ª persona gratis,,Reserva Semi-Directa,0,,,0,0,,,,,,,,,,,,,,,,,,,,,,,,,,,,,,,,,,,,,,,,,,,,,,,,,,,,,,,,,,,,,,,,,,,,,,,,,,,,,,,,,,,,,,,,,,,,,,,,,,,,,,,,,,,,,,,,,,,,,,,,,,,,,,,,,
#REF!,NC_0874,,B2C,Signed,Expired,Anna,Malsagova,,,,Studio Standard + Terrace,,1,Worker,,12/31/2025,1/31/2026,,7/15/2026,"€ 1,015.00",,Renovation,NC_1492,,"1,030",,,,0.05,165,5,yes,Jul-26,Belen Lopez,,Promo Renovacion 5% Descuento,,Renovación,0,"1,030 €",,257.5,51.5,,,,,,,,,,,,,,,,,,,,,,,,,,,,,,,,,,,,,,,,,,,,,,,,,,,,,,,,,,,,,,,,,,,,,,,,,,,,,,,,,,,,,,,,,,,,,,,,,,,,,,,,,,,,,,,,,,,,,,,,,,,,,,,,,
#REF!,NC_0375,,B2B2C,Signed,Expired,Neel Sanjay,Raja,,,,Studio Standard,,1,Student,,,10/16/2025,,7/16/2026,"€ 1,075.00",,Renovation,NC_1304,,795,,,,,273,9,yes,Jul-26,Belen Lopez,,COMBO/ESTUDIANTE,,"Quality Fly, PAGA LA RENTA 30 DÍAS ANTES",0,,,0,0,,,,,,,,,,,,,,,,,,,,,,,,,,,,,,,,,,,,,,,,,,,,,,,,,,,,,,,,,,,,,,,,,,,,,,,,,,,,,,,,,,,,,,,,,,,,,,,,,,,,,,,,,,,,,,,,,,,,,,,,,,,,,,,,,
#REF!,NC_1268,,B2C,Signed,Expired,Giuliana Nicole,Pinzon Pesantez,Vany Romina,Sanchez Briones,,2 Bed (1/2),,2,Worker,Worker,4/15/2026,5/5/2026,,7/16/2026,"€ 2,430.00",,Upgrade,NC_1374,,"1,565",,,,,72,2,yes,Jul-26,Belen Lopez,,,,Renovacion - pago por trimestres,0,,,0,0,,,,,,,,,,,,,,,,,,,,,,,,,,,,,,,,,,,,,,,,,,,,,,,,,,,,,,,,,,,,,,,,,,,,,,,,,,,,,,,,,,,,,,,,,,,,,,,,,,,,,,,,,,,,,,,,,,,,,,,,,,,,,,,,,
#REF!,NC_1584,,B2C,Signed,Expired,Fernando Jose,Paulo,Ryann,Da Veiga Figuereido,,2 Bed (1/2),,2,Worker,Worker,6/12/2026,6/16/2026,,7/16/2026,€ 782.50,,,,,"1,565",,,,,30,1,yes,Jul-26,Jaime Orna,,,,Direct Booking,0,,,0,0,,,,,,,,,,,,,,,,,,,,,,,,,,,,,,,,,,,,,,,,,,,,,,,,,,,,,,,,,,,,,,,,,,,,,,,,,,,,,,,,,,,,,,,,,,,,,,,,,,,,,,,,,,,,,,,,,,,,,,,,,,,,,,,,,
#REF!,NC_0291,,B2C,Signed,Expired,Sichen,Guo,,,,Studio Rooftop,,1,Worker,,,7/18/2025,,7/17/2026,€ 960.00,,,,,960,,,,1-Dec,364,12,yes,Jul-26,Belen Lopez,,,,,0,960,,"534,032,640.00","44,502,720.00",,,,,,,,,,,,,,,,,,,,,,,,,,,,,,,,,,,,,,,,,,,,,,,,,,,,,,,,,,,,,,,,,,,,,,,,,,,,,,,,,,,,,,,,,,,,,,,,,,,,,,,,,,,,,,,,,,,,,,,,,,,,,,,,,
#REF!,NC_1097,,B2C,Signed,Expired,Jose Luis,Peruyero Estevez,,,,Studio Comfort,,1,Worker,,3/4/2026,4/16/2026,,7/17/2026,"€ 1,030.00",,,,,"1,095",,,,,92,3,yes,Jul-26,Clara Moran,,,,Renovacion,0,,,0,0,,,,,,,,,,,,,,,,,,,,,,,,,,,,,,,,,,,,,,,,,,,,,,,,,,,,,,,,,,,,,,,,,,,,,,,,,,,,,,,,,,,,,,,,,,,,,,,,,,,,,,,,,,,,,,,,,,,,,,,,,,,,,,,,,
#REF!,NC_1132,,B2C,Signed,Expired,Gema,Caceres Molina,,,,Studio Comfort,,1,Worker,,3/12/2026,4/17/2026,,7/18/2026,"€ 1,030.00",,Renovation,NC_1614,,"1,095",,,,,92,3,yes,Jul-26,Clara Moran,,,,Renovacion,0,,,0,0,,,,,,,,,,,,,,,,,,,,,,,,,,,,,,,,,,,,,,,,,,,,,,,,,,,,,,,,,,,,,,,,,,,,,,,,,,,,,,,,,,,,,,,,,,,,,,,,,,,,,,,,,,,,,,,,,,,,,,,,,,,,,,,,,
#REF!,NC_1577,,B2C,Signed,Expired,Hamza,Samir,,,,Studio Comfort,,1,Worker,,6/11/2026,6/18/2026,,7/18/2026,€ 640.00,,Renovation,NC_1715,,"1,280",,,,,30,1,yes,Jul-26,Jaime Orna,,,,Renovacion,,,,0,0,,,,,,,,,,,,,,,,,,,,,,,,,,,,,,,,,,,,,,,,,,,,,,,,,,,,,,,,,,,,,,,,,,,,,,,,,,,,,,,,,,,,,,,,,,,,,,,,,,,,,,,,,,,,,,,,,,,,,,,,,,,,,,,,,
#REF!,NC_1591,,B2C,Signed,Expired,Yamila Rosa,Bodello,,,,Studio Standard + Terrace,,1,Worker,,6/15/2026,6/18/2026,,7/18/2026,€ 635.00,,Renovation,NC_1694,,"1,280",,,,,30,1,yes,Jul-26,Belen Lopez,,,,Renovación,0,,,0,0,,,,,,,,,,,,,,,,,,,,,,,,,,,,,,,,,,,,,,,,,,,,,,,,,,,,,,,,,,,,,,,,,,,,,,,,,,,,,,,,,,,,,,,,,,,,,,,,,,,,,,,,,,,,,,,,,,,,,,,,,,,,,,,,,
#REF!,NC_0416,,B2C,Signed,Expired,Capucine Victoire,Houssin-Trehorel,,,,Studio Standard,,1,Student,,,10/2/2025,,7/20/2026,€ 835.00,,,,,835,,,,,291,10,yes,Jul-26,Belen Lopez,,,,Paga la estancia por adelantado. Reserva Semi-Directa,0,,,0,0,,,,,,,,,,,,,,,,,,,,,,,,,,,,,,,,,,,,,,,,,,,,,,,,,,,,,,,,,,,,,,,,,,,,,,,,,,,,,,,,,,,,,,,,,,,,,,,,,,,,,,,,,,,,,,,,,,,,,,,,,,,,,,,,,
#REF!,NC_0632,,B2C,Signed,Expired,Martin,Perez Camino,,,,Studio Standard,,1,Worker,,10/15/2025,10/20/2025,,7/21/2026,€ 835.00,,,,,835,,,,,274,9,yes,Jul-26,Clara Moran,,,,,0,,,0,0,,,,,,,,,,,,,,,,,,,,,,,,,,,,,,,,,,,,,,,,,,,,,,,,,,,,,,,,,,,,,,,,,,,,,,,,,,,,,,,,,,,,,,,,,,,,,,,,,,,,,,,,,,,,,,,,,,,,,,,,,,,,,,,,,
#REF!,NC_0984,,B2C,Signed,Expired,Jorge,Gallego Perez,,,,Studio Rooftop,,1,Worker,,2/2/2026,3/22/2026,,7/22/2026,"€ 1,060.00",,Renovation,NC_1544,,"1,120",,,,0.05,122,4,yes,Jul-26,Belen Lopez,,Promo Renovacion 5% Descuento,,Renovacion,0,"1,120 €",,224,56,,,,,,,,,,,,,,,,,,,,,,,,,,,,,,,,,,,,,,,,,,,,,,,,,,,,,,,,,,,,,,,,,,,,,,,,,,,,,,,,,,,,,,,,,,,,,,,,,,,,,,,,,,,,,,,,,,,,,,,,,,,,,,,,,
#REF!,NC_0444,,B2C,Signed,Expired,Ana Isabel,Horno Garcia,,,,Studio Standard + Terrace,,1,Worker,,9/3/2025,9/25/2025,,7/25/2026,€ 905.00,,Renovation,NC_1293,,905,,75,,,303,10,yes,Jul-26,Clara Moran,,,,,750,,,750,75,,,,,,,,,,,,,,,,,,,,,,,,,,,,,,,,,,,,,,,,,,,,,,,,,,,,,,,,,,,,,,,,,,,,,,,,,,,,,,,,,,,,,,,,,,,,,,,,,,,,,,,,,,,,,,,,,,,,,,,,,,,,,,,,,
#REF!,NC_1530,,B2C,Signed,Expired,Juan Alberto,Sartori Prieto,,,,Studio Comfort,,1,Worker,,6/5/2026,6/25/2026,,7/25/2026,€ 640.00,,,,,"1,280",,,,,30,1,yes,Jul-26,Clara Moran,,,,Reserva Directa,,,,,,,,,,,,,,,,,,,,,,,,,,,,,,,,,,,,,,,,,,,,,,,,,,,,,,,,,,,,,,,,,,,,,,,,,,,,,,,,,,,,,,,,,,,,,,,,,,,,,,,,,,,,,,,,,,,,,,,,,,,,,,,,,,,,,,
#REF!,NC_0190,,B2C,Signed,Expired,Jack Ethan,Locke,,,Jason Locke,Studio Standard + Terrace,,1,Student,,,8/26/2025,,7/26/2026,€ 905.00,,Renovation,NC_1668,,905,,,,1-Nov,334,11,yes,Jul-26,Belen Lopez,,,,,0,905,,"461,185,285.00","41,925,935.00",,,,,,,,,,,,,,,,,,,,,,,,,,,,,,,,,,,,,,,,,,,,,,,,,,,,,,,,,,,,,,,,,,,,,,,,,,,,,,,,,,,,,,,,,,,,,,,,,,,,,,,,,,,,,,,,,,,,,,,,,,,,,,,,,
#REF!,NC_1324,,B2C,Signed,Expired,Shepherd,Chitiyo,,,,Studio Comfort,,1,Worker,,4/27/2026,4/25/2026,,7/26/2026,"€ 1,095.00",,Renovation,NC_1673,,"1,095",,,,,92,3,No,Jul-26,Jaime Orna,,,,Renovacion,,,,,,,,,,,,,,,,,,,,,,,,,,,,,,,,,,,,,,,,,,,,,,,,,,,,,,,,,,,,,,,,,,,,,,,,,,,,,,,,,,,,,,,,,,,,,,,,,,,,,,,,,,,,,,,,,,,,,,,,,,,,,,,,,,,,,,
#REF!,NC_0188,,B2B2C,Signed,Expired,Uros,Pavlovic,,,Aleksandra Pvlovic,Studio Comfort,,1,Student,,,8/27/2025,,7/27/2026,€ 865.00,,Renovation,NC_0950,,865,,,,1-Nov,334,11,yes,Jul-26,Belen Lopez,,,,Qualityfly,0,865,,"440,801,405.00","40,072,855.00",,,,,,,,,,,,,,,,,,,,,,,,,,,,,,,,,,,,,,,,,,,,,,,,,,,,,,,,,,,,,,,,,,,,,,,,,,,,,,,,,,,,,,,,,,,,,,,,,,,,,,,,,,,,,,,,,,,,,,,,,,,,,,,,,
#REF!,NC_0421,,B2C,Signed,Expired,Alba,Blesa Santos,,,Victoria Santos Cuello,Studio Standard + Terrace,,1,Student,,,9/27/2025,,7/27/2026,€ 905.00,,,,,905,,75,,,303,10,yes,Jul-26,Belen Lopez,,Promo 10 meses,,,750,,,750,75,,,,,,,,,,,,,,,,,,,,,,,,,,,,,,,,,,,,,,,,,,,,,,,,,,,,,,,,,,,,,,,,,,,,,,,,,,,,,,,,,,,,,,,,,,,,,,,,,,,,,,,,,,,,,,,,,,,,,,,,,,,,,,,,,
#REF!,NC_0541,,B2C,Signed,Expired,Karima,Nahal,,,,Studio Comfort,,1,Student,,9/23/2025,9/27/2025,,7/27/2026,€ 905.00,,Renovation,NC_1662,,905,,75,,,303,10,yes,Jul-26,Belen Lopez,,,,"Pago trimestral, Semi-Direct booking",750,,,750,75,,,,,,,,,,,,,,,,,,,,,,,,,,,,,,,,,,,,,,,,,,,,,,,,,,,,,,,,,,,,,,,,,,,,,,,,,,,,,,,,,,,,,,,,,,,,,,,,,,,,,,,,,,,,,,,,,,,,,,,,,,,,,,,,,
#REF!,NC_1169,,B2C,Signed,Expired,Matias,Carrizo Barale,,,,Studio Rooftop,,1,Worker,,3/20/2026,6/2/2026,12/2/2026,7/27/2026,€ 615.00,,,,Renovation,"1,125",Adenda Firmada,,,0.05,183,2,yes,Jul-26,Clara Moran,,Promo Renovacion 5% Descuento,,Renovación,0,"1,125 €",,112.5,56.25,,,,,,,,,,,,,,,,,,,,,,,,,,,,,,,,,,,,,,,,,,,,,,,,,,,,,,,,,,,,,,,,,,,,,,,,,,,,,,,,,,,,,,,,,,,,,,,,,,,,,,,,,,,,,,,,,,,,,,,,,,,,,,,,,
#REF!,NC_1540,,B2C,Signed,Expired,Nuris del Carmen,Niebles Gomez,Nicolas,Feliz Niebles,,2 Bed (1/2),,2,Worker,Worker,6/16/2026,6/27/2026,,7/27/2026,"€ 1,440.00",,,,,"1,565",,,,,30,1,yes,Jul-26,Belen Lopez,,,,Renovacion,0,,,0,0,,,,,,,,,,,,,,,,,,,,,,,,,,,,,,,,,,,,,,,,,,,,,,,,,,,,,,,,,,,,,,,,,,,,,,,,,,,,,,,,,,,,,,,,,,,,,,,,,,,,,,,,,,,,,,,,,,,,,,,,,,,,,,,,,
#REF!,NC_1629,,B2C,Signed,Expired,Lisseth Alejandra,Lasso Jimenez,Leiner,Aboleda Montaño,,Studio Standard + Terrace,,2,Worker,Worker,6/25/2026,6/27/2026,,7/27/2026,€ 647.50,,,,,"1,380",,,,,30,1,yes,Jul-26,Clara Moran,,,,Pagan renta en Recepción,0,,,0,0,,,,,,,,,,,,,,,,,,,,,,,,,,,,,,,,,,,,,,,,,,,,,,,,,,,,,,,,,,,,,,,,,,,,,,,,,,,,,,,,,,,,,,,,,,,,,,,,,,,,,,,,,,,,,,,,,,,,,,,,,,,,,,,,,
#REF!,NC_0663,,B2C,Signed,Expired,Mayara,Maresca Valente,,,,Studio Rooftop,,1,Student,,10/22/2025,10/27/2025,,7/28/2026,€ 985.00,,Renovation,NC_1290,,985,,,,,274,9,yes,Jul-26,Belen Lopez,,,,Pago trimestral,0,,,0,0,,,,,,,,,,,,,,,,,,,,,,,,,,,,,,,,,,,,,,,,,,,,,,,,,,,,,,,,,,,,,,,,,,,,,,,,,,,,,,,,,,,,,,,,,,,,,,,,,,,,,,,,,,,,,,,,,,,,,,,,,,,,,,,,,
#REF!,NC_1446,,B2B2C,Signed,Expired,Marcelo,Starling,,,,Studio Standard + Terrace,,1,Worker,,5/21/2026,6/29/2026,,7/29/2026,€ 0.00,,Renovation,NC_1680,,"1,280",,,,,30,1,yes,Jul-26,Clara Moran,,,,Reserva de Airbnb,,,,0,0,,,,,,,,,,,,,,,,,,,,,,,,,,,,,,,,,,,,,,,,,,,,,,,,,,,,,,,,,,,,,,,,,,,,,,,,,,,,,,,,,,,,,,,,,,,,,,,,,,,,,,,,,,,,,,,,,,,,,,,,,,,,,,,,,//
#REF!,NC_0272,,B2C,Signed,Expired,Luisa María,Loo Lao,,,,Studio Comfort,,1,Worker,,,8/1/2025,,7/30/2026,€ 875.00,,Renovation,NC_1275,,875,,,,,363,12,yes,Jul-26,Belen Lopez,,,,,0,,,0,0,,,,,,,,,,,,,,,,,,,,,,,,,,,,,,,,,,,,,,,,,,,,,,,,,,,,,,,,,,,,,,,,,,,,,,,,,,,,,,,,,,,,,,,,,,,,,,,,,,,,,,,,,,,,,,,,,,,,,,,,,,,,,,,,,
#REF!,NC_0335,,B2C,Signed,Expired,Lorena,Lopez Oyola,Jose Manuel,Leon Mena,,Studio Comfort,,2,Worker,Worker,,8/1/2025,,7/30/2026,€ 965.00,,Renovation,NC_1133,,965,,,,1-Dec,363,12,yes,Jul-26,Belen Lopez,,,,,0,965,,"536,814,060.00","44,734,505.00",,,,,,,,,,,,,,,,,,,,,,,,,,,,,,,,,,,,,,,,,,,,,,,,,,,,,,,,,,,,,,,,,,,,,,,,,,,,,,,,,,,,,,,,,,,,,,,,,,,,,,,,,,,,,,,,,,,,,,,,,,,,,,,,,
#REF!,NC_1206,,B2C,Signed,Expired,Loriien,Andreu Veira,,,,Studio Comfort,,1,Student,,3/25/2026,4/15/2026,,7/30/2026,"€ 1,095.00",,,,,"1,095",,,,0.05,106,3,yes,Jul-26,Clara Moran,,Promo 5% Nueva Comercializacion PC,,Contrata pensión completa / Pago por adelantado,0,"1,095 €",,164.25,54.75,,,,,,,,,,,,,,,,,,,,,,,,,,,,,,,,,,,,,,,,,,,,,,,,,,,,,,,,,,,,,,,,,,,,,,,,,,,,,,,,,,,,,,,,,,,,,,,,,,,,,,,,,,,,,,,,,,,,,,,,,,,,,,,,,
#REF!,NC_1521,,B2C,Signed,Expired,Rabia Aslihan,Dalbay,,,Ilhan Dalbay,Studio Rooftop,,1,Student,,6/11/2026,6/30/2026,,7/30/2026,€ 970.00,,,,,"1,370",,,,,30,1,yes,Jul-26,Belen Lopez,,,,Renovacion,0,,,0,0,,,,,,,,,,,,,,,,,,,,,,,,,,,,,,,,,,,,,,,,,,,,,,,,,,,,,,,,,,,,,,,,,,,,,,,,,,,,,,,,,,,,,,,,,,,,,,,,,,,,,,,,,,,,,,,,,,,,,,,,,,,,,,,,,
#REF!,NC_1547,,B2C,Signed,Expired,Angel,Resino Serrano,,,,2 Bed (1/2),,1,Worker,,6/11/2026,6/30/2026,,7/30/2026,€ 762.50,,Renovation,NC_1681,,"1,565",,,,,30,1,yes,Jul-26,Clara Moran,,,,Renovación,0,,,0,0,,,,,,,,,,,,,,,,,,,,,,,,,,,,,,,,,,,,,,,,,,,,,,,,,,,,,,,,,,,,,,,,,,,,,,,,,,,,,,,,,,,,,,,,,,,,,,,,,,,,,,,,,,,,,,,,,,,,,,,,,,,,,,,,,
#REF!,NC_0174,,B2C,Signed,Expired,Pilar,Jauregi Muñoz,,,,Studio Standard,,1,Worker,,,9/1/2025,,7/31/2026,€ 775.00,,Renovation,NC_1161,,775,,,,1-Nov,333,11,yes,Jul-26,Clara Moran,,,,10 + 1 + 4 IMPORTANTE: STUDIO SIN SILLÓN,0,775,,"394,937,675.00","35,903,425.00",,,,,,,,,,,,,,,,,,,,,,,,,,,,,,,,,,,,,,,,,,,,,,,,,,,,,,,,,,,,,,,,,,,,,,,,,,,,,,,,,,,,,,,,,,,,,,,,,,,,,,,,,,,,,,,,,,,,,,,,,,,,,,,,,
#REF!,NC_0304,,B2C,Signed,Expired,Ines,Macías García,,,Juan Carlos Macías Camacho,Studio Standard,,1,Student,,,9/1/2025,,7/31/2026,€ 820.00,,,,,820,,,,1-Nov,333,11,yes,Jul-26,Jaime Orna,,,,Promoción de 4 noches de hotel gratis,0,820,,"417,869,540.00","37,988,140.00",,,,,,,,,,,,,,,,,,,,,,,,,,,,,,,,,,,,,,,,,,,,,,,,,,,,,,,,,,,,,,,,,,,,,,,,,,,,,,,,,,,,,,,,,,,,,,,,,,,,,,,,,,,,,,,,,,,,,,,,,,,,,,,,,
#REF!,NC_0318,,B2C,Signed,Expired,Alejandro,Rueda Vanegas,,,,Studio Standard,,1,Student,,,9/1/2025,,7/31/2026,€ 820.00,,Renovation,NC_1506,,820,,,,1-Nov,333,11,yes,Jul-26,Clara Moran,,,,Paga por adelantado 3 meses,0,820,,"417,869,540.00","37,988,140.00",,,,,,,,,,,,,,,,,,,,,,,,,,,,,,,,,,,,,,,,,,,,,,,,,,,,,,,,,,,,,,,,,,,,,,,,,,,,,,,,,,,,,,,,,,,,,,,,,,,,,,,,,,,,,,,,,,,,,,,,,,,,,,,,,
#REF!,NC_0322,,B2C,Signed,Expired,Mª de los Angeles,Newland Barcelo,,,Maria de los Angeles Barcelo Gonzalez,Studio Rooftop,,1,Worker,,,8/31/2025,,7/31/2026,€ 970.00,,,,,970,,,,1-Nov,334,11,yes,Jul-26,Belen Lopez,,,,,0,970,,"494,309,090.00","44,937,190.00",,,,,,,,,,,,,,,,,,,,,,,,,,,,,,,,,,,,,,,,,,,,,,,,,,,,,,,,,,,,,,,,,,,,,,,,,,,,,,,,,,,,,,,,,,,,,,,,,,,,,,,,,,,,,,,,,,,,,,,,,,,,,,,,,
#REF!,NC_0358,,B2C,Signed,Expired,Roland,Csatlos,,,,Studio Standard,,1,Student,,,8/6/2025,,7/31/2026,"€ 1,055.00",,,,,775,,,,,359,12,yes,Jul-26,Clara Moran,,COMBO/ESTUDIANTE,,Pago Trimestral,0,,,0,0,,,,,,,,,,,,,,,,,,,,,,,,,,,,,,,,,,,,,,,,,,,,,,,,,,,,,,,,,,,,,,,,,,,,,,,,,,,,,,,,,,,,,,,,,,,,,,,,,,,,,,,,,,,,,,,,,,,,,,,,,,,,,,,,,
#REF!,NC_0367,,B2C,Signed,Expired,Elena,Hualda Aguado,Sofia,Hualda Aguado,Nuria Aguado del Rio,2 Bed (1/2),,2,Student,Student,,9/1/2025,,7/31/2026,"€ 1,225.00",,Renovation,NC_1616,,"1,225",,,,1-Nov,333,11,yes,Jul-26,Clara Moran,,,,,0,1225,,"624,256,325.00","56,750,575.00",,,,,,,,,,,,,,,,,,,,,,,,,,,,,,,,,,,,,,,,,,,,,,,,,,,,,,,,,,,,,,,,,,,,,,,,,,,,,,,,,,,,,,,,,,,,,,,,,,,,,,,,,,,,,,,,,,,,,,,,,,,,,,,,,
#REF!,NC_0423,,B2B2C,Signed,Expired,Pablo,Muñoz Abiega,,,,Studio Comfort,,1,Student,,,8/29/2025,,7/31/2026,€ 905.00,,Renovation,NC_1731,,905,,75,,,336,11,yes,Jul-26,Clara Moran,,Promo 11 meses,,Pago trimestral,825,,,825,75,,,,,,,,,,,,,,,,,,,,,,,,,,,,,,,,,,,,,,,,,,,,,,,,,,,,,,,,,,,,,,,,,,,,,,,,,,,,,,,,,,,,,,,,,,,,,,,,,,,,,,,,,,,,,,,,,,,,,,,,,,,,,,,,,
#REF!,NC_0439,,B2C,Signed,Expired,Fernanda Isabel,Ayala Rodriguez,,,,Studio Comfort,,1,Student,,9/3/2025,9/30/2025,,7/31/2026,€ 905.00,,,,,905,,75,,,304,10,yes,Jul-26,Belen Lopez,,Promo 10 meses,,Pago trimestral,750,,,750,75,,,,,,,,,,,,,,,,,,,,,,,,,,,,,,,,,,,,,,,,,,,,,,,,,,,,,,,,,,,,,,,,,,,,,,,,,,,,,,,,,,,,,,,,,,,,,,,,,,,,,,,,,,,,,,,,,,,,,,,,,,,,,,,,,
#REF!,NC_0472,,B2C,Signed,Expired,Rhiannon,Winslow,,,,Studio Standard + Terrace,,1,Worker,,9/3/2025,10/1/2025,,7/31/2026,€ 905.00,,,,,905,,,,,303,10,yes,Jul-26,Clara Moran,,,,Reserva Uniplaces,0,,,0,0,,,,,,,,,,,,,,,,,,,,,,,,,,,,,,,,,,,,,,,,,,,,,,,,,,,,,,,,,,,,,,,,,,,,,,,,,,,,,,,,,,,,,,,,,,,,,,,,,,,,,,,,,,,,,,,,,,,,,,,,,,,,,,,,,
#REF!,NC_0522,,B2C,Signed,Expired,Andres Fernando,Veiga Gonzalez,,,,Studio Comfort,,1,Worker,,9/24/2025,9/22/2025,,7/31/2026,€ 905.00,,Renovation,NC_1682,,905,,75,,,312,10,No,Jul-26,Clara Moran,,,,,,,,,,,,,,,,,,,,,,,,,,,,,,,,,,,,,,,,,,,,,,,,,,,,,,,,,,,,,,,,,,,,,,,,,,,,,,,,,,,,,,,,,,,,,,,,,,,,,,,,,,,,,,,,,,,,,,,,,,,,,,,,,,,,,,,,,,
#REF!,NC_0821,,B2C,Signed,Expired,Gregorio,Leano,,,Corinne Debal Arias,Studio Standard + Terrace,,1,Student,,12/5/2025,2/1/2026,,7/31/2026,"€ 1,030.00",,Renovation,NC_1672,,"1,030",,,,,180,6,yes,Jul-26,Jaime Orna,,,,Pago Trimestral,0,,,0,0,,,,,,,,,,,,,,,,,,,,,,,,,,,,,,,,,,,,,,,,,,,,,,,,,,,,,,,,,,,,,,,,,,,,,,,,,,,,,,,,,,,,,,,,,,,,,,,,,,,,,,,,,,,,,,,,,,,,,,,,,,,,,,,,,
#REF!,NC_0839,,B2C,Signed,Expired,Delia-Ioana,Onciu,,,,Studio Rooftop,,1,Worker,,12/14/2025,4/28/2026,4/26/2027,7/31/2026,€ 960.00,,,,,"1,010",Adenda Firmada,,,0.1,363,3,yes,Jul-26,Belen Lopez,,Promo 10% Descuento Renovación,,Renovación,0,"1,010 €",,303,101,,,,,,,,,,,,,,,,,,,,,,,,,,,,,,,,,,,,,,,,,,,,,,,,,,,,,,,,,,,,,,,,,,,,,,,,,,,,,,,,,,,,,,,,,,,,,,,,,,,,,,,,,,,,,,,,,,,,,,,,,,,,,,,,,
#REF!,NC_0948,,B2C,Signed,Expired,Josefina,Soto Fux,Milene Valentina,Nambrard Esparza,,2 Bed Rooftop (2/2),,2,Student,Student,1/26/2026,1/26/2026,,7/31/2026,"€ 1,730.00",,,,,"1,730",,,,,186,6,yes,Jul-26,Belen Lopez,,,,Pago trimestral,0,,,0,0,,,,,,,,,,,,,,,,,,,,,,,,,,,,,,,,,,,,,,,,,,,,,,,,,,,,,,,,,,,,,,,,,,,,,,,,,,,,,,,,,,,,,,,,,,,,,,,,,,,,,,,,,,,,,,,,,,,,,,,,,,,,,,,,,
#REF!,NC_1033,,B2C,Signed,Expired,Franziska,Schradi,,,,Studio Rooftop,,1,Worker,,2/13/2026,2/15/2026,8/15/2026,7/31/2026,"€ 1,100.00",Y,Renovation,NC_1596,,"1,100",Adenda Firmada,,,,181,5,yes,Jul-26,Belen Lopez,,,,Pago trimestral,,,,,,,,,,,,,,,,,,,,,,,,,,,,,,,,,,,,,,,,,,,,,,,,,,,,,,,,,,,,,,,,,,,,,,,,,,,,,,,,,,,,,,,,,,,,,,,,,,,,,,,,,,,,,,,,,,,,,,,,,,,,,,,,,,,,,,
#REF!,NC_1076,,B2C,Signed,Expired,Gonçalo Jose,Andrade dos Santos Fernandes,,,,Studio Comfort,,1,Student,,2/25/2026,6/30/2026,,7/31/2026,€ 640.00,,,,,"1,280",,,,,31,1,yes,Jul-26,Clara Moran,,,,Reserva directa,,,,,,,,,,,,,,,,,,,,,,,,,,,,,,,,,,,,,,,,,,,,,,,,,,,,,,,,,,,,,,,,,,,,,,,,,,,,,,,,,,,,,,,,,,,,,,,,,,,,,,,,,,,,,,,,,,,,,,,,,,,,,,,,,,,,,,
#REF!,NC_1127,,B2C,Signed,Expired,Ye,Yating,,,,Studio Comfort,,1,Worker,,3/10/2026,4/10/2026,,7/31/2026,"€ 1,095.00",,Renovation,NC_1689,,"1,095",,,,,112,4,yes,Jul-26,Jaime Orna,,Parking Gratis,,Pago Trimestral,,,,,,,,,,,,,,,,,,,,,,,,,,,,,,,,,,,,,,,,,,,,,,,,,,,,,,,,,,,,,,,,,,,,,,,,,,,,,,,,,,,,,,,,,,,,,,,,,,,,,,,,,,,,,,,,,,,,,,,,,,,,,,,,,,,,,,
#REF!,NC_1156,,B2C,Signed,Expired,Rodrigo Andres,Velazquez Ticona,,,,Studio Comfort,,1,Worker,,3/19/2026,3/22/2026,,7/31/2026,"€ 1,090.00",,,,,"1,090",,,,,131,4,yes,Jul-26,Clara Moran,,Parking gratis,,,0,,,0,0,,,,,,,,,,,,,,,,,,,,,,,,,,,,,,,,,,,,,,,,,,,,,,,,,,,,,,,,,,,,,,,,,,,,,,,,,,,,,,,,,,,,,,,,,,,,,,,,,,,,,,,,,,,,,,,,,,,,,,,,,,,,,,,,,
#REF!,NC_1183,,B2C,Signed,Expired,Ondrej,Marly,,,,Studio Standard + Terrace,,1,Worker,,3/20/2026,3/21/2026,,7/31/2026,"€ 1,090.00",,Renovation,NC_1617,,"1,090",,,,,132,4,yes,Jul-26,Clara Moran,,Parking gratis,,,0,,,0,0,,,,,,,,,,,,,,,,,,,,,,,,,,,,,,,,,,,,,,,,,,,,,,,,,,,,,,,,,,,,,,,,,,,,,,,,,,,,,,,,,,,,,,,,,,,,,,,,,,,,,,,,,,,,,,,,,,,,,,,,,,,,,,,,,
#REF!,NC_1327,,B2C,Signed,Expired,Raquel,Barrera Lozano,Sara,Barrera Lozano,,Studio Comfort,,2,Worker,Worker,5/4/2026,5/31/2026,,7/31/2026,€ 690.00,,,,,"1,380",,,,,61,2,yes,Jul-26,Belen Lopez,,1 plaza de parking gratis,,,0,,,0,0,,,,,,,,,,,,,,,,,,,,,,,,,,,,,,,,,,,,,,,,,,,,,,,,,,,,,,,,,,,,,,,,,,,,,,,,,,,,,,,,,,,,,,,,,,,,,,,,,,,,,,,,,,,,,,,,,,,,,,,,,,,,,,,,,
#REF!,NC_1586,,B2C,Signed,Expired,Paula,Castro Fraga,Tiago,Birenbaum,,Studio Comfort,,2,Worker,Worker,6/12/2026,6/15/2026,,7/31/2026,€ 690.00,,,,,"1,380",,,,,46,2,yes,Jul-26,Belen Lopez,,,,Deposito por stripe,0,,,0,0,,,,,,,,,,,,,,,,,,,,,,,,,,,,,,,,,,,,,,,,,,,,,,,,,,,,,,,,,,,,,,,,,,,,,,,,,,,,,,,,,,,,,,,,,,,,,,,,,,,,,,,,,,,,,,,,,,,,,,,,,,,,,,,,,
#REF!,NC_1611,,B2B2C,Signed,Expired,Ricardo,Pareschi,,,,Studio Standard + Terrace,,1,Worker,,6/19/2026,6/21/2026,,7/31/2026,€ 0.00,,,,,"1,280",,,,,40,1,yes,Jul-26,Clara Moran,,,,AIRBNB,0,,,0,0,,,,,,,,,,,,,,,,,,,,,,,,,,,,,,,,,,,,,,,,,,,,,,,,,,,,,,,,,,,,,,,,,,,,,,,,,,,,,,,,,,,,,,,,,,,,,,,,,,,,,,,,,,,,,,,,,,,,,,,,,,,,,,,,,
#REF!,NC_1632,,B2C,Signed,Expired,Roberto,Pezzali,,,,Studio Comfort,,1,Worker,,6/26/2026,6/30/2026,,7/31/2026,€ 640.00,,Renovation,NC_1746,,"1,280",,,,,31,1,yes,Jul-26,Clara Moran,,,,Reserva Directa,0,,,0,0,,,,,,,,,,,,,,,,,,,,,,,,,,,,,,,,,,,,,,,,,,,,,,,,,,,,,,,,,,,,,,,,,,,,,,,,,,,,,,,,,,,,,,,,,,,,,,,,,,,,,,,,,,,,,,,,,,,,,,,,,,,,,,,,,
#REF!,NC_1641,,B2C,Signed,Expired,Alba Maria,Cascales Lopez,,,,Studio Standard + Terrace,,1,Worker,,6/30/2026,6/30/2026,,7/31/2026,€ 905.00,,,,,"1,280",,,,,31,1,yes,Jul-26,Belen Lopez,,,,Renovacion,,,0,0,,,,,,,,,,,,,,,,,,,,,,,,,,,,,,,,,,,,,,,,,,,,,,,,,,,,,,,,,,,,,,,,,,,,,,,,,,,,,,,,,,,,,,,,,,,,,,,,,,,,,,,,,,,,,,,,,,,,,,,,,,,,,,,,,,
,,,,,,,,,,,,,,,,,,,,,,,,,,,,,,,,,,,,,,,,,,,,,,,,,,,,,,,,,,,,,,,,,,,,,,,,,,,,,,,,,,,,,,,,,,,,,,,,,,,,,,,,,,,,,,,,,,,,,,,,,,,,,,,,,,,,,,,,,,,,,,,,,,,,,,,,,,,,,,,,,,,,,,,,,,,,
,,,,,,,,,,,,,,,,,,,,,,,,,,,,,,,,,,,,,airbnb,,,,,,,,,,,,,,,,,,,,,,,,,,,,,,,,,,,,,,,,,,,,,,,,,,,,,,,,,,,,,,,,,,,,,,,,,,,,,,,,,,,,,,,,,,,,,,,,,,,,,,,,,,,,,,,,,,,,,,,,,,,,,,,,,,,,,,,
,,,,,,,,,,,,,,,,,,,,,,,,,,,,,,,,,,,,,,,,,,,,,,,,,,,,,,,,,,,,,,,,,,,,,,,,,,,,,,,,,,,,,,,,,,,,,,,,,,,,,,,,,,,,,,,,,,,,,,,,,,,,,,,,,,,,,,,,,,,,,,,,,,,,,,,,,,,,,,,,,,,,,,,,,,,,
,,,,,,,,,,,,,,,,,,,,,,,,,,,,,,,,,,,,,,,,,,,,,,,,,,,,,,,,,,,,,,,,,,,,,,,,,,,,,,,,,,,,,,,,,,,,,,,,,,,,,,,,,,,,,,,,,,,,,,,,,,,,,,,,,,,,,,,,,,,,,,,,,,,,,,,,,,,,,,,,,,,,,,,,,,,,
,,,,,,,,,,,,,,,,,,,,,,,,,,,,,,,,,,,,,,,,,,,,,,,,,,,,,,,,,,,,,,,,,,,,,,,,,,,,,,,,,,,,,,,,,,,,,,,,,,,,,,,,,,,,,,,,,,,,,,,,,,,,,,,,,,,,,,,,,,,,,,,,,,,,,,,,,,,,,,,,,,,,,,,,,,,,
,,,,,,,,,,,,,,,,,,,,,,,,,,,,,,,,,,,,,,,,,,,,,,,,,,,,,,,,,,,,,,,,,,,,,,,,,,,,,,,,,,,,,,,,,,,,,,,,,,,,,,,,,,,,,,,,,,,,,,,,,,,,,,,,,,,,,,,,,,,,,,,,,,,,,,,,,,,,,,,,,,,,,,,,,,,,
,,,,,,,,,,,,,,,,,,,,,,,,,,,,,,,,,,,,,,,,,,,,,,,,,,,,,,,,,,,,,,,,,,,,,,,,,,,,,,,,,,,,,,,,,,,,,,,,,,,,,,,,,,,,,,,,,,,,,,,,,,,,,,,,,,,,,,,,,,,,,,,,,,,,,,,,,,,,,,,,,,,,,,,,,,,,
,,,,,,,,,,,,,,,,,,,,,,,,,,,,,,,,,,,,,,,,,,,,,,,,,,,,,,,,,,,,,,,,,,,,,,,,,,,,,,,,,,,,,,,,,,,,,,,,,,,,,,,,,,,,,,,,,,,,,,,,,,,,,,,,,,,,,,,,,,,,,,,,,,,,,,,,,,,,,,,,,,,,,,,,,,,,
,,,,,,,,,,,,,,,,,,,,,,,,,,,,,,,,,,,,,,,,,,,,,,,,,,,,,,,,,,,,,,,,,,,,,,,,,,,,,,,,,,,,,,,,,,,,,,,,,,,,,,,,,,,,,,,,,,,,,,,,,,,,,,,,,,,,,,,,,,,,,,,,,,,,,,,,,,,,,,,,,,,,,,,,,,,,
,,,,,,,,,,,,,,,,,,,,,,,,,,,,,,,,,,,,,,,,,,,,,,,,,,,,,,,,,,,,,,,,,,,,,,,,,,,,,,,,,,,,,,,,,,,,,,,,,,,,,,,,,,,,,,,,,,,,,,,,,,,,,,,,,,,,,,,,,,,,,,,,,,,,,,,,,,,,,,,,,,,,,,,,,,,,
,,,,,,,,,,,,,,,,,,,,,,,,,,,,,,,,,,,,,,,,,,,,,,,,,,,,,,,,,,,,,,,,,,,,,,,,,,,,,,,,,,,,,,,,,,,,,,,,,,,,,,,,,,,,,,,,,,,,,,,,,,,,,,,,,,,,,,,,,,,,,,,,,,,,,,,,,,,,,,,,,,,,,,,,,,,,
,,,,,,,,,,,,,,,,,,,,,,,,,,,,,,,,,,,,,,,,,,,,,,,,,,,,,,,,,,,,,,,,,,,,,,,,,,,,,,,,,,,,,,,,,,,,,,,,,,,,,,,,,,,,,,,,,,,,,,,,,,,,,,,,,,,,,,,,,,,,,,,,,,,,,,,,,,,,,,,,,,,,,,,,,,,,
,,,,,,,,,,,,,,,,,,,,,,,,,,,,,,,,,,,,,,,,,,,,,,,,,,,,,,,,,,,,,,,,,,,,,,,,,,,,,,,,,,,,,,,,,,,,,,,,,,,,,,,,,,,,,,,,,,,,,,,,,,,,,,,,,,,,,,,,,,,,,,,,,,,,,,,,,,,,,,,,,,,,,,,,,,,,
,,,,,,,,,,,,,,,,,,,,,,,,,,,,,,,,,,,,,,,,,,,,,,,,,,,,,,,,,,,,,,,,,,,,,,,,,,,,,,,,,,,,,,,,,,,,,,,,,,,,,,,,,,,,,,,,,,,,,,,,,,,,,,,,,,,,,,,,,,,,,,,,,,,,,,,,,,,,,,,,,,,,,,,,,,,,
,,,,,,,,,,,,,,,,,,,,,,,,,,,,,,,,,,,,,,,,,,,,,,,,,,,,,,,,,,,,,,,,,,,,,,,,,,,,,,,,,,,,,,,,,,,,,,,,,,,,,,,,,,,,,,,,,,,,,,,,,,,,,,,,,,,,,,,,,,,,,,,,,,,,,,,,,,,,,,,,,,,,,,,,,,,,
,,,,,,,,,,,,,,,,,,,,,,,,,,,,,,,,,,,,,,,,,,,,,,,,,,,,,,,,,,,,,,,,,,,,,,,,,,,,,,,,,,,,,,,,,,,,,,,,,,,,,,,,,,,,,,,,,,,,,,,,,,,,,,,,,,,,,,,,,,,,,,,,,,,,,,,,,,,,,,,,,,,,,,,,,,,,
,,,,,,,,,,,,,,,,,,,,,,,,,,,,,,,,,,,,,,,,,,,,,,,,,,,,,,,,,,,,,,,,,,,,,,,,,,,,,,,,,,,,,,,,,,,,,,,,,,,,,,,,,,,,,,,,,,,,,,,,,,,,,,,,,,,,,,,,,,,,,,,,,,,,,,,,,,,,,,,,,,,,,,,,,,,,
,,,,,,,,,,,,,,,,,,,,,,,,,,,,,,,,,,,,,,,,,,,,,,,,,,,,,,,,,,,,,,,,,,,,,,,,,,,,,,,,,,,,,,,,,,,,,,,,,,,,,,,,,,,,,,,,,,,,,,,,,,,,,,,,,,,,,,,,,,,,,,,,,,,,,,,,,,,,,,,,,,,,,,,,,,,,//
,,,,,,,,,,,,,,,,,,,,,,,,,,,,,,,,,,,,,,,,,,,,,,,,,,,,,,,,,,,,,,,,,,,,,,,,,,,,,,,,,,,,,,,,,,,,,,,,,,,,,,,,,,,,,,,,,,,,,,,,,,,,,,,,,,,,,,,,,,,,,,,,,,,,,,,,,,,,,,,,,,,,,,,,,,,,
,,,,,,,,,,,,,,,,,,,,,,,,,,,,,,,,,,,,,,,,,,,,,,,,,,,,,,,,,,,,,,,,,,,,,,,,,,,,,,,,,,,,,,,,,,,,,,,,,,,,,,,,,,,,,,,,,,,,,,,,,,,,,,,,,,,,,,,,,,,,,,,,,,,,,,,,,,,,,,,,,,,,,,,,,,,,
,,,,,,,,,,,,,,,,,,,,,,,,,,,,,,,,,,,,,,,,,,,,,,,,,,,,,,,,,,,,,,,,,,,,,,,,,,,,,,,,,,,,,,,,,,,,,,,,,,,,,,,,,,,,,,,,,,,,,,,,,,,,,,,,,,,,,,,,,,,,,,,,,,,,,,,,,,,,,,,,,,,,,,,,,,,,
,,,,,,,,,,,,,,,,,,,,,,,,,,,,,,,,,,,,,,,,,,,,,,,,,,,,,,,,,,,,,,,,,,,,,,,,,,,,,,,,,,,,,,,,,,,,,,,,,,,,,,,,,,,,,,,,,,,,,,,,,,,,,,,,,,,,,,,,,,,,,,,,,,,,,,,,,,,,,,,,,,,,,,,,,,,,
,,,,,,,,,,,,,,,,,,,,,,,,,,,,,,,,,,,,,,,,,,,,,,,,,,,,,,,,,,,,,,,,,,,,,,,,,,,,,,,,,,,,,,,,,,,,,,,,,,,,,,,,,,,,,,,,,,,,,,,,,,,,,,,,,,,,,,,,,,,,,,,,,,,,,,,,,,,,,,,,,,,,,,,,,,,,
,,,,,,,,,,,,,,,,,,,,,,,,,,,,,,,,,,,,,,,,,,,,,,,,,,,,,,,,,,,,,,,,,,,,,,,,,,,,,,,,,,,,,,,,,,,,,,,,,,,,,,,,,,,,,,,,,,,,,,,,,,,,,,,,,,,,,,,,,,,,,,,,,,,,,,,,,,,,,,,,,,,,,,,,,,,,
,,,,,,,,,,,,,,,,,,,,,,,,,,,,,,,,,,,,,,,,,,,,,,,,,,,,,,,,,,,,,,,,,,,,,,,,,,,,,,,,,,,,,,,,,,,,,,,,,,,,,,,,,,,,,,,,,,,,,,,,,,,,,,,,,,,,,,,,,,,,,,,,,,,,,,,,,,,,,,,,,,,,,,,,,,,,
,,,,,,,,,,,,,,,,,,,,,,,,,,,,,,,,,,,,,,,,,,,,,,,,,,,,,,,,,,,,,,,,,,,,,,,,,,,,,,,,,,,,,,,,,,,,,,,,,,,,,,,,,,,,,,,,,,,,,,,,,,,,,,,,,,,,,,,,,,,,,,,,,,,,,,,,,,,,,,,,,,,,,,,,,,,,
,,,,,,,,,,,,,,,,,,,,,,,,,,,,,,,,,,,,,,,,,,,,,,,,,,,,,,,,,,,,,,,,,,,,,,,,,,,,,,,,,,,,,,,,,,,,,,,,,,,,,,,,,,,,,,,,,,,,,,,,,,,,,,,,,,,,,,,,,,,,,,,,,,,,,,,,,,,,,,,,,,,,,,,,,,,,
,,,,,,,,,,,,,,,,,,,,,,,,,,,,,,,,,,,,,,,,,,,,,,,,,,,,,,,,,,,,,,,,,,,,,,,,,,,,,,,,,,,,,,,,,,,,,,,,,,,,,,,,,,,,,,,,,,,,,,,,,,,,,,,,,,,,,,,,,,,,,,,,,,,,,,,,,,,,,,,,,,,,,,,,,,,,
,,,,,,,,,,,,,,,,,,,,,,,,,,,,,,,,,,,,,,,,,,,,,,,,,,,,,,,,,,,,,,,,,,,,,,,,,,,,,,,,,,,,,,,,,,,,,,,,,,,,,,,,,,,,,,,,,,,,,,,,,,,,,,,,,,,,,,,,,,,,,,,,,,,,,,,,,,,,,,,,,,,,,,,,,,,,
,,,,,,,,,,,,,,,,,,,,,,,,,,,,,,,,,,,,,,,,,,,,,,,,,,,,,,,,,,,,,,,,,,,,,,,,,,,,,,,,,,,,,,,,,,,,,,,,,,,,,,,,,,,,,,,,,,,,,,,,,,,,,,,,,,,,,,,,,,,,,,,,,,,,,,,,,,,,,,,,,,,,,,,,,,,,
,,,,,,,,,,,,,,,,,,,,,,,,,,,,,,,,,,,,,,,,,,,,,,,,,,,,,,,,,,,,,,,,,,,,,,,,,,,,,,,,,,,,,,,,,,,,,,,,,,,,,,,,,,,,,,,,,,,,,,,,,,,,,,,,,,,,,,,,,,,,,,,,,,,,,,,,,,,,,,,,,,,,,,,,,,,,
,,,,,,,,,,,,,,,,,,,,,,,,,,,,,,,,,,,,,,,,,,,,,,,,,,,,,,,,,,,,,,,,,,,,,,,,,,,,,,,,,,,,,,,,,,,,,,,,,,,,,,,,,,,,,,,,,,,,,,,,,,,,,,,,,,,,,,,,,,,,,,,,,,,,,,,,,,,,,,,,,,,,,,,,,,,,/
,,,,,,,,,,,,,,,,,,,,,,,,,,,,,,,,,,,,,,,,,,,,,,,,,,,,,,,,,,,,,,,,,,,,,,,,,,,,,,,,,,,,,,,,,,,,,,,,,,,,,,,,,,,,,,,,,,,,,,,,,,,,,,,,,,,,,,,,,,,,,,,,,,,,,,,,,,,,,,,,,,,,,,,,,,,,
,,,,,,,,,,,,,,,,,,,,,,,,,,,,,,,,,,,,,,,,,,,,,,,,,,,,,,,,,,,,,,,,,,,,,,,,,,,,,,,,,,,,,,,,,,,,,,,,,,,,,,,,,,,,,,,,,,,,,,,,,,,,,,,,,,,,,,,,,,,,,,,,,,,,,,,,,,,,,,,,,,,,,,,,,,,,
,,,,,,,,,,,,,,,,,,,,,,,,,,,,,,,,,,,,,,,,,,,,,,,,,,,,,,,,,,,,,,,,,,,,,,,,,,,,,,,,,,,,,,,,,,,,,,,,,,,,,,,,,,,,,,,,,,,,,,,,,,,,,,,,,,,,,,,,,,,,,,,,,,,,,,,,,,,,,,,,,,,,,,,,,,,,
,,,,,,,,,,,,,,,,,,,,,,,,,,,,,,,,,,,,,,,,,,,,,,,,,,,,,,,,,,,,,,,,,,,,,,,,,,,,,,,,,,,,,,,,,,,,,,,,,,,,,,,,,,,,,,,,,,,,,,,,,,,,,,,,,,,,,,,,,,,,,,,,,,,,,,,,,,,,,,,,,,,,,,,,,,,,
,,,,,,,,,,,,,,,,,,,,,,,,,,,,,,,,,,,,,,,,,,,,,,,,,,,,,,,,,,,,,,,,,,,,,,,,,,,,,,,,,,,,,,,,,,,,,,,,,,,,,,,,,,,,,,,,,,,,,,,,,,,,,,,,,,,,,,,,,,,,,,,,,,,,,,,,,,,,,,,,,,,,,,,,,,,,
,,,,,,,,,,,,,,,,,,,,,,,,,,,,,,,,,,,,,,,,,,,,,,,,,,,,,,,,,,,,,,,,,,,,,,,,,,,,,,,,,,,,,,,,,,,,,,,,,,,,,,,,,,,,,,,,,,,,,,,,,,,,,,,,,,,,,,,,,,,,,,,,,,,,,,,,,,,,,,,,,,,,,,,,,,,,
,,,,,,,,,,,,,,,,,,,,,,,,,,,,,,,,,,,,,,,,,,,,,,,,,,,,,,,,,,,,,,,,,,,,,,,,,,,,,,,,,,,,,,,,,,,,,,,,,,,,,,,,,,,,,,,,,,,,,,,,,,,,,,,,,,,,,,,,,,,,,,,,,,,,,,,,,,,,,,,,,,,,,,,,,,,,
,,,,,,,,,,,,,,,,,,,,,,,,,,,,,,,,,,,,,,,,,,,,,,,,,,,,,,,,,,,,,,,,,,,,,,,,,,,,,,,,,,,,,,,,,,,,,,,,,,,,,,,,,,,,,,,,,,,,,,,,,,,,,,,,,,,,,,,,,,,,,,,,,,,,,,,,,,,,,,,,,,,,,,,,,,,,
,,,,,,,,,,,,,,,,,,,,,,,,,,,,,,,,,,,,,,,,,,,,,,,,,,,,,,,,,,,,,,,,,,,,,,,,,,,,,,,,,,,,,,,,,,,,,,,,,,,,,,,,,,,,,,,,,,,,,,,,,,,,,,,,,,,,,,,,,,,,,,,,,,,,,,,,,,,,,,,,,,,,,,,,,,,,
,,,,,,,,,,,,,,,,,,,,,,,,,,,,,,,,,,,,,,,,,,,,,,,,,,,,,,,,,,,,,,,,,,,,,,,,,,,,,,,,,,,,,,,,,,,,,,,,,,,,,,,,,,,,,,,,,,,,,,,,,,,,,,,,,,,,,,,,,,,,,,,,,,,,,,,,,,,,,,,,,,,,,,,,,,,,
,,,,,,,,,,,,,,,,,,,,,,,,,,,,,,,,,,,,,,,,,,,,,,,,,,,,,,,,,,,,,,,,,,,,,,,,,,,,,,,,,,,,,,,,,,,,,,,,,,,,,,,,,,,,,,,,,,,,,,,,,,,,,,,,,,,,,,,,,,,,,,,,,,,,,,,,,,,,,,,,,,,,,,,,,,,,
,,,,,,,,,,,,,,,,,,,,,,,,,,,,,,,,,,,,,,,,,,,,,,,,,,,,,,,,,,,,,,,,,,,,,,,,,,,,,,,,,,,,,,,,,,,,,,,,,,,,,,,,,,,,,,,,,,,,,,,,,,,,,,,,,,,,,,,,,,,,,,,,,,,,,,,,,,,,,,,,,,,,,,,,,,,,
,,,,,,,,,,,,,,,,,,,,,,,,,,,,,,,,,,,,,,,,,,,,,,,,,,,,,,,,,,,,,,,,,,,,,,,,,,,,,,,,,,,,,,,,,,,,,,,,,,,,,,,,,,,,,,,,,,,,,,,,,,,,,,,,,,,,,,,,,,,,,,,,,,,,,,,,,,,,,,,,,,,,,,,,,,,,
,,,,,,,,,,,,,,,,,,,,,,,,,,,,,,,,,,,,,,,,,,,,,,,,,,,,,,,,,,,,,,,,,,,,,,,,,,,,,,,,,,,,,,,,,,,,,,,,,,,,,,,,,,,,,,,,,,,,,,,,,,,,,,,,,,,,,,,,,,,,,,,,,,,,,,,,,,,,,,,,,,,,,,,,,,,,
,,,,,,,,,,,,,,,//,,,,,,,,,,,,,,,,,,,,,,,,,,,,,,,,,,,,,,,,,,,,,,,,,,,,,,,,,,,,,,,,,,,,,,,,,,,,,,,,,,,,,,,,,,,,,,,,,,,,,,,,,,,,,,,,,,,,,,,,,,,,,,,,,,,,,,,,,,,,,,,,,,,,,,,,,,,,,
,,,,,,,,,,,,,,,,,,,,,,,,,,,,,,,,,,,,,,,,,,,,,,,,,,,,,,,,,,,,,,,,,,,,,,,,,,,,,,,,,,,,,,,,,,,,,,,,,,,,,,,,,,,,,,,,,,,,,,,,,,,,,,,,,,,,,,,,,,,,,,,,,,,,,,,,,,,,,,,,,,,,,,,,,,,,
,,,,,,,,,,,,,,,,,,,,,,,,,,,,,,,,,,,,,,,,,,,,,,,,,,,,,,,,,,,,,,,,,,,,,,,,,,,,,,,,,,,,,,,,,,,,,,,,,,,,,,,,,,,,,,,,,,,,,,,,,,,,,,,,,,,,,,,,,,,,,,,,,,,,,,,,,,,,,,,,,,,,,,,,,,,,
,,,,,,,,,,,,,/,,,,,,,,,,,,,,,,,,,,,,,,,,,,,,,,,,,,,,,,,,,,,,,,,,,,,,,,,,,,,,,,,,,,,,,,,,,,,,,,,,,,,,,,,,,,,,,,,,,,,,,,,,,,,,,,,,,,,,,,,,,,,,,,,,,,,,,,,,,,,,,,,,,,,,,,,,,,,,,
,,,,,,,,,,,,,/,,,,,,,,,,,,,,,,,,,,,,,,,,,,,,,,,,,,,,,,,,,,,,,,,,,,,,,,,,,,,,,,,,,,,,,,,,,,,,,,,,,,,,,,,,,,,,,,,,,,,,,,,,,,,,,,,,,,,,,,,,,,,,,,,,,,,,,,,,,,,,,,,,,,,,,,,,,,,,,